file,year,max_sqft
19647336057996.txt,1965,
33671736108443.txt,1965,
19649076021901.txt,1965,
04755076003156.txt,1965,
30736430121152.txt,1965,
37680236037840.txt,1965,
57726786118905.txt,1965,
30736506108799.txt,1965,
37681303737905.txt,1965,
42750106045389.txt,1965,
16638750101717.txt,1965,
45699896050314.txt,1965,
43696666048474.txt,1965,
03739816002877.txt,1965,
19645276013312.txt,1965,
34673480100040.txt,1965,
57727106071278.txt,1965,
14101400117994.txt,1965,
54722310100495.txt,1965,
19734376012298.txt,1965,
19647330122739.txt,1965,
19647330136994.txt,1965,
30666706115133.txt,1965,
43694274330312.txt,1965,
52716216053631.txt,1965,
36678766036859.txt,1965,
34674396033823.txt,1965,
19734606023386.txt,1965,
56725200139626.txt,1965,
19647330124412.txt,1965,
31669106106108.txt,1965,
36678766061915.txt,1965,
19648166020788.txt,1965,
19647336058333.txt,1965,
01751016108971.txt,1965,
19647336018717.txt,1965,
19647336018071.txt,1965,
19647330129650.txt,1965,
19646670125559.txt,1965,
41690706068282.txt,1965,
54720256054183.txt,1864,
10621666103832.txt,1965,
30664640140061.txt,1965,
36678436059422.txt,1965,
19647336019384.txt,1965,
57726786056303.txt,1965,
30665066028120.txt,1957,
51714646053359.txt,1965,
10624140141291.txt,1965,
36675870107425.txt,1965,
37680236116859.txt,1965,
30664236027387.txt,1965,
47104700137372.txt,1965,
10621661030287.txt,1965,
19650606023196.txt,1965,
33670336107668.txt,1965,
49709536052260.txt,1965,
19649986022701.txt,1965,
41689160112284.txt,1965,
30664643030798.txt,1965,
10621666057293.txt,1965,
50712906053086.txt,1965,
19647336016935.txt,1965,
56737596084933.txt,1965,
19647330109231.txt,1965,
56724545632021.txt,1965,
30736506095137.txt,1965,
37103710138792.txt,1965,
15633216008999.txt,1965,
34765050113878.txt,1965,
57105790113787.txt,1965,
56725616055529.txt,1965,
36750696037246.txt,1965,
34674470112169.txt,1958,
51714646053417.txt,1965,
48705656051270.txt,1965,
50712175030127.txt,1965,
36677776036040.txt,1965,
47736846050843.txt,1965,
30736506100879.txt,1965,
28662666026876.txt,1965,
10623646115224.txt,1965,
19647336019145.txt,1965,
29102982930147.txt,1965,
37683380129395.txt,1965,
19646346014575.txt,1954,
43696906049258.txt,1965,
57727106066260.txt,1965,
42692296060016.txt,1965,
43694270132274.txt,1965,
01612596002117.txt,1965,
41689166043806.txt,1965,
33736766108906.txt,1965,
39686763932654.txt,1965,
42692116045546.txt,1965,
40104054030078.txt,1965,
01611926113815.txt,1965,
43694274330676.txt,1965,
19647336018501.txt,1965,
09618530934554.txt,1965,
37683386040091.txt,1965,
19647256015242.txt,1965,
39686506042477.txt,1965,
43104390123794.txt,1965,
44698234430187.txt,1965,
34674390133777.txt,1965,
47704250131102.txt,1965,
33751766032064.txt,1965,
50736010124073.txt,1965,
36739573631108.txt,1965,
01612006001317.txt,1965,
07617540737809.txt,1965,
30665896029193.txt,1965,
34673486114185.txt,1965,
01612590108944.txt,1965,
30664566027577.txt,1965,
43695266047526.txt,1965,
01751016066500.txt,1965,
30665556028922.txt,1965,
36676786111710.txt,1965,
30103060139352.txt,1965,
56768286055610.txt,1965,
43693930106005.txt,1965,
37683876112353.txt,1965,
07618046005136.txt,1965,
36676780100578.txt,1965,
30103063030632.txt,1965,
21653596024343.txt,1965,
23656156025274.txt,1965,
54768366110290.txt,1965,
30736436030662.txt,1965,
19647336019186.txt,1965,
34674390101048.txt,1965,
47764556050728.txt,1965,
34674136033641.txt,1965,
07617396003826.txt,1965,
37103710120485.txt,1965,
19768690119636.txt,1965,
40687006042949.txt,1961,
43694196046981.txt,1965,
50712176060297.txt,1965,
43694196046759.txt,1965,
39754996042881.txt,1965,
41690396044812.txt,1965,
56726526056055.txt,1965,
10622650126292.txt,1965,
19647336115794.txt,1965,
41689086043681.txt,1965,
30665896029144.txt,1965,
19648656021331.txt,1965,
24753176025423.txt,1965,
36677856036057.txt,1965,
44754324430211.txt,1965,
30664310140707.txt,1965,
42693284230074.txt,1965,
50710430107136.txt,1965,
31750856109870.txt,1965,
15633136008817.txt,1965,
07618046089130.txt,1965,
34673306118574.txt,1965,
37682966070841.txt,1965,
53765135330014.txt,1965,
56725530101378.txt,1965,
19734370134338.txt,1965,
37683386099055.txt,1965,
15633210129171.txt,1965,
27661836026645.txt,1965,
19642616011175.txt,1965,
58727516056832.txt,1965,
34674393434768.txt,1965,
12628101233352.txt,1965,
54755235434113.txt,1965,
50710436052468.txt,1965,
19646676014740.txt,1965,
39754990114140.txt,1965,
33671246104582.txt,1965,
41689240127548.txt,1965,
10624306007314.txt,1965,
50710430109090.txt,1965,
39686766042501.txt,1965,
19647336017008.txt,1965,
07618046117485.txt,1965,
27660766026140.txt,1965,
15637506113484.txt,1965,
19647331933001.txt,1965,
50710430123679.txt,1965,
01611926000921.txt,1965,
19647336058051.txt,1965,
19647331995836.txt,1965,
07616486061154.txt,1965,
30665306028831.txt,1965,
19647330124016.txt,1965,
19647330134205.txt,1965,
31668520120105.txt,1965,
37683386039432.txt,1965,
37683380121681.txt,1965,
19647330126615.txt,1965,
54722310125211.txt,1965,
33671730127316.txt,1965,
39767600139956.txt,1965,
09737830930073.txt,1965,
19647176015051.txt,1965,
01613096002539.txt,1965,
36677360130948.txt,1965,
19642876011373.txt,1965,
19649806022594.txt,1965,
01612596072235.txt,1965,
36678766037170.txt,1965,
19101991933399.txt,1965,
19647336015804.txt,1965,
30736356094676.txt,1965,
43694196067185.txt,1965,
50711676052625.txt,1965,
41690470135814.txt,1965,
30666216096333.txt,1965,
19647336019780.txt,1965,
43694356047179.txt,1965,
01612596113807.txt,1965,
37679916037634.txt,1965,
56726526056121.txt,1965,
48705736060180.txt,1965,
41689244137535.txt,1965,
39686500108035.txt,1965,
19647336019970.txt,1965,
01613096002505.txt,1965,
19645271932698.txt,1965,
19647330112201.txt,1965,
41690396044796.txt,1965,
43693856046494.txt,1965,
19647336015838.txt,1965,
37683386106173.txt,1965,
33751926112098.txt,1965,
36750510138107.txt,1965,
34674396034235.txt,1965,
30736506115455.txt,1965,
07617626108765.txt,1965,
19757131934553.txt,1965,
15638591530351.txt,1965,
19734526022248.txt,1965,
39686766042717.txt,1965,
31750853130218.txt,1965,
20755800140665.txt,1965,
36678430110569.txt,1965,
49708624935151.txt,1965,
16638911632140.txt,1965,
30666706119127.txt,1965,
43104390119024.txt,1965,
56725206055248.txt,1965,
19647336019541.txt,1965,
19645686013734.txt,1965,
19648656116172.txt,1965,
39685933935111.txt,1965,
33751766071203.txt,1965,
19647336018139.txt,1965,
10751270129163.txt,1965,
39685936042311.txt,1965,
33670333330701.txt,1965,
06616146003537.txt,1965,
33671243333762.txt,1965,
37681713733219.txt,1965,
19647336017222.txt,1965,
37682216108559.txt,1965,
23656072330272.txt,1965,
19734370115725.txt,1965,
19650526022925.txt,1965,
19645016013270.txt,1965,
33671240102731.txt,1965,
43694500123299.txt,1965,
01612596001754.txt,1965,
19647330126417.txt,1965,
37683386039630.txt,1965,
19647336018105.txt,1965,
34674476034383.txt,1965,
30664313036712.txt,1965,
15637926010102.txt,1965,
49706564930855.txt,1965,
14766871430057.txt,1965,
07616300731125.txt,1965,
31669100139857.txt,1965,
30665226028815.txt,1965,
30665066028054.txt,1951,
33752420100941.txt,1965,
19647336120471.txt,1965,
56725386055354.txt,1965,
30666700108373.txt,1965,
37683386115331.txt,1965,
19647336019582.txt,1965,
19647336016869.txt,1965,
19753090131383.txt,1965,
19648576111546.txt,1965,
42691206046064.txt,1965,
56726035634993.txt,1965,
36676786035513.txt,1965,
01612346001523.txt,1965,
36677026112114.txt,1965,
19647330112003.txt,1965,
42692296045645.txt,1965,
27660926118962.txt,1965,
19642461995398.txt,1965,
33672156032635.txt,1965,
19753416022008.txt,1965,
37683380106799.txt,1965,
34673226033138.txt,1965,
37682050141499.txt,1965,
34674396034037.txt,1965,
15636930113738.txt,1965,
19644366012587.txt,1965,
19734376012306.txt,1965,
30739243033917.txt,1965,
29663570124834.txt,1965,
19647336061410.txt,1965,
34674476034433.txt,1965,
19647336017586.txt,1965,
36677776106579.txt,1965,
19647336058291.txt,1965,
50711676097752.txt,1965,
37679836115315.txt,1965,
19643941931807.txt,1965,
19645681996131.txt,1965,
13632306008650.txt,1965,
34674396033765.txt,1965,
30664726027700.txt,1965,
56725610113977.txt,1965,
43696414335782.txt,1965,
38684783834082.txt,1965,
04614246003032.txt,1965,
01612910134528.txt,1965,
33103300125237.txt,1965,
56726036060362.txt,1965,
30736353030509.txt,1965,
39685856042188.txt,1965,
37684113731304.txt,1965,
56725460136804.txt,1965,
37684526040653.txt,1965,
54105465430327.txt,1965,
30665226028633.txt,1965,
15739080133504.txt,1965,
54721816054407.txt,1965,
19651020125690.txt,1965,
56737590119396.txt,1965,
01611196090013.txt,1965,
19647256015135.txt,1965,
15634046111355.txt,1965,
33669933330842.txt,1965,
38684786040984.txt,1965,
41689816044275.txt,1965,
37683386039143.txt,1965,
19647336017545.txt,1965,
19101990134361.txt,1965,
51713735132758.txt,1965,
19647330106922.txt,1965,
42691120137885.txt,1965,
10621666006142.txt,1965,
37679916112890.txt,1965,
30664493030624.txt,1965,
36677366107072.txt,1965,
01611766000749.txt,1965,
38684786040760.txt,1965,
37681896038368.txt,1965,
34765056105985.txt,1965,
07617880735407.txt,1965,
37683386040133.txt,1965,
19642461936624.txt,1965,
19647906020432.txt,1965,
37682966111306.txt,1965,
10739656112775.txt,1965,
33736766117774.txt,1965,
37683386039382.txt,1965,
19646916014930.txt,1965,
23655576116669.txt,1965,
19647336058093.txt,1965,
10767786005748.txt,1965,
39754993938008.txt,1965,
34674476034631.txt,1965,
19647336017784.txt,1965,
19648576118749.txt,1965,
33670336116412.txt,1965,
27659616109466.txt,1965,
34674136033708.txt,1965,
10624146007215.txt,1965,
30736353030079.txt,1965,
34673146033021.txt,1965,
44772480138909.txt,1965,
42691466060008.txt,1965,
19647176015044.txt,1965,
50755645031950.txt,1965,
19647336110969.txt,1965,
19647336017974.txt,1965,
07617960730291.txt,1965,
37681146096911.txt,1965,
30666700101626.txt,1965,
37682966038970.txt,1965,
19650946023410.txt,1965,
12768020124164.txt,1965,
14766870119081.txt,1965,
19642876011399.txt,1965,
36678760109488.txt,1965,
43694926047351.txt,1881,4600
09737830930099.txt,1965,
49706986051726.txt,1965,
07617960735316.txt,1965,
19647336058044.txt,1965,
21654172132264.txt,1965,
37683386039341.txt,1965,
23752186025118.txt,1965,
10623646007033.txt,1965,
48705816051411.txt,1965,
19734370140533.txt,1965,
42691206045975.txt,1965,
30665226028419.txt,1965,
42692600141168.txt,1965,
43693936046619.txt,1965,
19644446012660.txt,1965,
07618046005094.txt,1965,
19647336016471.txt,1965,
39685696105738.txt,1965,
19648816021752.txt,1965,
19647176015093.txt,1965,
40688096043301.txt,1965,
04615316112999.txt,1965,
19647336019756.txt,1965,
37684520126300.txt,1965,
38684783830031.txt,1965,
37683386106199.txt,1965,
01613090137745.txt,1965,
43695186047377.txt,1965,
50736016025753.txt,1965,
30665896029151.txt,1965,
37683383734431.txt,1965,
33671730105767.txt,1965,
36679593638509.txt,1965,
19757136011043.txt,1965,
15636936118681.txt,1965,
01612590114363.txt,1965,
50711676107023.txt,1965,
19643371996230.txt,1965,
50710760101493.txt,1965,
07616976003685.txt,1965,
37683383731213.txt,1965,
37679916037741.txt,1965,
19734601932862.txt,1965,
04614996003198.txt,1962,
15638006010136.txt,1965,
37683380124115.txt,1965,
36678436036594.txt,1965,
19647336017800.txt,1965,
10751271030493.txt,1965,
19647330111641.txt,1965,
17640301730019.txt,1965,
50712826053060.txt,1965,
37681633731239.txt,1965,
33671246109110.txt,1965,
25735936025894.txt,1965,
30736436030688.txt,1965,
15635606009674.txt,1965,
10621666117477.txt,1965,
27659616025985.txt,1965,
06100660630111.txt,1965,
20764142030237.txt,1965,
54719446054092.txt,1965,
54755235430228.txt,1965,
40687590110486.txt,1965,
19647256015531.txt,1965,
19647336016539.txt,1965,
36678506105704.txt,1965,
30665226028237.txt,1965,
19647330120477.txt,1965,
36676780100586.txt,1965,
19768696023816.txt,1965,
11754816007470.txt,1965,
04614240431502.txt,1965,
37680230105957.txt,1965,
34674470120469.txt,1965,
19734376066732.txt,1965,
19647336019178.txt,1965,
24656316025365.txt,1965,
37679676118723.txt,1965,
20652432035707.txt,1965,
08618206005425.txt,1965,
49709126052104.txt,1965,
29768776111371.txt,1965,
48705736109094.txt,1965,
33736763330354.txt,1965,
21654586058622.txt,1965,
19647336016505.txt,1965,
13631236108823.txt,1965,
42767864232690.txt,1965,
19645271932706.txt,1965,
43696416048235.txt,1965,
24656982430106.txt,1965,
34673146061808.txt,1965,
56726526056097.txt,1965,
43696176067227.txt,1965,
39754996042857.txt,1965,
43694196046957.txt,1965,
35674706112320.txt,1965,
42692116045553.txt,1965,
32103226117360.txt,1965,
19651026110837.txt,1965,
48705406100754.txt,1965,
30665143037348.txt,1965,
34674396099808.txt,1965,
30736356095145.txt,1965,
33752426111447.txt,1965,
37681976038525.txt,1965,
32669693232006.txt,1965,
36750773631207.txt,1965,
10621666068704.txt,1965,
54722565434527.txt,1965,
36750696037253.txt,1965,
19734376012272.txt,1965,
33671246105514.txt,1965,
07616486113104.txt,1965,
40688414030128.txt,1965,
44698156049886.txt,1965,
36678506036669.txt,1965,
15633886104772.txt,1965,
40687004030755.txt,1965,
19647336018931.txt,1965,
10622656006795.txt,1965,
31668456031173.txt,1965,
30666706030365.txt,1965,
19647746020291.txt,1965,
15635036009591.txt,1965,
33669930141366.txt,1965,
16639176010425.txt,1965,
18642041838507.txt,1965,
37681303730702.txt,1965,
33670826109805.txt,1965,
54722316108385.txt,1965,
48705404830451.txt,1947,
19647336057954.txt,1965,
01771800138289.txt,1965,
54722566054548.txt,1965,
41690620126722.txt,1965,
49707226051767.txt,1965,
01611436090310.txt,1965,
40688096067102.txt,1965,
19734606023378.txt,1965,
36677026108005.txt,1965,
19648166020762.txt,1965,
01612596001812.txt,1965,
10621661030279.txt,1965,
33672156032783.txt,1965,
33670826110415.txt,1965,
34674396107239.txt,1965,
19643116011779.txt,1965,
36750513630696.txt,1965,
54721326054365.txt,1965,
36676373631066.txt,1965,
37684116117154.txt,1965,
41690136044671.txt,1965,
01612346001481.txt,1965,
43697086049449.txt,1965,
10101080109991.txt,1965,
37684520100933.txt,1965,
07618040736819.txt,1965,
36677360136069.txt,1965,
20651856024111.txt,1965,
37680806117709.txt,1965,
15633210139808.txt,1965,
37684113731502.txt,1965,
16739326010565.txt,1965,
30664236027379.txt,1965,
50712906071583.txt,1965,
21654176058614.txt,1965,
52714726066328.txt,1965,
19647336019434.txt,1965,
49709200102533.txt,1965,
30664236027437.txt,1965,
07618126005185.txt,1965,
36677100108191.txt,1965,
37680076037766.txt,1965,
19647336016075.txt,1965,
36677776035992.txt,1965,
42692600116434.txt,1965,
42691046045256.txt,1965,
15633216008973.txt,1965,
15751686009476.txt,1965,
07617880730184.txt,1965,
33752423330560.txt,1965,
29663572930071.txt,1965,
19649806022636.txt,1965,
30664313030228.txt,1965,
19647336019350.txt,1965,
37680236037857.txt,1965,
19650456107205.txt,1965,
38684783830437.txt,1965,500
36677776035984.txt,1965,
37680806095046.txt,1965,
19646670133462.txt,1965,
30664236027353.txt,1965,
15633216008965.txt,1965,
19645686013643.txt,1949,
24736196103766.txt,1965,
19643116011753.txt,1965,
19647336016711.txt,1965,
36677106035836.txt,1965,
09618380137919.txt,1965,
39685696104020.txt,1965,
54722566054589.txt,1965,
34674473430493.txt,1965,
07618126005193.txt,1965,
37683386039747.txt,1965,
37684520100925.txt,1965,
19648736021380.txt,1965,
30665976029326.txt,1965,
16739326010573.txt,1965,
31668520121608.txt,1965,
47764554733309.txt,1965,
42692290100651.txt,1965,
56738745630256.txt,1965,
24657892430049.txt,1965,
01611760135244.txt,1965,
31669280141622.txt,1965,
37680076037758.txt,1965,
37683386039960.txt,1965,
19647330124388.txt,1965,
36750696037279.txt,1965,
01611766000830.txt,1965,
19647330125096.txt,1965,
30664726027676.txt,1965,
37681303730066.txt,1965,
30664986027999.txt,1965,
19647331930866.txt,1965,
31668456031165.txt,1965,
07618046108161.txt,1965,
33670903334687.txt,1965,
19651361996263.txt,1965,
07617960136903.txt,1965,
05615640531509.txt,1965,
30666706030415.txt,1965,
16639176010433.txt,1965,
01612346001440.txt,1965,
30664646111835.txt,1965,
19734376012264.txt,1965,
01611276116222.txt,1965,
19647330108886.txt,1965,
01612596001838.txt,1949,
30666216097364.txt,1965,
33672156032742.txt,1965,
15635030116715.txt,1965,
19734606023352.txt,1965,
30664646120356.txt,1965,
19648730141739.txt,1965,
36677773638616.txt,1965,
34673140137281.txt,1965,
44104470136572.txt,1965,
30665223033578.txt,1965,
04100410139493.txt,1965,
19647336017396.txt,1965,
37681976038533.txt,1965,
37680986038186.txt,1965,
30666700106567.txt,1965,
19734456014294.txt,1965,
34673303431533.txt,1965,
57727100101162.txt,1965,
37680986105944.txt,1965,
19647336019152.txt,1965,
36678760133892.txt,1965,
39685856098057.txt,1965,
33671576032353.txt,1965,
20652430134510.txt,1965,5250
16638910110858.txt,1965,
08618206005433.txt,1965,
54718116053854.txt,1965,
49709126052112.txt,1965,
24656316025373.txt,1965,
34674473430691.txt,1965,
33670906104491.txt,1965,
37680236095038.txt,1965,
49709126095459.txt,1965,
40688096043277.txt,1965,
36676110129452.txt,1965,
19644446012702.txt,1965,
19647336016513.txt,1965,
20652430118950.txt,1965,
36677856110050.txt,1965,
43696666048649.txt,1965,
19647336019608.txt,1965,
56725386111850.txt,1965,
19647336015754.txt,1965,
49709534930152.txt,1965,
27659616025993.txt,1965,
05615560530014.txt,1965,
27660920129239.txt,1965,
19647331934157.txt,1965,
36677856105449.txt,1965,
19645686099022.txt,1965,
37684113731064.txt,1965,
33751766120463.txt,1965,
01612596118616.txt,1965,
42693104231452.txt,1965,
57726940124875.txt,1965,
57726946120745.txt,1965,
33751926116438.txt,1965,
19643376066724.txt,1965,
19647330101444.txt,1965,
41689326043939.txt,1965,
15633216009104.txt,1965,
39685020126011.txt,1965,
19647250131938.txt,1965,
33671733330578.txt,1965,
34674473432051.txt,1965,
33671160116756.txt,1965,
58727365830096.txt,1965,
44697650100388.txt,1965,
11625966007454.txt,1965,
30736500129155.txt,1965,
36676786102974.txt,1965,
55724135530175.txt,1965,
37683380107094.txt,1965,
19647336017180.txt,1965,
54755235434931.txt,1965,
10739656006662.txt,1965,
15633216009138.txt,1965,
39685930101576.txt,1965,
34674393430519.txt,1965,
19101990115030.txt,1965,
19646676014757.txt,1965,
19647176015085.txt,1965,
34674473430097.txt,1965,
19650606023220.txt,1965,
10624141036086.txt,1965,
10738096005995.txt,1965,
19647336016315.txt,1965,
33670906105837.txt,1965,
33670336031736.txt,1965,
30666476085641.txt,1965,
01611760130062.txt,1965,
43694356117956.txt,1965,
01751010130583.txt,1965,
33751766111090.txt,1965,
33670330139782.txt,1965,
22655322230068.txt,1965,
19647256015309.txt,1935,
43696666060099.txt,1965,
30665226028369.txt,1965,
01100170131581.txt,1965,
07617546112395.txt,1965,
43694196046809.txt,1965,
51714645130018.txt,1965,
19646341936046.txt,1965,
19648816021778.txt,1965,
50710436052443.txt,1965,
16638916010334.txt,1965,
43693936046627.txt,1965,
30665226028427.txt,1965,
50711676052815.txt,1965,
30664640100917.txt,1965,
01612596057061.txt,1965,
49738826097059.txt,1965,
56739406055131.txt,1965,
20652430107938.txt,1965,
19647331932334.txt,1965,
21654172132272.txt,1965,
49104964930079.txt,1965,
15638420138701.txt,1965,
51714230132977.txt,1965,
15633216009070.txt,1965,
10621666006381.txt,1965,
37681060127241.txt,1965,
33670820102772.txt,1965,
30667466030720.txt,1965,
07618046117451.txt,1965,
50711346119002.txt,1965,
19734451935246.txt,1965,
50736015030036.txt,1965,
19647330135681.txt,1965,
07617546004246.txt,1965,
34674390101881.txt,1965,
41689166043756.txt,1965,
36679180108449.txt,1965,
19643521933951.txt,1965,
19647336017792.txt,1965,
43694356047146.txt,1965,
19647336058085.txt,1965,
37680980102590.txt,1965,
33670336116404.txt,1965,
43696666062103.txt,1965,
41690624135687.txt,1965,
16639740128702.txt,1965,
36750516035976.txt,1965,
19647906020424.txt,1965,
37684520111237.txt,1965,
33670330110106.txt,1965,
19646676109276.txt,1965,
37680236037923.txt,1965,
19647336016117.txt,1965,
01611196090039.txt,1965,
20652436107122.txt,1965,
36678506059455.txt,1965,
54722316116768.txt,1965,
19650606023022.txt,1965,
07617966119515.txt,1965,
39685856097760.txt,1965,
36677360139576.txt,1965,
54719026054027.txt,1965,
56726035636188.txt,1965,
44698074436754.txt,1965,
24657486025514.txt,1965,
33669930127142.txt,1965,
30665226028625.txt,1965,
19645766061329.txt,1965,
36678760109850.txt,1965,
30665636028971.txt,1965,
37684113731460.txt,1965,
07617136003727.txt,1965,
19644366012546.txt,1965,
43694846047336.txt,1965,
01611926056972.txt,1965,
41688666114771.txt,1965,
54722316106553.txt,1965,
19647331936350.txt,1965,
10621666057327.txt,1965,
36678760120568.txt,1965,
19647331932888.txt,1965,
19648810118075.txt,1965,
04614240431676.txt,1965,
19647330120071.txt,1965,
01611190119222.txt,1965,
07616300733725.txt,1965,
10621666006183.txt,1965,
43696256072177.txt,1965,
33670820106716.txt,1965,
15634046117915.txt,1965,
57726946115463.txt,1965,
07617886004527.txt,1965,
10621660119339.txt,1965,
19734606106918.txt,1965,
36677100102509.txt,1965,
52105205230016.txt,1965,
54722560139212.txt,1965,
04615236115034.txt,1965,
04614246003024.txt,1965,
19647330117622.txt,1965,
30736356109540.txt,1965,
40687004030151.txt,1965,
37679910108563.txt,1965,
56725530139592.txt,1965,
19647336116842.txt,1965,
37683616040406.txt,1965,
44698234432340.txt,1965,
34674476034425.txt,1965,
28662666058788.txt,1965,
33672070140491.txt,1965,
34674396033997.txt,1965,
42691206107007.txt,1965,
43694270107151.txt,1965,
17769761737006.txt,1965,
39754996110530.txt,1965,
41689990135608.txt,1965,
34673143430329.txt,1965,
09618386107361.txt,1965,
25735934737250.txt,1965,
43693776095343.txt,1965,
37735516120711.txt,1965,
16639176112379.txt,1965,
13631640138917.txt,1965,
56725460125674.txt,1965,
30665976029284.txt,1965,
19752916022461.txt,1965,
10622656088959.txt,1965,
20764140115550.txt,1965,
22655326103477.txt,1965,
19647330109421.txt,1965,
49708700106344.txt,1965,
19647330127910.txt,1965,
19647250114603.txt,1965,
30736353030244.txt,1965,
34674476034342.txt,1965,
33669856031637.txt,1965,
33672153336237.txt,1965,
20652430131086.txt,1965,
55751845530084.txt,1965,
43693776093041.txt,1965,
38684786040950.txt,1965,
37683870105825.txt,1965,
32669693233509.txt,1965,
19646266014427.txt,1965,
37683386112460.txt,1965,
56726525630793.txt,1965,
41690474134557.txt,1965,
30666700108365.txt,1965,
37683616040349.txt,1965,
17640551736008.txt,1965,
41689990126649.txt,1965,
43693690108167.txt,1965,
19734526022289.txt,1965,
19647250115535.txt,1965,
19647256109292.txt,1965,
29102986077226.txt,1965,
15634206009419.txt,1965,
57726786056261.txt,1965,
43695830102368.txt,1965,
21654170124081.txt,1965,
54753250106021.txt,1965,
56726035630249.txt,1965,
19647330112029.txt,1965,
19734456014120.txt,1965,
49708966052070.txt,1965,
40687916043186.txt,1965,
19650526022933.txt,1965,
34674396033955.txt,1965,
19642461996644.txt,1965,
19647330122101.txt,1965,
09618380100024.txt,1965,
19644366012553.txt,1965,
19647336018675.txt,1965,
36678686036743.txt,1965,
19647336018113.txt,1965,
15635946060420.txt,1965,
09100900136036.txt,1965,
04100410430090.txt,1965,
19647331930734.txt,1965,
19647336017552.txt,1965,
34674396033799.txt,1965,
09619456114664.txt,1965,
37681896038343.txt,1965,
29664156089403.txt,1965,
19648811936806.txt,1965,
43696666048516.txt,1965,
19643296011860.txt,1965,
49710196052344.txt,1965,
49709204935607.txt,1965,
30103060137976.txt,1965,
13631646008569.txt,1965,
19649076021877.txt,1965,
10739656120539.txt,1965,
43694196047096.txt,1965,
01611506090401.txt,1965,
40754656042980.txt,1965,
37680230135277.txt,1965,
37737916039077.txt,1965,
10751271030725.txt,1965,
37683386039168.txt,1965,
01100170124172.txt,1965,
04614246109722.txt,1965,
48705810137380.txt,1965,
12629196008015.txt,1965,
07617210107797.txt,1965,
37682136085054.txt,1965,
43694500129205.txt,1965,
43694356047153.txt,1965,
19648401936475.txt,1965,
01613096002513.txt,1965,
29664070128629.txt,1965,
18641966010821.txt,1965,
33669770125732.txt,1965,
33669936031652.txt,1965,
36678196036131.txt,1965,
43695836047948.txt,1965,
10621660106740.txt,1965,
37681896120901.txt,1965,
01611766056915.txt,1965,
33669770134171.txt,1965,
19647336015812.txt,1965,
50711676052633.txt,1965,
37683463731007.txt,1965,
19734456014336.txt,1965,
34674393434636.txt,1965,
36738906035406.txt,1965,
19647330124941.txt,1965,
15101571530492.txt,1965,
33671816032494.txt,1965,
19647330137083.txt,1965,
07617546004253.txt,1965,
37683386039424.txt,1965,
37683380117325.txt,1965,
19647336018311.txt,1965,
19648406021075.txt,1965,
19647336018477.txt,1965,
10621666088546.txt,1965,
41689166043780.txt,1965,
54718370109009.txt,1965,
19647336017750.txt,1965,
33752006108849.txt,1965,
36103636069348.txt,1965,
27659616106959.txt,1965,
37681976070833.txt,1965,
38684786041131.txt,1965,
30736356071161.txt,1965,
10621661030642.txt,1965,
34765056033575.txt,1965,
30666476030951.txt,1965,
28662666026900.txt,1965,
34739730142042.txt,1965,
10621666006357.txt,1965,
10621666006431.txt,1965,
19650941939537.txt,1965,
01612596002075.txt,1958,
19646676108419.txt,1965,
43693696068910.txt,1965,
43696666048714.txt,1965,
38684786089775.txt,1965,
15633626009955.txt,1965,
33670330119321.txt,1965,
56726036055669.txt,1965,
54722566110902.txt,1965,
51714645139001.txt,1965,
19647256015283.txt,1965,
07617210730572.txt,1965,
56738746055677.txt,1965,
12626796007660.txt,1965,
45699486050181.txt,1965,
29663736094981.txt,1965,
41690396044838.txt,1965,
43696826049068.txt,1965,
15633546009252.txt,1965,
19651366111926.txt,1965,
19647336019806.txt,1965,
36678270113928.txt,1965,
43694196046767.txt,1965,
43696666060107.txt,1965,
19647336015796.txt,1965,
19648651996552.txt,1965,
09618530930081.txt,1965,
56105610135798.txt,1965,
13632141337609.txt,1965,
19642460126003.txt,1965,
34752836118624.txt,1965,
37103710120493.txt,1965,
33751920105734.txt,1965,
01612596066450.txt,1958,
37683870129049.txt,1965,
23656230112300.txt,1965,
33672156032569.txt,1965,
41690396044804.txt,1965,
48705734837803.txt,1965,
19757136011068.txt,1965,
19647090100610.txt,1965,
08618206005383.txt,1965,
37764710138776.txt,1965,
15635291530112.txt,1965,
33669776031595.txt,1965,
26736686025910.txt,1965,
24658706109425.txt,1965,
36677850141184.txt,1965,
19647336017156.txt,1965,
19651026023568.txt,1965,
19647336058127.txt,1965,
30665896029185.txt,1965,
31750853130150.txt,1965,
01612916066518.txt,1965,
58727365830054.txt,1965,
01612006085773.txt,1965,
43696256048177.txt,1965,
15634610129130.txt,1965,
34674473435930.txt,1965,
19753411937143.txt,1965,
34674476034961.txt,1965,
37684116059760.txt,1965,
01612596114011.txt,1965,
36678010141705.txt,1965,
43694196046940.txt,1965,
07617960730325.txt,1965,
36676523637659.txt,1965,
19647330123141.txt,1965,
39754996042840.txt,1965,
43695266047518.txt,1965,
19647330135723.txt,1965,
09619296005599.txt,1965,
19647251937176.txt,1965,
15638591536440.txt,1965,
10622650106815.txt,1965,
34673306118012.txt,1965,
43694846047294.txt,1965,
51714646053367.txt,1965,
37683386059703.txt,1965,
57726940131706.txt,1965,
19648736021430.txt,1965,
44697656049605.txt,1965,
37679916037568.txt,1965,
56726525637822.txt,1965,
01611920111815.txt,1965,
33670583331113.txt,1965,
45699146114144.txt,1965,
56737596067300.txt,1965,
54722566054563.txt,1965,
30665976029482.txt,1965,
48705814838058.txt,1965,
13631236008411.txt,1965,
37682966097216.txt,1965,
10621666057285.txt,1965,
36678760116178.txt,1965,
34674396034169.txt,1965,
37679910119255.txt,1965,
19648401933647.txt,1965,
19753416022156.txt,1965,
29663736101018.txt,1965,
09619030930040.txt,1965,
37679916101794.txt,1965,
38684783830387.txt,1965,
37680236037881.txt,1965,
37683616085161.txt,1965,
56725616055503.txt,1965,
51713656053243.txt,1965,
19647250127381.txt,1965,
19647336019392.txt,1965,
33670586031991.txt,1965,
21654176024509.txt,1965,
15635291530476.txt,1965,
39686276042436.txt,1965,
30103063030426.txt,1965,
36675870107433.txt,1965,
19647330135509.txt,1965,
54722565432828.txt,1965,
19647330124404.txt,1965,
19648731936756.txt,1965,
19645276013338.txt,1952,
19650376022834.txt,1965,
10622651035310.txt,1965,
30664986027973.txt,1965,
19647336058325.txt,1965,
40104054030250.txt,1965,
24657226025498.txt,1965,
15737426009617.txt,1965,
19647336017354.txt,1965,
43693936046544.txt,1965,
06615986057152.txt,1965,
19647330124362.txt,1965,
30665976029441.txt,1965,
36750696037287.txt,1965,
19647256108013.txt,1965,
50755566052989.txt,1965,
39685853930344.txt,1965,
30666706030399.txt,1965,
19645276013304.txt,1965,
33103306069207.txt,1965,
19642796011241.txt,1965,
37683046039028.txt,1965,
30664236027346.txt,1965,
36678766036867.txt,1965,
01611430134924.txt,1965,
37680986038178.txt,1965,
50710436112338.txt,1965,
42691956067110.txt,1965,
34765056033617.txt,1965,
20651776023865.txt,1965,
49753904930251.txt,1965,
19643116011746.txt,1965,
30664646094619.txt,1965,
33672156059125.txt,1965,
34674396033831.txt,1965,
52716216053623.txt,1965,
37683386040281.txt,1965,
19643521935048.txt,1965,
34674396059356.txt,1965,
19647251995935.txt,1965,
10621586115190.txt,1965,
05615646003438.txt,1965,
29663572930048.txt,1965,
15637500111245.txt,1965,
19645191995661.txt,1965,
30665226028740.txt,1965,
19647336018063.txt,1965,
24656310101402.txt,1965,
15633396009237.txt,1965,
33671246106967.txt,1965,
19651361931740.txt,1965,
19647331930650.txt,1965,
07616550110528.txt,1965,
37680236107775.txt,1965,
30664316085260.txt,1965,
36678766061907.txt,1965,
36678506036685.txt,1965,
19647336058309.txt,1965,
19650376022818.txt,1965,
05615646003404.txt,1965,
37680236069090.txt,1965,
09619456005631.txt,1965,
19647330136986.txt,1965,
19643946057541.txt,1965,
37680980102608.txt,1965,
34673306033278.txt,1965,
12630401230010.txt,1965,
50712176052948.txt,1965,
19650606023147.txt,1965,
48705810134262.txt,1965,
42692294233060.txt,1965,
19647330109223.txt,1965,
07617546111504.txt,1965,
10623566007025.txt,1965,
30736356085351.txt,1965,
50712906053094.txt,1965,
48705400140210.txt,1965,
48705656051262.txt,1965,
10738090123950.txt,1965,
07618126005169.txt,1965,
43694506047252.txt,1965,
12626871230044.txt,1965,
37683386089056.txt,1965,
48705656111652.txt,1965,
34674476034540.txt,1965,
29663166027080.txt,1965,
21654176024525.txt,1965,
30664236027395.txt,1965,
45752674530077.txt,1965,
19647336057947.txt,1965,
19647330117747.txt,1965,
13631236008429.txt,1965,
10739996007371.txt,1965,
41689656044176.txt,1965,
56725610137018.txt,1965,
10621661030295.txt,1965,
38684786093488.txt,1965,
39686766104368.txt,1965,
19646836066765.txt,1965,
30666216029896.txt,1965,
01612420126763.txt,1965,
37683380140319.txt,1965,
45699894530242.txt,1965,
30666703036456.txt,1965,
07617546118087.txt,1965,
36677100113944.txt,1965,
19648816120265.txt,1965,
37683386040083.txt,1965,
19647330139121.txt,1965,
37683380101345.txt,1965,
38684786041727.txt,1965,
49738824930384.txt,1965,
36678190137760.txt,1965,
33670826112007.txt,1965,
31668866111694.txt,1965,
43695266047534.txt,1965,
19648810136945.txt,1965,
27660682730174.txt,1965,
19647336018261.txt,1965,
30665226028542.txt,1965,
44698234430195.txt,1965,
19643946012223.txt,1965,
36679186109219.txt,1965,
56726036055719.txt,1965,
33672150114181.txt,1965,
33670826106728.txt,1965,
34674136033690.txt,1965,
10621666006233.txt,1965,
20652430109694.txt,1965,
20652430129544.txt,1965,
10621666006555.txt,1965,
30664640123729.txt,1965,
37682963730819.txt,1965,
05615726003461.txt,1965,
37737916108872.txt,1965,
19648570112714.txt,1965,
43696666093074.txt,1965,
43696666048664.txt,1965,
47704256050884.txt,1965,
50736015030184.txt,1965,
37683380129387.txt,1965,
11101160130724.txt,1965,
33669776031546.txt,1965,
57726865730056.txt,1965,
26736686025928.txt,1965,
19757136011050.txt,1965,
24753176025431.txt,1965,
19648656021323.txt,1965,
43694274335907.txt,1965,
27660926026256.txt,1965,
19642616011167.txt,1965,
37683386119135.txt,1965,
08100820830042.txt,1965,
44697996049753.txt,1965,
45699716050215.txt,1965,
43694684331799.txt,1958,
04615070110072.txt,1965,
07617396003834.txt,1965,
37681303734761.txt,1965,
24656316113161.txt,1965,
48705736106363.txt,1965,
19647336019194.txt,1965,
33671246107890.txt,1965,
36739573630589.txt,1965,
48705814838504.txt,1965,
19734456014252.txt,1965,
56768286055602.txt,1965,
11754816007488.txt,1965,
33670586118863.txt,1965,
10754080142166.txt,1965,
07617546004337.txt,1965,
41688820133157.txt,1965,
10622570124727.txt,1965,
04100410134213.txt,1965,
34765056033559.txt,1965,
19647336017032.txt,1965,
56726036055651.txt,1965,
45752676050090.txt,1965,
34674476034839.txt,1965,
56768285635776.txt,1965,
38684780132241.txt,1965,
30665226028344.txt,1965,
43693856046445.txt,1965,
30664646109474.txt,1965,
01612596002059.txt,1948,
37680980141309.txt,1965,
34765056102784.txt,1965,
36675876109409.txt,1965,
27102722730232.txt,1965,
37682966038988.txt,1965,
36677026035778.txt,1965,
19647330126607.txt,1965,
30666476030969.txt,1965,
57726785732201.txt,1965,
37680986038236.txt,1965,
01612006001259.txt,1965,
50710430109082.txt,1965,
19649806022545.txt,1965,
01611766000558.txt,1965,
27659876026041.txt,1965,
10739650106476.txt,1965,
19648576115281.txt,1965,
19647336017768.txt,1965,
50711755031380.txt,1965,
45699894531000.txt,1965,
30736500136689.txt,1965,
37737913737632.txt,1965,
17640301730142.txt,1965,
10751276006977.txt,1965,
07616556109730.txt,1965,
44697656114102.txt,1965,
19646596014658.txt,1965,
19645506013551.txt,1965,
56724626055081.txt,1965,
43693856046486.txt,1965,
19647336019962.txt,1965,
19648656021257.txt,1965,
19647256015481.txt,1965,
19647336016489.txt,1965,
30665226028393.txt,1965,
07617966004964.txt,1965,
07618046005078.txt,1965,
34674396034227.txt,1965,
54722566054605.txt,1965,
36678766037162.txt,1965,
42692606045736.txt,1965,
58105870113274.txt,1965,
56768280142190.txt,1965,
01611926104566.txt,1965,
30736436030704.txt,1965,
07618046110449.txt,1965,
07616630139667.txt,1965,
24657550136895.txt,1965,
31669283136504.txt,1965,
19642876011407.txt,1965,
01751016001416.txt,1965,
23655656025100.txt,1965,
19757136011118.txt,1965,
41690396044960.txt,1965,
49709614930350.txt,1965,
38684786062061.txt,1965,
05615806111884.txt,1965,
54722566054639.txt,1965,
01750930131615.txt,1965,
56105616069231.txt,1965,
30664640100735.txt,1965,
37737910138222.txt,1965,
04615316003313.txt,1965,
19647330124560.txt,1965,
34674393430865.txt,1965,
36677106111173.txt,1965,
37683386039150.txt,1965,
33670336120372.txt,1965,
33671243333770.txt,1965,
19647336017230.txt,1965,
33751926032825.txt,1965,
19646830140996.txt,1965,
21654822131340.txt,1965,
33672153330859.txt,1965,
35675046095202.txt,1965,
37683383731189.txt,1965,
34674476034391.txt,1965,
13631646008551.txt,1965,
44754326049951.txt,1965,
39685856042170.txt,1965,
10739996006696.txt,1965,
19647746020309.txt,1965,
15635290116392.txt,1965,
19645016013262.txt,1965,
19647336018659.txt,1965,
19647336018881.txt,1965,
30665636028948.txt,1965,
43693696046155.txt,1965,
04615310139329.txt,1965,
39685933935103.txt,1965,
01612596002273.txt,1965,
24102496069199.txt,1965,
19645686013726.txt,1965,
04614240437558.txt,1965,
40688416118145.txt,1965,
36678766036917.txt,1965,
37680566115620.txt,1965,
45699896050272.txt,1965,
19647330111518.txt,1965,
43696744338406.txt,1965,
37681896038384.txt,1965,
19647330112011.txt,1965,
01612346001531.txt,1965,
37681976038442.txt,1965,
01612590100701.txt,1965,
37735690136267.txt,1965,
33752426114458.txt,1965,
19647256015697.txt,1926,
33672156032627.txt,1965,
27659872730414.txt,1965,
38684786040968.txt,1965,
19753416022032.txt,1965,
19648406020838.txt,1965,
07617546004055.txt,1965,
27754406026686.txt,1965,
48705810115469.txt,1965,
30665226028807.txt,1965,
30664316058820.txt,1965,
39686760118752.txt,1965,
19647336019590.txt,1965,
43696416048193.txt,1965,
33672070137620.txt,1965,
37683386039804.txt,1965,
27660922732808.txt,1965,
34673143430311.txt,1965,
30736506089445.txt,1965,
34673143430477.txt,1965,
15635291534775.txt,1965,
16638836010300.txt,1965,
15633626095012.txt,1965,
56725386055347.txt,1965,
43694844332839.txt,1965,
34674476034409.txt,1965,
19647336018857.txt,1965,
19645016013288.txt,1965,
30666706030217.txt,1965,
33672496106884.txt,1965,
19649980119230.txt,1965,
01611766000798.txt,1965,
24753170123091.txt,1965,
01100176002000.txt,1965,
01612916002448.txt,1965,
34765056059232.txt,1965,
37754160139451.txt,1965,
19644366012595.txt,1965,
38684786041487.txt,1965,
19647330125864.txt,1965,
10622656006803.txt,1965,
37683616040364.txt,1965,
19647336017594.txt,1965,
19647336061402.txt,1965,
07617626004428.txt,1965,
19647336058283.txt,1965,
04614246003008.txt,1965,
09619296005615.txt,1965,
19734376012314.txt,1965,
49709200140855.txt,1965,
39685936108237.txt,1965,
30665226028609.txt,1965,
19647330106930.txt,1965,
19647336016661.txt,1965,
13631076103535.txt,1965,
19752911996081.txt,1965,
10623316007009.txt,1965,
33752420123190.txt,1965,
07617546004097.txt,1965,
01611766089619.txt,1965,
19647330137521.txt,1965,
19642461995406.txt,1965,
33671813335759.txt,1965,
23655816025167.txt,1965,
30665976029524.txt,1965,
31750850119487.txt,1965,
49708624930012.txt,1965,
19643031995679.txt,1965,
01611196100374.txt,1965,
19647336016885.txt,1965,
13101320131094.txt,1965,
40687596043020.txt,1965,
44754326049944.txt,1965,
19647336120489.txt,1965,
43695916047955.txt,1965,
36750510137794.txt,1965,
27754406026678.txt,1965,
41690390140137.txt,1965,
19647336017966.txt,1965,
16639820136234.txt,1965,
37679676109953.txt,1965,
36677026035786.txt,1965,
56724546060321.txt,1965,
34674390106898.txt,1965,
37683386040109.txt,1965,
15633216109060.txt,1965,
34673140114702.txt,1965,
37682966111314.txt,1965,
10621661032911.txt,1965,
19645506013544.txt,1965,
04614246057129.txt,1965,
38684786041685.txt,1965,
56726526097034.txt,1965,
33672496059166.txt,1965,
56725465630389.txt,1965,
10621660114355.txt,1965,
09619296106678.txt,1965,
49709120125831.txt,1965,
19642951936491.txt,1965,
10624146007207.txt,1965,
43694274337903.txt,1965,
01612916057111.txt,1965,
43696664330080.txt,1965,
30666216029920.txt,1965,
34673140116897.txt,1965,
19643036011613.txt,1965,
19647331930296.txt,1965,
56726036055693.txt,1965,
19647330139097.txt,1965,
33671736032445.txt,1965,
19646916014922.txt,1965,
37683386039390.txt,1965,
38103893830445.txt,1965,
19647336061600.txt,1965,
23655652331361.txt,1965,
34674476034623.txt,1965,
24753660105817.txt,1965,
30666476030001.txt,1965,
30664230121053.txt,1965,
19647330114850.txt,1965,
19647336019988.txt,1965,
33670586113880.txt,1965,
19647336016463.txt,1965,
07618046005086.txt,1965,
05100589010745.txt,1965,
42691206045967.txt,1965,
37683386096598.txt,1965,
01613090137810.txt,1965,
17640141730043.txt,1965,
07617546004295.txt,1965,
30666703030608.txt,1965,
19647331932318.txt,1965,
49706156115695.txt,1965,
01612590129635.txt,1965,
19647256015457.txt,1965,
07617546114904.txt,1965,
56724626055057.txt,1965,
15634796101588.txt,1965,
43696416048409.txt,1965,
27660682732170.txt,1965,
23656072334563.txt,1965,
19646341996586.txt,1965,
37735516106512.txt,1965,
36678766109714.txt,1965,
33670580110791.txt,1965,
19647256015325.txt,1965,
36739573630365.txt,1965,
19649806022578.txt,1965,
19647331934033.txt,1965,
24657556025555.txt,1965,
19645506013593.txt,1965,
36678436036586.txt,1965,
19648650141002.txt,1965,
43695834333951.txt,1965,
30664646106801.txt,1965,
15636770113837.txt,1965,
36676113630803.txt,1965,
19648326113047.txt,1965,
19651026023592.txt,1965,
19651026111520.txt,1965,
38684786059828.txt,1965,
10621666006597.txt,1965,
19734521995943.txt,1965,
15637506010029.txt,1965,
19647330124818.txt,1965,
34752833430584.txt,1965,
11626531130046.txt,1965,
50712170118927.txt,1965,
27754406105472.txt,1965,
30666706109904.txt,1965,
19647251995539.txt,1965,
10624306007298.txt,1965,
16639586113120.txt,1965,
30666216029854.txt,1965,
44697996049746.txt,1965,
41690704130324.txt,1965,
19642460111872.txt,1965,
36678766110480.txt,1965,
10621660114553.txt,1965,
33672156032544.txt,1965,
19646916014856.txt,1965,
34673140111732.txt,1965,
31669443130192.txt,1965,
19648816021620.txt,1965,
49709616052302.txt,1965,
43696826049092.txt,1965,
33670586107759.txt,1965,
19647336019624.txt,1965,
36678436036545.txt,1965,
30736433032109.txt,1965,
50711676052781.txt,1965,
37680986110381.txt,1965,
19644690128736.txt,1965,
19734370132969.txt,1965,
33669776031553.txt,1965,
19647336016265.txt,1965,
37682960108332.txt,1965,
10738091030147.txt,1965,
19647336060495.txt,1965,
34673146110985.txt,1965,
31669516031363.txt,1965,
39685850139261.txt,1965,
15633210129189.txt,1965,
30664643030210.txt,1965,
33669930116947.txt,1965,
19648570129973.txt,1965,
19642461996537.txt,1965,
36676110124628.txt,1965,
40104050125807.txt,1965,
37754163730975.txt,1965,
37735516099352.txt,1965,
34103480106237.txt,1965,
19647251935758.txt,1965,
38684786041040.txt,1965,
27660926026280.txt,1965,
19757136011092.txt,1965,
19647331932250.txt,1965,
19647331939305.txt,1965,
34765056069736.txt,1965,
36676780100594.txt,1965,
39686760115303.txt,1965,
15635036009583.txt,1965,
44698234437406.txt,1965,
30664646111819.txt,1965,
42691956045405.txt,1965,
19647746020283.txt,1965,
37737916115349.txt,1965,
10622656006787.txt,1965,
19647336018923.txt,1965,
31667616031009.txt,1965,
19648166020770.txt,1965,
39767600142059.txt,1965,
32669696031421.txt,1965,
39685776042006.txt,1965,
33669776116339.txt,1965,
01611436090302.txt,1965,
19645686013684.txt,1965,
19642871930601.txt,1965,
39686270136028.txt,1876,
33672070113191.txt,1965,
19647336018089.txt,1965,
10624146007165.txt,1965,
30666470109678.txt,1965,
57726946056402.txt,1965,
33670820101121.txt,1965,
49707636051809.txt,1965,
19647330129858.txt,1965,
34673306033286.txt,1965,
37683386040257.txt,1965,
42691460102129.txt,1965,
50757396053136.txt,1965,
19647331930692.txt,1965,
37684113730801.txt,1965,
12626871230051.txt,1965,
12627456007736.txt,1965,
44698156049894.txt,1965,
19647336061576.txt,1965,
30666216107767.txt,1965,
37684520115451.txt,1965,
09100900106047.txt,1965,
31668456117824.txt,1965,
31669510106443.txt,1965,
55724130112276.txt,1965,
57727020139436.txt,1965,
41104136069363.txt,1965,
36675870125898.txt,1965,
10754081035575.txt,1965,
19647336019426.txt,1965,
19650456022917.txt,1965,
56725380119412.txt,1965,
30664313033057.txt,1965,
37679916037592.txt,1965,
48705400125310.txt,1965,
37680236109771.txt,1965,
30736436116305.txt,1965,
54755236054225.txt,1965,
19647330111492.txt,1965,
19647336016067.txt,1965,
19647251934678.txt,1965,
33671736108450.txt,1965,
21654256024657.txt,1965,
41690700131730.txt,1965,
41690620119503.txt,1965,
33751926096994.txt,1965,
43694684334421.txt,1965,
21653346024319.txt,1965,
34674396034193.txt,1965,
19649646022495.txt,1965,
19647336016729.txt,1965,
19642791931765.txt,1965,
19647331939107.txt,1965,
37681970132431.txt,1965,
51714640107318.txt,1965,
41689244133393.txt,1965,
35674626035018.txt,1965,
37680986066997.txt,1965,
10739650125682.txt,1965,
19647336019368.txt,1965,
37756146112494.txt,1965,
01612426115554.txt,1965,
19647336019418.txt,1965,
36678196036297.txt,1965,
30665976029334.txt,1965,
04614240137828.txt,1965,
54755316053961.txt,1965,
30736356106926.txt,1965,
19734526022305.txt,1965,
33670820135251.txt,1965,
19647336017347.txt,1965,
19647336016059.txt,1965,
34674396034185.txt,1965,
30664316061683.txt,1965,
06616220637504.txt,1965,
19647331931559.txt,1965,
54755236054233.txt,1965,
19647746020242.txt,1965,
19647331935717.txt,1965,
17640226084990.txt,1965,
10622656006746.txt,1965,
19647330111484.txt,1965,
19647330119966.txt,1965,
19649801995737.txt,1965,
30664726066823.txt,1965,
01611760138982.txt,1965,
04615310432856.txt,1965,
43696746048870.txt,1965,
44697576049571.txt,1965,
19647336018048.txt,1965,
35752593530060.txt,1965,
15637506111686.txt,1965,
19647336016703.txt,1965,
19647330101683.txt,1965,
43694840118380.txt,1965,
37679916037584.txt,1965,
01611436090328.txt,1965,
19647330108894.txt,1965,
37683386039796.txt,1965,
16639176010409.txt,1965,
37681303734548.txt,1965,
30664646111827.txt,1965,
37754160132472.txt,1965,
24657892430098.txt,1965,
37680986038194.txt,1965,
54755316054001.txt,1965,
50105046069546.txt,1965,
30103060141978.txt,1965,
19650601938356.txt,1965,
10624146007173.txt,1965,
39685930141424.txt,1965,
43694506047245.txt,1965,
37680236108492.txt,1965,
19647330117036.txt,1965,
19647330131797.txt,1965,
36678506036651.txt,1965,
33669853330214.txt,1965,
19645686013692.txt,1965,
48705816071302.txt,1965,
39686270117796.txt,1965,
37682966106520.txt,1965,
37681976038509.txt,1965,
19647330129866.txt,1965,
19647330126599.txt,1965,
30666706030407.txt,1965,
23655406025084.txt,1958,
15635786010003.txt,1965,
30736506100317.txt,1965,
50755566052971.txt,1965,
10755981030543.txt,1965,
07100740129528.txt,1965,
33751926118822.txt,1965,
49708626060230.txt,1965,
33669776031579.txt,1965,
33671160109843.txt,1965,
01611760130138.txt,1965,
01750930125930.txt,1965,
19757136011084.txt,1965,
51105120138040.txt,1965,
19647331931997.txt,1965,
56725536055461.txt,1965,
42767866116875.txt,1965,
19101990140962.txt,1965,
04615070121509.txt,1965,
42691206119820.txt,1965,
33672156032585.txt,1965,
19646831931781.txt,1965,
07617966057244.txt,1965,
44697996049787.txt,1965,
29768776027189.txt,1965,
04615236003297.txt,1965,
30664313030038.txt,1965,
19647336016273.txt,1965,
34103480118745.txt,1965,
19734456014286.txt,1965,
33671813331139.txt,1965,
43696826049084.txt,1965,
19647336019632.txt,1965,
07617966099717.txt,1965,
36750770122945.txt,1965,
30664643030574.txt,1965,
31750850121244.txt,1965,
56725460141929.txt,1965,
30736503030152.txt,1965,
37683380107086.txt,1965,
40687006042964.txt,1958,
43696666048698.txt,1965,
56725530110502.txt,1965,
33670586109789.txt,1965,
43695186047401.txt,1965,
31669446031322.txt,1965,
30666703035821.txt,1965,
34674476034755.txt,1965,
19647331930486.txt,1965,
54721576120646.txt,1965,
30664640115501.txt,1965,
44698496049977.txt,1965,
56725616119242.txt,1965,
27738252730034.txt,1965,
50711676052740.txt,1965,
30664646027601.txt,1965,
31668520127928.txt,1965,
11626531132109.txt,1965,
19647330124198.txt,1965,
19647330124826.txt,1965,
07617880116863.txt,1965,
54722310113639.txt,1965,
44697656118673.txt,1965,
30665896029169.txt,1965,
37679910139394.txt,1965,
50755560112573.txt,1965,
34739736107734.txt,1965,
37680986102750.txt,1965,
36679340110064.txt,1965,
19651026023584.txt,1965,
19647330107755.txt,1965,
30665226028435.txt,1965,
37683616068159.txt,1965,
10101080119628.txt,1965,
42691206045959.txt,1965,
19647256015333.txt,1965,
33669770134189.txt,1965,
43104390135087.txt,1965,
19645506013585.txt,1965,
43693856046452.txt,1965,
38684786041644.txt,1965,
30664313030616.txt,1965,
19647330109181.txt,1965,
33671816032478.txt,1965,
19647336017743.txt,1965,
56738745630132.txt,1965,
01751010141432.txt,1965,
48705816051429.txt,1965,
19642616061246.txt,1965,
51714156053300.txt,1965,
19734370118760.txt,1965,
50711676052807.txt,1965,
51714640107722.txt,1965,
19649806022552.txt,1965,
10624141036094.txt,1965,
19647336016307.txt,1965,
01611766111330.txt,1965,
34673300113621.txt,1965,
07617966004998.txt,1965,
12630406008197.txt,1965,
33752000108530.txt,1965,
30664640124131.txt,1965,
10623800136499.txt,1965,
43695836109375.txt,1965,
19647336019020.txt,1965,
41690620112722.txt,1965,
33751926106017.txt,1965,
33751766111082.txt,1965,
45699894533600.txt,1965,
10622400113142.txt,1965,
36677106061865.txt,1965,
50711750110593.txt,1965,
43696666062111.txt,1965,
19643036011605.txt,1965,
56726036055685.txt,1965,
37683046110720.txt,1965,
19650946023428.txt,1965,
20764146113914.txt,1965,
19101990106880.txt,1965,
19648656021240.txt,1965,
19647336017958.txt,1965,
19650601938752.txt,1965,
56739406109847.txt,1965,
19647336110951.txt,1965,
14766871431600.txt,1965,
43694500128108.txt,1965,
19643031935618.txt,1965,
36677026117519.txt,1965,
30647666020127.txt,1965,
42691466045298.txt,1965,
36103630139147.txt,1965,
19646676108393.txt,1965,
37735510107557.txt,1965,
19643036011639.txt,1965,
50757396102743.txt,1965,
21654662133254.txt,1965,
13631150140954.txt,1965,
15633216009062.txt,1965,
51713996053276.txt,1965,
43696740125443.txt,1965,
15633626099428.txt,1965,
45699716111470.txt,1965,
31669283130176.txt,1965,
48705816107684.txt,1965,
10621660120964.txt,1965,
56737596055941.txt,1965,
31667876031033.txt,1965,
36676946035760.txt,1965,
41690056044572.txt,1965,
21654176024491.txt,1965,
38684786041446.txt,1965,
37681896038350.txt,1965,
49709040101923.txt,1965,
30665636028963.txt,1965,
43696666119010.txt,1965,
21654176113229.txt,1965,
19734526022271.txt,1965,
01611926001192.txt,1965,
35674886035059.txt,1965,
30666706117899.txt,1965,
30103060134288.txt,1965,
43696746048938.txt,1965,
33752000100420.txt,1965,
10621666057335.txt,1965,
22102232230100.txt,1965,
39685853930237.txt,1965,
17769766010680.txt,1965,
19647336016893.txt,1965,
37683876070882.txt,1965,
19647330109397.txt,1965,
54721736054399.txt,1965,
19647336058242.txt,1965,
28662660137992.txt,1965,
19648816021554.txt,1965,
19647330128371.txt,1965,
33670906032247.txt,1965,
19642796011332.txt,1965,
19650606023030.txt,1965,
33736763330032.txt,1965,
19647336112411.txt,1965,
37680236037931.txt,1965,
19647336019236.txt,1965,
33671246110928.txt,1965,
33671736107601.txt,1965,
57726940140715.txt,1965,
24657486025506.txt,1965,
06615980631259.txt,1965,
19647331931377.txt,1965,
19647256015119.txt,1965,
43696746048904.txt,1965,
54719026054035.txt,1965,
30665976029268.txt,1965,
19647330125641.txt,1965,
30664236027221.txt,1965,
33669776106074.txt,1965,
50710840120089.txt,1965,
48705810139816.txt,1965,
38684786040943.txt,1965,
30665223030103.txt,1965,
58727690123570.txt,1961,
36678506061899.txt,1965,
37683386039184.txt,1965,
19647336016844.txt,1965,
37683616040372.txt,1965,
37680316059570.txt,1965,
36678196036446.txt,1965,
42691206046049.txt,1965,
21653186024194.txt,1965,
48705404833000.txt,1965,
19643946012181.txt,1965,
19647331996651.txt,1965,
37683386117279.txt,1965,
30666470102897.txt,1965,
11625960139550.txt,1965,
37683380107482.txt,1965,
36676110138834.txt,1965,
10622656006829.txt,1965,
23656232330363.txt,1965,
07617886004535.txt,1965,
49708960102525.txt,1965,
10621666006191.txt,1965,
50712826108302.txt,1965,
34752830116806.txt,1965,
39685850102632.txt,1965,
07616486057178.txt,1965,
15635291536606.txt,1965,
37683386039812.txt,1965,
15633626119994.txt,1965,
37683386107056.txt,1965,
33670586106082.txt,1965,
54755230114348.txt,1965,
37683380136663.txt,1965,
58727516118806.txt,1965,
49707220138248.txt,1965,
10621660108555.txt,1965,
30665636028989.txt,1965,
19648401934728.txt,1965,
01612916002463.txt,1965,
37737916107148.txt,1965,
24658700111294.txt,1965,
41690056044598.txt,1965,
45752674530101.txt,1965,
19647336018840.txt,1965,
19647901996404.txt,1965,
43696416068241.txt,1965,
04615316112585.txt,1965,
33672156032619.txt,1965,
19753416022024.txt,1965,
29663570112367.txt,1965,
30103060132613.txt,1965,
41690886045165.txt,1965,
37737916105993.txt,1965,
30736506096200.txt,1965,
19646670119313.txt,1965,
43693776095350.txt,1965,
31668296113443.txt,1965,
15634040106575.txt,1965,
01751016002323.txt,1965,
19647336016851.txt,1965,
19647330109355.txt,1965,
01612590100065.txt,1965,
01613096002703.txt,1965,
27754406118756.txt,1965,
37681896038392.txt,1965,
19643291937739.txt,1965,
28662906117964.txt,1965,
19647336068431.txt,1965,
01611920138339.txt,1965,
19647746116685.txt,1965,
19647330133744.txt,1965,
12627296007710.txt,1965,
01611926056949.txt,1965,
37684116114276.txt,1965,
34765050106450.txt,1965,
19651361995802.txt,1965,
19101990137679.txt,1965,
16639900116699.txt,1965,
24657550127597.txt,1965,
39686270129916.txt,1965,
35674706107338.txt,1965,
47736844731253.txt,1965,
36679340125419.txt,1965,
04615316003339.txt,1965,
39685936042329.txt,1965,
07616970737023.txt,1965,
31669100102806.txt,1965,
05100580530154.txt,1965,
19734520141465.txt,1965,
30665483034410.txt,1965,
01611766000764.txt,1965,
30736506068647.txt,1965,
19647330108936.txt,1965,
39685856100341.txt,1965,
19647330126375.txt,1965,
19647336018667.txt,1965,
34752833430626.txt,1965,
04614320433201.txt,1965,
19645686013718.txt,1930,
30664986085278.txt,1965,
10739996119978.txt,1965,
01100170112607.txt,1965,
33670336120364.txt,1965,
38684786041321.txt,1965,
28662662835601.txt,1965,
50711755031802.txt,1965,
19643946012157.txt,1965,
23656230136887.txt,1965,
19646596014666.txt,1965,
34674390102343.txt,1965,
19647330114884.txt,1965,
07618126005235.txt,1965,
01611766056907.txt,1965,
45700296050355.txt,1965,
10623640107409.txt,1965,
54105460119602.txt,1965,
01751016001366.txt,1965,
12628286007884.txt,1965,
54722565430368.txt,1965,
30666210102814.txt,1965,
07617966004782.txt,1965,
19647330137091.txt,1965,
26736682633006.txt,1965,
34674396034219.txt,1965,
07617966004972.txt,1965,
30665226028385.txt,1965,
19648401936467.txt,1965,
19757136011126.txt,1965,
36738583630076.txt,1965,
19647330102764.txt,1965,
27738252730141.txt,1965,
38769270132183.txt,1910,
30666706107692.txt,1965,
22655322230084.txt,1965,
04614246116610.txt,1965,
54722566054613.txt,1965,
34674393431012.txt,1965,
15635030110767.txt,1965,
48705400122093.txt,1965,
44698156108203.txt,1965,
19647176015069.txt,1965,
19643031930775.txt,1965,
36678196036123.txt,1965,
33671736032452.txt,1965,
36679596108880.txt,1965,
43696666048706.txt,1965,
10621666006423.txt,1965,
33736766032254.txt,1965,
10739656006936.txt,1965,
30664236113393.txt,1965,
30667466030928.txt,1965,
57726865732904.txt,1965,
12101240106203.txt,1965,
15101570119669.txt,1965,
19646340116822.txt,1965,
30664646108740.txt,1965,
34673486033310.txt,1965,
07617966004741.txt,1965,
54105460135459.txt,1965,
34674476034813.txt,1965,
19647336058069.txt,1965,
30665306116065.txt,1965,
19643456012033.txt,1965,
56724626055040.txt,1965,
19647256015440.txt,1965,
19647336016448.txt,1965,
19647330126177.txt,1965,
19647336018303.txt,1965,
01611766000566.txt,1965,
15633216009088.txt,1965,
38684786041123.txt,1965,
19647330129536.txt,1965,
19647336017024.txt,1965,
15637196009963.txt,1965,
37681976111207.txt,1965,
50710436052450.txt,1965,
20755806103824.txt,1965,
58727366056774.txt,1965,
31750856111975.txt,1965,
38684783830197.txt,1965,
37683380120410.txt,1965,
19642461995968.txt,1965,
56737595637004.txt,1965,
36678766037014.txt,1965,
44697996049779.txt,1965,
01611766056873.txt,1965,
15635786009989.txt,1965,
30736356112577.txt,1965,
19647336015960.txt,1965,
49708546113112.txt,1965,
33669776031587.txt,1965,
50710435030168.txt,1965,
19642616011159.txt,1965,
23656152330454.txt,1965,
33669773334299.txt,1965,
08618206005391.txt,1965,
49709126116958.txt,1965,
19647090100602.txt,1965,
19647336019814.txt,1965,
37680236038020.txt,1965,
37683386040042.txt,1965,
19647336016299.txt,1965,
30665226028583.txt,1965,
33670336031876.txt,1965,
19734456014278.txt,1965,
37683386114375.txt,1965,
43694196046775.txt,1965,
19647331931955.txt,1965,
43696666060115.txt,1965,
41690216044739.txt,1965,
43696666048672.txt,1965,
36678436036552.txt,1965,
30666216058937.txt,1965,
10621666085138.txt,1965,
19101996116883.txt,1965,
17101730128231.txt,1965,
07617390730440.txt,1965,
42691466045306.txt,1965,
37683380107078.txt,1965,
43693696046221.txt,1965,
36679186109227.txt,1965,
10621666006225.txt,1965,
33672156112668.txt,1965,
29663326111140.txt,1965,
37683386117683.txt,1965,
24657552434207.txt,1965,
45701364532750.txt,1965,
19647336058135.txt,1965,
41690706045116.txt,1965,
30103060134841.txt,1965,
34674476034797.txt,1965,
40687006107544.txt,1965,
56726036055727.txt,1965,
39754990108357.txt,1965,
30667466030860.txt,1965,
40687266042998.txt,1965,
19647336015747.txt,1965,
15635291535087.txt,1965,
33751926107254.txt,1965,
01612590130575.txt,1965,
13630811330141.txt,1965,
37683386039556.txt,1965,41294
19646346014559.txt,1965,
39685856042204.txt,1965,
01612590119859.txt,1965,
19647336017636.txt,1965,
30736436113054.txt,1965,
37679676106256.txt,1965,
19648570116558.txt,1965,
36676786101513.txt,1965,
16639666010508.txt,1965,
36678766068712.txt,1965,
56725616055511.txt,1965,
19647176014997.txt,1965,
34673140108738.txt,1965,
37737913730215.txt,1965,
19642796011290.txt,1965,
36678506036644.txt,1965,
33669776108104.txt,1965,
43694506047278.txt,1965,
37683466104749.txt,1965,
37682136038699.txt,1965,
33670586031983.txt,1965,
33671160134080.txt,1965,
05615806115000.txt,1965,
30736506097042.txt,1965,
39685440105718.txt,1965,
43694846047286.txt,1965,
24656496025381.txt,1965,
15634121531672.txt,1965,
37683386059711.txt,1965,
39686760136283.txt,1965,
36678196036255.txt,1965,
38684786040836.txt,1965,
30665976029490.txt,1965,
34673486110654.txt,1965,
33670826032114.txt,1965,
30665226028781.txt,1965,
43694270130856.txt,1965,
01611766090559.txt,1965,
12101240106161.txt,1965,
41690136044648.txt,1965,
33752420117424.txt,1965,
39103973930468.txt,1965,
51714076053292.txt,1965,
43697086049316.txt,1965,
01612596056998.txt,1965,
10622656006753.txt,1965,
30665066113617.txt,1936,
30666476089478.txt,1965,
16639176010391.txt,1965,
36678506036693.txt,1965,
09619786109441.txt,1965,
33670820120675.txt,1965,
01611500135533.txt,1965,
19645686013650.txt,1965,
37768510110122.txt,1965,
33103300125385.txt,1965,
19647336019343.txt,1965,
39686766042667.txt,1965,
19647331938554.txt,1965,
19647330124370.txt,1965,
34673306033252.txt,1965,
19649071937028.txt,1965,
49738820128330.txt,1965,
19650376022826.txt,1965,
19647336017420.txt,1965,
07616970737619.txt,1965,
34674470140830.txt,1965,
34673146059174.txt,1965,
37683380122788.txt,1965,
13632146008635.txt,1965,
33672156059133.txt,1965,
36738903630274.txt,1965,
34674476034581.txt,1965,
01612596001630.txt,1958,
37683386039754.txt,1965,
19647330126573.txt,1965,
36750696037295.txt,1965,
20652436112312.txt,1965,
38684786041255.txt,1965,
19647336019442.txt,1965,
01612590115584.txt,1960,
48705320122267.txt,1965,
43694684333316.txt,1962,
37684113730124.txt,1965,
39686766042600.txt,1965,
19647330100289.txt,1965,
19645276013403.txt,1965,
19649076021976.txt,1965,
33751760139790.txt,1965,
27738256026413.txt,1965,
19647740109538.txt,1965,
07617960110973.txt,1965,
33671736059109.txt,1965,
54755236054241.txt,1965,
56726526062152.txt,1965,
43696666048417.txt,1965,
43694356102081.txt,1965,
34673140101790.txt,1965,
33672156109011.txt,1965,
19647336017453.txt,1965,
19647336018006.txt,1965,
19647330117911.txt,1965,
19647330129627.txt,1965,
19649076058523.txt,1965,
19649076021786.txt,1965,
48705406111405.txt,1965,
10621666006068.txt,1965,
33670333330602.txt,1965,
38684786102479.txt,1965,
39685853930443.txt,1965,
19647336017321.txt,1965,
30736353030392.txt,1965,
37683380118315.txt,1965,
29102980126219.txt,1965,
17640226010615.txt,1965,
03739816002828.txt,1965,
19647336018774.txt,1965,
50757396053185.txt,1965,
30666703034998.txt,1965,
12101240134163.txt,1965,
34673146032981.txt,1965,
24658396025795.txt,1965,
19649801938000.txt,1965,
47705086050967.txt,1965,
39754990102392.txt,1965,
32103220100057.txt,1965,
15633626113401.txt,1965,
19647330133694.txt,1965,
10624140123463.txt,1965,
19734526022388.txt,1965,
15637506120398.txt,1965,
54722316054498.txt,1965,
19647330141564.txt,1965,
19648406020929.txt,1965,
19647330117044.txt,1965,
19734526103352.txt,1965,
54755236054282.txt,1965,
19642876096135.txt,1965,
39686760121798.txt,1965,
30665976029391.txt,1965,
31667876109680.txt,1965,
43694506047237.txt,1965,
38684786040851.txt,1965,
19651020110098.txt,1965,
51105126069454.txt,1965,
30666706030449.txt,1965,
39686276119309.txt,1965,
19647330119727.txt,1965,
36677026119630.txt,1965,
57727100121749.txt,1965,
17640550129601.txt,1965,
39685850108225.txt,1965,
19753096107494.txt,1965,
36750776107346.txt,1965,
42691120111773.txt,1965,
01613096002604.txt,1965,
01612750136515.txt,1965,
56726036055768.txt,1965,
30103060142026.txt,1965,
19647336018238.txt,1965,
37683380135913.txt,1965,
17640550108340.txt,1965,
07617960733659.txt,1965,
39685850101956.txt,1965,
41689166043871.txt,1965,
39685776041966.txt,1965,
43696416048243.txt,1965,
19647336019640.txt,1965,
01612590128413.txt,1965,
10621666006530.txt,1965,
01612596002174.txt,1958,
42691200139824.txt,1965,
36677106115984.txt,1965,
19647250135525.txt,1965,
40104050101725.txt,1965,
36678270137182.txt,1965,
30665973034907.txt,1965,
30664313034204.txt,1965,
07617966057236.txt,1965,
43696256048102.txt,1965,
19647330121079.txt,1965,
43694014338505.txt,1965,
19647336018204.txt,1965,
19647336017651.txt,1965,
36679186037386.txt,1965,
36676786105712.txt,1965,
34673146112106.txt,1965,
19645016013171.txt,1965,
49709204934154.txt,1965,
19647336018576.txt,1965,
42692296045587.txt,1965,
34752830102236.txt,1965,
19648736117444.txt,1965,
43695006093058.txt,1965,
51713816053250.txt,1965,
19647336017123.txt,1965,
54718605433230.txt,1965,
50712906111017.txt,1965,
37682130136978.txt,1965,
19647330122564.txt,1965,
23656156025217.txt,1965,
37682216038764.txt,1965,
37680986107882.txt,1965,
19647336020002.txt,1965,
07617966004691.txt,1965,
36679346114698.txt,1965,
07617546004352.txt,1965,
37681060111195.txt,1965,
19648816021687.txt,1965,
07617210733998.txt,1965,
38684780107300.txt,1965,
19647740108381.txt,1965,
19734456014237.txt,1965,
09618796109698.txt,1965,
36677106120042.txt,1965,
36750773630423.txt,1965,
19734376057566.txt,1965,
56725126084891.txt,1965,
17640306010631.txt,1965,
10622406006704.txt,1965,
34752836107981.txt,1965,
43696256116081.txt,1965,
19753331935808.txt,1965,
39686760140616.txt,1965,
37737916095061.txt,1965,
19647336104822.txt,1965,
19647256116933.txt,1965,
19757136011035.txt,1965,
45699716050264.txt,1953,
19649800139311.txt,1965,
37681630137109.txt,1965,
39686766042576.txt,1965,
01611760134270.txt,1965,
19646346014476.txt,1965,
24657550120923.txt,1965,
50711676052849.txt,1965,
43694684330569.txt,1965,
36677776105589.txt,1965,
19648576021141.txt,1965,
33671990133579.txt,1965,
41689166043905.txt,1965,
43694196046841.txt,1965,
31667870126664.txt,1965,
19647336017719.txt,1965,
34674473432838.txt,1965,
45701106050462.txt,1965,
19649986112528.txt,1965,
54719935430194.txt,1965,
36678763630548.txt,1965,
37679910136176.txt,1965,
30666216029763.txt,1965,
28662666026975.txt,1965,
34765056033500.txt,1965,
43694840123760.txt,1965,
10739656006951.txt,1965,
04615496003354.txt,1965,
04615310121715.txt,1965,
21653676024376.txt,1965,
19651366058572.txt,1965,
19647336019046.txt,1965,
30666216061733.txt,1965,
28662666026785.txt,1965,
07618046071039.txt,1965,
39754993930393.txt,1965,
30666213038098.txt,1965,
43695006047369.txt,1965,
39685856111983.txt,1965,
40688416112155.txt,1965,
54722076054423.txt,1965,
09619786103527.txt,1965,
39686760120733.txt,1965,
50710680132662.txt,1965,
39686506106322.txt,1965,
56725465631742.txt,1965,
19647336018402.txt,1965,
19648406021000.txt,1965,
19647336017057.txt,1965,
34674390137406.txt,1965,
50755646052906.txt,1965,
19647256015341.txt,1965,
19647336016349.txt,1965,
04615236089080.txt,1965,
19734370132845.txt,1965,
48705406109128.txt,1965,
30666216029987.txt,1965,
19645926117246.txt,1965,
36678766037113.txt,1965,
07617886098578.txt,1965,
19645681934082.txt,1965,
56737596055933.txt,1965,
37680560110114.txt,1965,
36738900118109.txt,1965,
47704906050959.txt,1965,
43694196046882.txt,1965,
20652430139691.txt,1965,
41690396044911.txt,1965,
37683380123778.txt,1965,
58727366056667.txt,1965,
01751010130252.txt,1965,
34674390114546.txt,1965,
36678506114938.txt,1965,
37683950140327.txt,1965,
15636776111272.txt,1965,
37683380111906.txt,1965,
20652430113050.txt,1965,
19734521937564.txt,1965,
01611920133009.txt,1965,
43693776046379.txt,1965,
34752830108860.txt,1965,
33671996032502.txt,1965,
37683616120190.txt,1965,
48705734830089.txt,1965,
19647336019913.txt,1965,
19651106023667.txt,1965,
54767945436258.txt,1965,
38684786062038.txt,1965,
10625136007405.txt,1965,
07617966004915.txt,1965,
50711755030010.txt,1965,
19647331932383.txt,1965,
19734456014419.txt,1965,
10621660133942.txt,1965,
19647256015382.txt,1965,
30665226028484.txt,1965,
33670906032221.txt,1965,
01612596002216.txt,1958,
43696906049159.txt,1965,
55723895536503.txt,1965,
07616480100479.txt,1965,
54105460124057.txt,1965,
39686766042774.txt,1965,
19647336019244.txt,1965,
19649076021802.txt,1965,
37683796119341.txt,1965,
19647336110274.txt,1965,
37681300128793.txt,1965,
39685446117618.txt,1965,
36677106114052.txt,1965,
31668296031108.txt,1965,
30664236027247.txt,1965,
49708966052039.txt,1965,
19753090135145.txt,1965,
23656236025290.txt,1965,
19647336058218.txt,1965,
38684780123117.txt,1965,
01612590126748.txt,1965,
19642796011340.txt,1965,
47701856050652.txt,1965,
38684786041420.txt,1965,
19645506101497.txt,1965,
19648810117440.txt,1965,
19647330124511.txt,1965,
07617540135822.txt,1965,
16739326109888.txt,1965,
49708546051965.txt,1965,
19647330122606.txt,1965,
20764146110076.txt,1965,
10754081030253.txt,1965,
19647256015143.txt,1965,
19647330126474.txt,1965,
19650521938679.txt,1965,
19647336017255.txt,1965,
37683386039135.txt,1965,
36750776035257.txt,1965,
19734606096358.txt,1965,
37680236118988.txt,1965,
37683460106328.txt,1965,
19643296011829.txt,1965,
30664646120281.txt,1965,
37684526107585.txt,1965,
07617966114086.txt,1965,
38684786040919.txt,1965,
29663406027148.txt,1965,
34752836100432.txt,1965,
36678010131888.txt,1965,
19647330106997.txt,1965,
19647336019293.txt,1965,
56725126055164.txt,1965,
42691206046007.txt,1965,
19647330127795.txt,1965,
39685850102640.txt,1965,
37680236037980.txt,1965,
54721996112510.txt,1965,
33671246110027.txt,1965,
01612590110239.txt,1958,
07617546004030.txt,1965,
40687596043087.txt,1965,
19648730119446.txt,1965,
12627376007728.txt,1965,
19647330112060.txt,1965,
21654662134005.txt,1965,
36676786035570.txt,1965,
36678196036420.txt,1965,
37681970132290.txt,1965,
54719936107262.txt,1965,
36678433635042.txt,1965,
37683383730231.txt,1965,
07617396057186.txt,1965,
31668940138081.txt,1965,
43696256068167.txt,1965,
30103060134239.txt,1965,
09619780101519.txt,1965,
37735513730694.txt,1965,
33671240105940.txt,1965,
37681303731536.txt,1965,
19647330109454.txt,1965,
47704096050850.txt,1965,
30666703030491.txt,1965,
36679343630787.txt,1965,
19647336016836.txt,1965,
50711006116388.txt,1965,
49709046052088.txt,1965,
19648811931674.txt,1965,
39685850116608.txt,1965,
38684780120386.txt,1965,
19647336017297.txt,1965,
36678430118802.txt,1965,
44697994430518.txt,1965,
48705406051197.txt,1965,
37680986038939.txt,1965,
36678196036347.txt,1965,
30736506098511.txt,1965,
19647331930783.txt,1965,
19643450101600.txt,1965,
01611276090146.txt,1965,
36678763632809.txt,1965,
34765056059257.txt,1965,
19645686061303.txt,1965,
37684113732849.txt,1965,
10739656115521.txt,1965,
36676373630290.txt,1965,
27661342731115.txt,1965,
19645500138172.txt,1965,
01612596001911.txt,1950,
19647331930973.txt,1965,
36677776109615.txt,1965,
17640556107049.txt,1965,
19647336018832.txt,1965,
36678766036768.txt,1965,
30666706030266.txt,1965,
10621660141127.txt,1965,
37682960141390.txt,1965,
36677026118467.txt,1965,
36103633630431.txt,1965,
34674393430154.txt,1965,
37683386039861.txt,1965,
10621666120125.txt,1965,
36750776112825.txt,1965,
31669280139840.txt,1965,
19647330119685.txt,1965,
49706496051635.txt,1965,
54755236054308.txt,1965,
36676456099204.txt,1965,
39686196042428.txt,1965,
19647336016638.txt,1965,
11626616007611.txt,1965,
15633216008858.txt,1965,
37680566088983.txt,1965,
30665976029227.txt,1965,
36677366035935.txt,1965,
34673300100404.txt,1965,
43693776067177.txt,1965,
38684786041347.txt,1965,
30736436030589.txt,1965,
54722316054506.txt,1965,
16639251634245.txt,1965,
30666706110175.txt,1965,
19647331931476.txt,1965,
19647330111583.txt,1965,
07617540731836.txt,1965,
36678763630993.txt,1965,
39685853930278.txt,1965,
38684786040703.txt,1965,
19645686013742.txt,1965,
19647336016604.txt,1965,
19753416022081.txt,1965,
23752182330207.txt,1965,
40687596043079.txt,1965,
19647330106955.txt,1965,
56737596056022.txt,1965,
37680236037956.txt,1965,
19647336019251.txt,1965,
19768690128728.txt,1965,
30664316058887.txt,1965,
19647330133736.txt,1965,
37684030125401.txt,1965,
16739321630953.txt,1965,
01612590115618.txt,1956,
19642871938166.txt,1965,
30666216029789.txt,1965,
19647336017081.txt,1965,
19647330129593.txt,1965,
33670583330669.txt,1965,
36739570110718.txt,1965,
45701106050488.txt,1965,
34674396034243.txt,1965,
30666966030464.txt,1965,
41689166043723.txt,1965,
19647741935436.txt,1965,
19647336017917.txt,1965,
13631491335306.txt,1965,
43695836047914.txt,1965,
19649076108922.txt,1965,
37682963730074.txt,1965,
09618386110456.txt,1965,
30666216029979.txt,1965,
34765050101832.txt,1965,
37756146093272.txt,1965,
15638266057426.txt,1965,
15633216009005.txt,1965,
15635291532605.txt,1965,
37679916037642.txt,1965,
33736766112874.txt,1965,
30664313038239.txt,1965,
24657556025530.txt,1965,
43695756047765.txt,1965,
22655322230035.txt,1965,
50757395036884.txt,1965,
56724626055032.txt,1965,
19647330111971.txt,1965,
33752420112102.txt,1965,
43696666048748.txt,1965,
19647256015432.txt,1935,
30736506111876.txt,1965,
01612910141473.txt,1965,
27659876026025.txt,1965,
07617966004733.txt,1965,
10622650108092.txt,1965,
19101990140681.txt,1965,40000
34674476111363.txt,1965,
30666216116586.txt,1965,
19647330130997.txt,1965,
52716546053672.txt,1965,
43693690125526.txt,1965,
43693776046387.txt,1965,
10739656006944.txt,1965,
42692606045785.txt,1965,
19647336019053.txt,1965,
19734601939149.txt,1965,
50711676052690.txt,1965,
19647336016406.txt,1965,
30736356030175.txt,1965,
37735516037782.txt,1965,
15638006010169.txt,1965,
07616486108989.txt,1965,
37680236038046.txt,1965,
21102150135350.txt,1965,
19647331930387.txt,1965,
39685936112197.txt,1965,
07616486003610.txt,1965,
39103973930195.txt,1965,
55723636054852.txt,1965,
37103716069355.txt,1965,
21654822133692.txt,1965,
05615726003388.txt,1965,
09619116103857.txt,1965,
55724135530100.txt,1965,
17640551730035.txt,1965,
19647336017693.txt,1965,
19647336058184.txt,1965,
43695916049464.txt,1965,
36677106068761.txt,1965,
36678433634995.txt,1965,
42692296045579.txt,1965,
31669106031249.txt,1965,
33103300110833.txt,1965,
37683386040018.txt,1965,
34739736032924.txt,1965,
39686760108647.txt,1965,
21653596024335.txt,1965,
50755646052898.txt,1965,
54722560139105.txt,1965,
34674130114660.txt,1965,
10619946005730.txt,1965,
41690216044788.txt,1965,
37683386039242.txt,1965,
56725536055412.txt,1965,
35674706104509.txt,1965,
19647336017644.txt,1965,
19648730136705.txt,1965,
43696740135970.txt,1965,
42692606045801.txt,1965,
12629276008023.txt,1965,
10739650140269.txt,1965,
06616140635250.txt,1965,
19649076101133.txt,1965,
38684783833407.txt,1965,
49709206060271.txt,1965,
45699894530226.txt,1965,
19651360138727.txt,1965,
37683380111898.txt,1965,
30665226028526.txt,1965,
37682056038665.txt,1965,
19647336015721.txt,1965,
39767600129312.txt,1965,
19648816021679.txt,1965,
43694196046908.txt,1965,
19644366012645.txt,1965,
27660926058713.txt,1965,
01612000135376.txt,1965,
48705736051288.txt,1965,
19650456071682.txt,1965,3000
36676783631769.txt,1965,
19642460108407.txt,1965,
12629760115154.txt,1965,
40688096043202.txt,1965,
23738662330041.txt,1965,
43694274332995.txt,1965,
33671240108134.txt,1965,
56737596055891.txt,1965,
39686760118497.txt,1965,
33672150131359.txt,1965,
36676116035380.txt,1965,
43693696046247.txt,1965,
37683380109033.txt,1965,
51714645130125.txt,1965,
19734376013494.txt,1965,
30666216058945.txt,1965,
33670336061766.txt,1965,
07616550102376.txt,1965,
37683790137737.txt,1965,
24102492430171.txt,1965,
30666706099816.txt,1965,
19647336016943.txt,1965,
15633626104632.txt,1965,
37683386040232.txt,1965,
37683463730033.txt,1965,
34674476034524.txt,1965,
56737595633748.txt,1965,
37683386039929.txt,1965,
10622650116657.txt,1965,
34674396111389.txt,1965,
07617626119226.txt,1965,
30664496027452.txt,1965,
33671243330396.txt,1965,
19734376023782.txt,1965,
54755310102186.txt,1965,
25735856025886.txt,1965,
54719930123661.txt,1965,
07617476003925.txt,1965,
36678506036636.txt,1965,
01751016117600.txt,1965,
19647330117051.txt,1965,
36677773630217.txt,1965,
26736682635001.txt,1965,
36675956107510.txt,1965,
19647330121285.txt,1965,
47764554730107.txt,1965,
37103710128520.txt,1965,
33672156059141.txt,1965,
24753660131862.txt,1965,
19647336017446.txt,1965,
54722560133819.txt,1965,
19644366012447.txt,1965,
30736356110845.txt,1965,
19648651995588.txt,1965,
19734526022404.txt,1965,
19645766013866.txt,1965,
21654176024582.txt,1965,
33672153336492.txt,1965,
38684786040893.txt,1965,
49708624930103.txt,1965,
39685936110555.txt,1965,
36676786098354.txt,1965,
19647336019319.txt,1965,
19734526022362.txt,1965,
54722316054472.txt,1965,
30665226028724.txt,1965,
21654256024632.txt,1965,
27659616026009.txt,1965,
57726780111401.txt,1965,
30665066028195.txt,1959,
07773540132233.txt,1965,
25735856025845.txt,1965,
19734376023741.txt,1965,
43694356111942.txt,1965,
19649316022180.txt,1965,
10621660129338.txt,1965,
34674473430394.txt,1965,
33670586031926.txt,1965,
16638756010284.txt,1965,
16639416010474.txt,1965,
30665976029409.txt,1965,
19101990132605.txt,1965,
19647331931500.txt,1965,
37682966039010.txt,1965,
19647330128512.txt,1965,
19646836014815.txt,1965,
19646670123174.txt,1965,
24753662430114.txt,1965,
19647336019327.txt,1965,
56726526062145.txt,1965,
19650606023121.txt,1965,
56725386055297.txt,1965,
33751920101097.txt,1965,
19734526022412.txt,1965,
19650376022842.txt,1965,
43696740110700.txt,1965,
36679186113757.txt,1965,
15634046009369.txt,1965,
45701364530309.txt,1965,
33752420109124.txt,1965,
37683386096879.txt,1965,
16639251630169.txt,1965,
54722316054464.txt,1965,
30665226028732.txt,1965,
37683383733698.txt,1965,
01611196090112.txt,1965,
23656232335487.txt,1965,
07617966005003.txt,1965,
36678503630159.txt,1965,
19648576021208.txt,1965,
36677106035869.txt,1965,
10622651033703.txt,1965,
15634120100529.txt,1965,
19647746115539.txt,1965,
19753410141721.txt,1965,
36750776110605.txt,1965,
36676110112672.txt,1965,
37103710136085.txt,1965,
23102312330124.txt,1965,
30666476068621.txt,1965,
37682130126995.txt,1965,
39103970124958.txt,1965,
19647330121293.txt,1965,
19647330117721.txt,1965,
37683386039903.txt,1965,
19647336057921.txt,1965,
30739246029060.txt,1965,
37680566038111.txt,1965,
36679186105860.txt,1965,
34765050130757.txt,1965,
42691956045462.txt,1965,
54719935430236.txt,1965,
07617476003933.txt,1965,
39686760115402.txt,1965,
30736433030590.txt,1965,
36679596114177.txt,1965,
43695344334371.txt,1965,
58105875830047.txt,1965,
19647336017487.txt,1965,
41688826043566.txt,1965,
37683386040224.txt,1965,
30736506085344.txt,1965,
15633216111264.txt,1965,
10624146007116.txt,1965,
39686766042824.txt,1965,
30664496027478.txt,1965,
50757396053151.txt,1965,
54722565430046.txt,1965,
01612596001697.txt,1961,
34674396033880.txt,1965,
38684786041594.txt,1965,
55724216115018.txt,1965,
19647330128710.txt,1965,
51714640113134.txt,1965,
37683386059588.txt,1965,
15634040120139.txt,1965,
19647336019657.txt,1965,
29102980116681.txt,1965,
19101990135368.txt,1965,
43694506115943.txt,1965,
56725536055438.txt,1965,
19647331931716.txt,1965,
19647336016570.txt,1965,
19647336016216.txt,1965,
19647331931070.txt,1965,
30665226028518.txt,1965,
42772060138370.txt,1965,
33669776031520.txt,1965,
34103480106278.txt,1965,
36677106108054.txt,1965,
56726036055743.txt,1965,
37682056038673.txt,1965,
33751766109938.txt,1965,
58727360119362.txt,1965,
28102800142034.txt,1965,
21653186024244.txt,1965,
36677776036008.txt,1965,
19648576113906.txt,1965,
33670330100982.txt,1965,
30664646117758.txt,1965,
43696416048268.txt,1965,
22655326025001.txt,1965,
56725536055404.txt,1965,
01750930136929.txt,1965,
27660926058739.txt,1965,
14101401430073.txt,1965,
36678500116483.txt,1965,
37683040102178.txt,1965,
37682216038798.txt,1965,
36675876120604.txt,1965,
33751920105742.txt,1965,
01611270130450.txt,1965,
04614576003131.txt,1965,
07617546004345.txt,1965,
37683386093256.txt,1965,
19647336017875.txt,1965,
33670906032197.txt,1965,
37684520114264.txt,1965,
36678763631090.txt,1965,
10621666006282.txt,1965,
01611276095376.txt,1965,
27102726069512.txt,1965,
19649070111047.txt,1965,
33671736112692.txt,1965,
39686760111328.txt,1965,
40687006042915.txt,1965,
19647336058192.txt,1965,
37683386039283.txt,1965,
19646916014831.txt,1965,
37683386040026.txt,1965,
36679186037352.txt,1965,
34674476034730.txt,1965,
19647336017685.txt,1965,
39767600128967.txt,1965,
30666966030506.txt,1965,
43695916049472.txt,1965,
33671243330800.txt,1965,
37680496038095.txt,1965,
12630326008163.txt,1965,
27754400111088.txt,1965,
50710686071575.txt,1965,
42692606045793.txt,1965,
41690210138685.txt,1965,
43694500113662.txt,1965,
18641960135756.txt,1965,
54722566054688.txt,1965,
19647336019723.txt,1965,
19647336060586.txt,1965,
36678196113476.txt,1965,
27659876026033.txt,1965,
01612006110332.txt,1965,
37679916037683.txt,1965,
37682963735867.txt,1965,
42104214230157.txt,1965,
19647330138305.txt,1965,
33672073330172.txt,1965,
45699556050207.txt,1965,
41690624130993.txt,1965,
33671736032387.txt,1965,
19647336019079.txt,1965,
44697996049696.txt,1965,
37680986038244.txt,1965,
56724626055024.txt,1965,
19646676014708.txt,1965,
43694506047195.txt,1965,
37683383730959.txt,1965,
19647256015424.txt,1965,
30665226028336.txt,1965,
33751763330115.txt,1965,
01611760127233.txt,1965,
45701106101612.txt,1965,
10621660136150.txt,1965,
15633706009278.txt,1965,
01612590132514.txt,1965,
01612756002307.txt,1965,
30666216029748.txt,1965,
10624306007348.txt,1965,
19647336017040.txt,1965,
30665226028450.txt,1965,
33736760121673.txt,1965,
49707140126888.txt,1965,
15633216009013.txt,1965,
01612590115626.txt,1958,
49707146051742.txt,1965,
19647256057830.txt,1965,
36677360116723.txt,1965,
19647336060545.txt,1965,
15751681530401.txt,1965,
50712906120430.txt,1965,
07617960126805.txt,1965,
42692606045744.txt,1965,
23739166025308.txt,1965,
34673146033054.txt,1965,
43733876047674.txt,1965,
07618046066591.txt,1965,
27738252730125.txt,1965,
19647330129585.txt,1965,
34673306106892.txt,1965,
19642461995844.txt,1965,
13630736008288.txt,1965,
19647330110304.txt,1965,
01611926000996.txt,1965,
30666966030472.txt,1965,
41690474133070.txt,1965,
13631726008585.txt,1965,
45698564530028.txt,1965,
19642876011449.txt,1965,
01612000130393.txt,1965,
56737596093181.txt,1965,
07616480110494.txt,1965,
34673146120000.txt,1965,
30666216029953.txt,1965,
56725460141838.txt,1965,
37681146038269.txt,1965,
07616480115063.txt,1965,
19647336016612.txt,1965,
04615230110510.txt,1965,
19647336016174.txt,1965,
21654586024830.txt,1965,
39686763930427.txt,1965,
19647256015168.txt,1965,
20652436023949.txt,1965,
54721570114595.txt,1965,
34673306107965.txt,1965,
47704826050942.txt,1965,
04755070433946.txt,1965,
01611190134304.txt,1965,
30665976029219.txt,1965,
15633216008866.txt,1965,
33670906112858.txt,1965,
36678686036735.txt,1965,
56726116055834.txt,1965,
40687596043053.txt,1965,
33670900114157.txt,1965,
39686763937406.txt,1965,
33751926113641.txt,1965,
43104390125781.txt,1965,
34673146113179.txt,1965,
10738096006019.txt,1965,
37735510127423.txt,1965,
30736506106850.txt,1965,
20652430110957.txt,1965,
30666476097018.txt,1965,
37683380141317.txt,1965,
19647330119693.txt,1965,
19734526022214.txt,1965,
36750776035240.txt,1965,
36676786107270.txt,1965,
07617136003750.txt,1965,
15634796112791.txt,1965,
31667956031066.txt,1965,
19647336019509.txt,1965,
10621660132134.txt,1965,
19647336018824.txt,1965,
22102236105308.txt,1965,
37754160139378.txt,1965,
01611436090211.txt,1965,
15636280138131.txt,1965,
38684780118141.txt,1965,
37764710123042.txt,1965,
19734456022396.txt,1965,
19647330117655.txt,1965,
19647336057855.txt,1965,
37681976038418.txt,1965,
49706236051619.txt,1965,
39685850102657.txt,1965,
19647331939941.txt,1965,
49708546051999.txt,1965,
56105616055974.txt,1965,
20651856101521.txt,1965,
36678270137208.txt,1965,
19645686013783.txt,1965,
17769761730050.txt,1965,
19753090137786.txt,1965,
45752676050579.txt,1965,
42750100138891.txt,1965,
10101081030337.txt,1965,
43696256067243.txt,1965,
31669100116624.txt,1965,
37681063735313.txt,1965,
15633626009260.txt,1965,
30736356066872.txt,1965,
09619780108258.txt,1965,
30736436030548.txt,1965,
42771980138362.txt,1965,
21654096024483.txt,1965,
01100170130401.txt,1965,
36677020117382.txt,1965,
37680230141218.txt,1965,
30665226028690.txt,1965,
39754996109003.txt,1965,
01612590135905.txt,1965,
35674700115428.txt,1965,
41689996044309.txt,1965,
07617136003792.txt,1965,
38684786097919.txt,1965,
01751016089361.txt,1965,
19734370137240.txt,1965,
20755802030203.txt,1965,
37681630138628.txt,1965,
42767860123885.txt,1965,
19647330109330.txt,1965,
36676786108195.txt,1965,
20764140115527.txt,1965,
43693776095335.txt,1965,
41690620138420.txt,1965,
01611926001135.txt,1965,
39686760139923.txt,1965,
56725386055321.txt,1965,
33669930136788.txt,1965,
30736506089437.txt,1965,
29102980114322.txt,1965,
19650601939602.txt,1965,
30666706061758.txt,1965,
34673146113187.txt,1965,
31668296101778.txt,1965,
36678926037188.txt,1965,
33751920142018.txt,1965,
30665066028021.txt,1956,
33672156032668.txt,1965,
19647336019285.txt,1965,
50755645030192.txt,1965,
40688094030045.txt,1965,
50712170133124.txt,1965,
56725126055172.txt,1965,
01611766000715.txt,1965,
43696906049167.txt,1965,
01612590130666.txt,1965,
19647336018170.txt,1965,
44754326049936.txt,1965,
30736500129296.txt,1965,
40687596043046.txt,1965,
34674476034490.txt,1965,
19645016013205.txt,1965,
01750930123935.txt,1965,
12768026007876.txt,1965,
43694840114496.txt,1965,
36678766036958.txt,1965,
19647330122176.txt,1965,
30664646068589.txt,1965,
19647336058226.txt,1965,
34673550119131.txt,1965,
41690050132068.txt,1965,
37754160139386.txt,1965,
27662256026694.txt,1965,
43694014330239.txt,1965,
49708546051973.txt,1965,
10621666112619.txt,1965,
34673300111278.txt,1965,
34765053430634.txt,1965,
37682966085088.txt,1965,
13631496008528.txt,1965,
11754811130145.txt,1965,
19643296011803.txt,1965,
49708620131961.txt,1965,
04755070433953.txt,1965,
19647330125625.txt,1965,
19647336057897.txt,1965,
33671736032437.txt,1965,
19651361931492.txt,1965,
36679180113779.txt,1965,
19734456014369.txt,1965,
43693936046692.txt,1965,
36678766037139.txt,1965,
19645506013536.txt,1965,
37681303732559.txt,1965,
58727366056659.txt,1965,
33671246103501.txt,1965,
19647336060578.txt,1965,
19647336019905.txt,1965,
52715486053532.txt,1965,
56737595630108.txt,1965,11975
19753416021992.txt,1965,
42691386119804.txt,1965,
56726526056154.txt,1965,
10621660140038.txt,1965,
19650606023295.txt,1965,
19648576107635.txt,1965,
19651106023659.txt,1965,
33669776031496.txt,1965,
19650291938455.txt,1965,
56737596055925.txt,1965,
49708540132357.txt,1965,
33751923330370.txt,1965,
36678766037105.txt,1965,
42692606045751.txt,1965,
43695756047799.txt,1965,
56739405633250.txt,1965,
19647336019087.txt,1965,
37682130123224.txt,1965,
44697996108146.txt,1965,
58727366099014.txt,1965,
19648326095442.txt,1965,
19647336019939.txt,1965,
19647336119093.txt,1965,
50710436052435.txt,1965,
19647336017727.txt,1965,
33736766031710.txt,1965,
49709204930244.txt,1965,
36677106119986.txt,1965,
33670330113647.txt,1965,
09618530932756.txt,1965,
37683380108266.txt,1965,
37680986038251.txt,1965,
44698074430179.txt,1965,
10621666006308.txt,1965,
47705164730024.txt,1965,
16638916010342.txt,1965,
30666216061725.txt,1965,
34674396096150.txt,1965,
12628516007918.txt,1965,
37681976098446.txt,1965,
56726036055636.txt,1965,
30736500140988.txt,1965,
30103060133959.txt,1965,
17640140138537.txt,1965,
31669100127639.txt,1965,
20652430123620.txt,1965,
50710846052534.txt,1965,
36676456035489.txt,1965,
37683386040190.txt,1965,
19647330122374.txt,1965,
39685856104426.txt,1965,
19647331932342.txt,1965,
36675870138529.txt,1965,
39686760120725.txt,1965,
19647336018428.txt,1965,
33671246109979.txt,1965,
01612426097679.txt,1965,
19647336119044.txt,1965,
01611270130294.txt,1965,
19649071933175.txt,1965,
15633626009922.txt,1965,
41688666043475.txt,1965,
30664643036001.txt,1965,
19651366058564.txt,1965,
13630736008262.txt,1965,
33752000102079.txt,1965,
34673146033096.txt,1965,
07617960132118.txt,1965,
30667466030795.txt,1965,
16639176108815.txt,1965,
15635036112270.txt,1965,
13631806008593.txt,1965,
41689166043913.txt,1965,
43694356115851.txt,1965,
33671576111488.txt,1965,
43696666048763.txt,1965,
37683386039309.txt,1965,
20755802030161.txt,1965,
19647331931930.txt,1965,
33672156032536.txt,1965,
30664496058911.txt,1965,
37679916037709.txt,1965,
31750850141259.txt,1965,
34674396034334.txt,1965,
30103060139469.txt,1965,
30666213035409.txt,1965,
42767866111603.txt,1965,
19734376057558.txt,1965,
07616486115703.txt,1965,
44697996049720.txt,1965,
19647336019871.txt,1965,
30665226028294.txt,1965,
07617546004378.txt,1965,
19647336020028.txt,1965,
15634796109987.txt,1965,
37681140131920.txt,1965,
24753172430015.txt,1965,
10101086085112.txt,1965,
19647336019681.txt,1965,
19644696012959.txt,1965,
10622406006712.txt,1965,
43695910132373.txt,1965,
50711676052724.txt,1965,
37683380111864.txt,1965,
36676523634482.txt,1965,
43104390124065.txt,1965,
36678766037071.txt,1965,
01612756002299.txt,1965,
25735852530020.txt,1965,
33103300138602.txt,1965,
37682216038772.txt,1965,
54768365431598.txt,1965,
33752006117659.txt,1965,
04100410114991.txt,1965,
19646676014682.txt,1965,
37684526110399.txt,1965,
19642876011514.txt,1965,
01611190130229.txt,1965,
34673303430667.txt,1965,
20102072030229.txt,1965,
07617886084966.txt,1965,
15737426009310.txt,1965,
34103480106245.txt,1965,
33670330123828.txt,1965,
30667466030811.txt,1965,
37683386061980.txt,1965,
07616300107524.txt,1965,
19649071996495.txt,1965,
24658626111991.txt,1965,
19647336018212.txt,1965,
33671730123703.txt,1965,
30666476119556.txt,1965,
15635036111157.txt,1965,
48705406051221.txt,1957,
19647336058150.txt,1965,
30666703036357.txt,1965,
33736766032379.txt,1965,
19646676108526.txt,1965,
37683043735974.txt,1965,
19647330122200.txt,1965,
01611920108670.txt,1965,
19645276061295.txt,1965,
36678760110783.txt,1965,
37681223732179.txt,1965,
19650606022982.txt,1965,
36677100133371.txt,1965,
43696256048128.txt,1965,
38684780123505.txt,1965,
19648736114615.txt,1965,
01750930114579.txt,1965,
34765056033476.txt,1965,
36750693630456.txt,1965,
45699480139543.txt,1965,
07618046100952.txt,1965,
10738091030121.txt,1965,
36678436036537.txt,1965,
34673140135392.txt,1965,
30665143030335.txt,1965,
09618386005474.txt,1965,
34674396034136.txt,1965,
36678196036230.txt,1965,
12627456007744.txt,1965,
30664646097398.txt,1965,
33672156032734.txt,1965,
01613096002612.txt,1965,
19648406020903.txt,1965,
19643376011928.txt,1965,
42691796045371.txt,1965,
19647330101618.txt,1965,
36678013634169.txt,1965,
09619036005540.txt,1965,
30736356085336.txt,1965,
19646836085658.txt,1965,
10622650116640.txt,1965,
33672156107957.txt,1965,
50712740121558.txt,1965,
19647330141572.txt,1965,
19649806093538.txt,1965,
33671246106041.txt,1965,
30664496027445.txt,1965,
19647336019483.txt,1965,
19647336016968.txt,1965,
31669283135308.txt,1965,
01612590132688.txt,1965,
52716216106686.txt,1965,
54722560101857.txt,1965,
39754990102384.txt,1965,
38684786041230.txt,1965,
56725460115105.txt,1965,
19647330126516.txt,1965,
44698236060149.txt,1965,
50757396053193.txt,1965,
39685856042063.txt,1965,
01612596001655.txt,1948,
19643296011787.txt,1965,
37684113738234.txt,1965,
19642956011530.txt,1965,
43696416060081.txt,1965,
42691956045488.txt,1965,
36676786111215.txt,1965,
19645681933472.txt,1965,
01612590114868.txt,1965,
27738256026405.txt,1965,
19647330129619.txt,1965,
56725465630066.txt,1965,
30665483032158.txt,1965,
37684116120968.txt,1965,
19645686013635.txt,1965,
12630320124289.txt,1965,
19647336066294.txt,1965,
19647336017479.txt,1965,
43697086049373.txt,1965,
19647330125989.txt,1965,
43697086049415.txt,1965,
01612590115592.txt,1965,
10623641034990.txt,1965,
29102980126227.txt,1965,
34765053433265.txt,1965,
36676786098347.txt,1965,
37683386069116.txt,1965,
19647336018014.txt,1965,
39685936104533.txt,1965,
19649076021794.txt,1965,
37683386039721.txt,1965,
54768365430319.txt,1965,
19647330117903.txt,1965,
04615316113765.txt,1965,
49708626062137.txt,1965,
41690706059984.txt,1965,
19645686013619.txt,1965,
43104390123281.txt,1965,
10739990141036.txt,1965,
01612006089338.txt,1965,
19647336018766.txt,1965,
13631641335900.txt,1965,25863
01611766000665.txt,1965,
19645276013411.txt,1965,
36677106035844.txt,1965,
37103710124321.txt,1965,
37684113732047.txt,1965,
07618040113118.txt,1965,
15634046009344.txt,1965,
15635780135186.txt,1965,
36678766036800.txt,1965,
51714236053318.txt,1965,
19642611930288.txt,1965,
19649806022644.txt,1965,
19645686057715.txt,1965,
30664646115406.txt,1965,
19647330127803.txt,1965,
19647330119735.txt,1965,
37681976038541.txt,1965,
50710430108076.txt,1965,
36677026119622.txt,1965,
36677776113070.txt,1965,
27661346058754.txt,1965,
01611500133876.txt,1965,
56739405630371.txt,1965,
36677026116263.txt,1965,
19647336016950.txt,1965,
36676783631587.txt,1965,
30665066028179.txt,1949,
13631230122663.txt,1965,
33671246108732.txt,1965,
01100170136101.txt,1965,
21654586024772.txt,1965,
36750440112441.txt,1965,
01611926001051.txt,1965,
39685856108807.txt,1965,
24657486109649.txt,1965,
30664313033784.txt,1965,
10621661030584.txt,1965,
33751760120204.txt,1965,
47705086050975.txt,1965,
30665143033610.txt,1965,
15634046009393.txt,1965,
19643376011910.txt,1965,
33672156032718.txt,1965,
54755236054290.txt,1965,
41690056044499.txt,1965,
36677106035893.txt,1965,
15633620113951.txt,1965,
19647330133686.txt,1965,
19643291931088.txt,1965,
39767600106484.txt,1965,
19645016013163.txt,1965,
37683383732781.txt,1965,
37683386039523.txt,1965,
34765050101766.txt,1965,
34674470135772.txt,1965,
43696256048110.txt,1965,
37684110115873.txt,1965,
36678270137190.txt,1965,
19647331932540.txt,1965,
19647336017131.txt,1965,
36677020135293.txt,1965,
42692296045595.txt,1965,
45701106050538.txt,1965,
43696256093066.txt,1965,
50710506052492.txt,1965,
43694506071542.txt,1965,
21654172133056.txt,1965,
37735513731163.txt,1965,
34674476034912.txt,1965,
19647336058168.txt,1965,
07616480113761.txt,1965,
18641056010730.txt,1965,
19647330124891.txt,1965,
56739406106447.txt,1965,
39685776041974.txt,1965,
08618206005441.txt,1965,
30664640124743.txt,1965,
24657892430205.txt,1965,
36675870131441.txt,1965,
33670336112957.txt,1965,
42691120124255.txt,1965,
30664230140236.txt,1965,
43693696046254.txt,1965,
36675876116370.txt,1965,
30667466030829.txt,1965,
50757396118814.txt,1965,
19647336113419.txt,1965,
33672493337656.txt,1965,
37683043735958.txt,1965,
10621666006522.txt,1965,
01612590112789.txt,1926,
33670586116636.txt,1965,
34673140105916.txt,1965,
15737426009328.txt,1965,
35674700121400.txt,1965,
37683386114300.txt,1965,
36676780110726.txt,1965,
10621660108118.txt,1965,
19734376013478.txt,1965,
37756146106124.txt,1965,
19753336020416.txt,1965,
19647336015929.txt,1965,
41690704132551.txt,1965,
50711676052708.txt,1965,
54718376100267.txt,1965,
44697736049613.txt,1965,
54722566054712.txt,1965,
37684526040596.txt,1965,
19757136011027.txt,1965,
56726035635008.txt,1965,
37682966107460.txt,1965,
41689166115364.txt,1965,
07617966004873.txt,1965,
34765050108795.txt,1965,
43696416048292.txt,1965,
37679916037725.txt,1965,
56726526056030.txt,1965,
41690216044770.txt,1965,
56725206055198.txt,1965,
19647336020010.txt,1965,
30736436030613.txt,1965,
34765050100487.txt,1965,
43695756047831.txt,1965,
49709206060289.txt,1965,
19753336020358.txt,1965,
37683046105563.txt,1965,
45104540132944.txt,1965,
39685696041917.txt,1965,
19647330111625.txt,1965,
33671990110577.txt,1965,
42691200102863.txt,1965,
57727106056477.txt,1965,
19647331930551.txt,1965,
43694014330759.txt,1965,
51713576053235.txt,1965,
30103060133785.txt,1965,
50712906095517.txt,1965,
37683386039457.txt,1965,
38684786041156.txt,1965,
19647330122416.txt,1965,
19650601938083.txt,1965,
19647901935899.txt,1965,
41688666043459.txt,1965,
13630996008379.txt,1965,
44698234430096.txt,1965,
43694274330015.txt,1965,
43104390133496.txt,1965,
19734451996560.txt,1965,
30736436118772.txt,1965,
19646340128991.txt,1965,
30103060134940.txt,1965,
19647906020481.txt,1965,
19647336018410.txt,1965,
19753090136648.txt,1965,
13630811331404.txt,1965,
39685446110373.txt,1965,
10621666006324.txt,1965,
34674396096168.txt,1965,
45752674531901.txt,1965,
19101990139345.txt,1965,
43693696046320.txt,1965,
36738586035273.txt,1965,
34673306033179.txt,1965,
19649076066781.txt,1965,
10621666116651.txt,1965,
19647330121137.txt,1965,
43695836100325.txt,1965,
30666476030936.txt,1965,
28662666026967.txt,1965,
12628366007892.txt,1965,
30666216029771.txt,1965,
19645926014013.txt,1965,
30666476085633.txt,1965,
33670826084628.txt,1965,
19647330122358.txt,1965,
10621666006456.txt,1965,
45701106050470.txt,1965,
33736766031728.txt,1965,
19651106023675.txt,1965,
43694356047120.txt,1965,
36678196036156.txt,1965,
33671996032510.txt,1965,
35675383537008.txt,1965,
27660926026355.txt,1965,
34674396034250.txt,1965,
43693776068928.txt,1965,
37681556117303.txt,1965,
24736192430031.txt,1965,
33752426111033.txt,1965,
33752006108153.txt,1965,
07618040736504.txt,1965,
35674700127688.txt,1965,
19647336016398.txt,1965,
39767600114645.txt,1965,
56737596055909.txt,1965,
36678766067078.txt,1965,
07617966004907.txt,1965,
34674476068670.txt,1965,
48705736051338.txt,1965,
33752000118794.txt,1965,
41690396044903.txt,1965,
43694196046890.txt,1965,
15638266105415.txt,1965,
39686766118871.txt,1965,
33670336117998.txt,1965,
33670336031793.txt,1965,
19647336015861.txt,1965,
19645926013973.txt,1965,
37681060137034.txt,1965,
19648576021190.txt,1965,
35675383530029.txt,1965,
07617540730044.txt,1965,
30736503035102.txt,1965,
30664490140350.txt,1965,
19647330111989.txt,1965,
07617546004220.txt,1965,
30103063030723.txt,1965,
33672490121319.txt,1965,
31669516108351.txt,1965,
58727366056675.txt,1965,
19734456014351.txt,1965,
20652430100016.txt,1965,
43694270125427.txt,1965,
19647330122614.txt,1965,
37683796085146.txt,1965,
05615560532507.txt,1965,
39685936042360.txt,1965,
37683386039655.txt,1965,
20652436023964.txt,1965,
48705326051049.txt,1965,
36678766036784.txt,1965,
34673303430501.txt,1965,
19647330124503.txt,1965,
19647330125609.txt,1965,
30736356110936.txt,1965,
19647330126466.txt,1965,
13631496008510.txt,1965,
19647330118588.txt,1965,
37682136097190.txt,1965,
01612756066492.txt,1965,
54105465430343.txt,1965,
43693696046122.txt,1965,
39686766042766.txt,1965,
30664493030640.txt,1965,
10621666006126.txt,1965,
19734376012389.txt,1965,
33672490102715.txt,1965,
12629846008106.txt,1965,
31669440121624.txt,1965,
31667796031017.txt,1965,
43696666048565.txt,1965,
39686760114876.txt,1965,
23656236025282.txt,1965,
24657892430601.txt,1965,
36678766036974.txt,1965,
19647336110266.txt,1965,
36678500121160.txt,1965,
04614246003081.txt,1965,
19648576119143.txt,1965,
23655812330090.txt,1965,
28102802830073.txt,1965,
33669930140632.txt,1965,
34674396034052.txt,1965,
37737916114169.txt,1965,
36678196036354.txt,1965,
33672156032650.txt,1965,
40687596043095.txt,1965,
37683386059604.txt,1965,
33670823332673.txt,1965,
19647330140046.txt,1965,
01751016002356.txt,1965,
49738824930046.txt,1965,
19648656117584.txt,1965,
19647586020085.txt,1965,
20652436024004.txt,1965,
19647256015192.txt,1965,
37680806066989.txt,1965,
48705320102012.txt,1965,
19647090107508.txt,1965,
30666473031945.txt,1965,
30666473030483.txt,1965,
37683386059638.txt,1965,
07617966114094.txt,1965,
41689996044325.txt,1965,
19734456014153.txt,1965,
30736436030571.txt,1965,
07617546096226.txt,1965,
33103300128777.txt,1965,
19647330127787.txt,1965,
42691206046015.txt,1965,
01612596001903.txt,1959,
50757390124669.txt,1965,
19645191930320.txt,1965,
37683380132316.txt,1965,
19645686061311.txt,1954,
30736500135137.txt,1965,
09737830121566.txt,1965,
48705324832259.txt,1965,
37680236118970.txt,1965,
33672150100545.txt,1965,
33672496115125.txt,1965,
07617886004568.txt,1965,
43693776093033.txt,1965,
56726036084917.txt,1965,
19734376012405.txt,1965,
43696664330593.txt,1965,
33671736059091.txt,1965,
19648811932409.txt,1965,
19647336018808.txt,1965,
19647330109447.txt,1965,
39685856116594.txt,1965,
36678270137224.txt,1965,
36677020102947.txt,1965,
36677026107569.txt,1965,
37683386039697.txt,1965,
37681976038434.txt,1965,
19647331930791.txt,1965,
33670823330065.txt,1965,
07616486117501.txt,1965,
30664236027254.txt,1965,
15636776009823.txt,1965,
07617136003768.txt,1965,
19650296022776.txt,1965,
56725460131698.txt,1965,
39685856117675.txt,1965,
36676786035588.txt,1965,
28102802830099.txt,1965,
19647336119531.txt,1965,
13631076008403.txt,1965,
30664316058895.txt,1965,
43695426047575.txt,1965,
56739406102230.txt,1965,
49753904932554.txt,1965,
19647336019525.txt,1965,
30665973030186.txt,1965,
50755720118513.txt,1965,
33670336110589.txt,1965,
14632716008742.txt,1965,
55723716054910.txt,1965,
42693104234613.txt,1965,
36677106035919.txt,1965,
41689244137790.txt,1965,
27660926026181.txt,1965,
47705164739207.txt,1965,
54722316114656.txt,1965,
19647336016158.txt,1965,
19647256015150.txt,1965,
19646836014781.txt,1965,
54722316054514.txt,1965,
37683956040521.txt,1965,
19647331932623.txt,1965,
15633626066674.txt,1965,
36678430123851.txt,1965,
19650526022941.txt,1965,
11626616007603.txt,1965,
33672156032692.txt,1965,
33671246108690.txt,1965,
19647256015622.txt,1965,
41690056044507.txt,1965,
54768365431614.txt,1965,
56726036055800.txt,1965,
56725616118061.txt,1965,
34673143430170.txt,1965,
19647330124933.txt,1965,
33672073335973.txt,1965,
04615310437350.txt,1965,
49709204936803.txt,1965,
33671243330958.txt,1965,
19734371932326.txt,1965,
19645276057681.txt,1965,
10621666006480.txt,1965,
45698564530762.txt,1965,
13630996008387.txt,1965,
28662666026769.txt,1965,
50711676052641.txt,1965,
30667466030753.txt,1965,
58727286115935.txt,1965,
37684113733953.txt,1965,
30664496101901.txt,1965,
23656150128280.txt,1965,
31669100142067.txt,1965,
01750936001374.txt,1965,
25658966025902.txt,1965,
37683386039481.txt,1965,
30666476030076.txt,1965,
01611920135319.txt,1965,
43695186047500.txt,1965,
37680560141374.txt,1965,
33670330105791.txt,1965,
19647906020457.txt,1965,
36738906104681.txt,1965,
34673306033187.txt,1965,
43693936046668.txt,1965,
30665226028468.txt,1965,
30665223035581.txt,1965,
19647256015408.txt,1965,
19650940122432.txt,1965,
36678766067086.txt,1965,
56725536112171.txt,1965,
19646676014724.txt,1965,
19648816021737.txt,1965,
37682130127084.txt,1965,
37735516037790.txt,1965,
14766870125047.txt,1965,
19647336016414.txt,1965,
19647336016372.txt,1965,
19734370141648.txt,1965,
50711676052682.txt,1965,
41104130113332.txt,1965,
37684526107031.txt,1965,
33670336031751.txt,1965,
43693776046395.txt,1965,
19647330114199.txt,1965,
50711676052872.txt,1965,
01612426001622.txt,1965,
37680236070825.txt,1965,
34674470128124.txt,1965,
19645926013999.txt,1965,
16639740140368.txt,1965,
50712170142257.txt,1965,
19643291937598.txt,1965,
41689244137592.txt,1965,
43104396069371.txt,1965,
34674396034292.txt,1965,
15739086009765.txt,1965,
04615076003255.txt,1965,
27660506026132.txt,1965,
19643291995893.txt,1965,
01611436056865.txt,1965,
19650946023501.txt,1965,
07617396003842.txt,1965,
19645016013189.txt,1965,
55751846054837.txt,1965,
19647336019848.txt,1965,
37683380118851.txt,1965,
19647256057798.txt,1965,
37681063732054.txt,1965,
19646006014047.txt,1965,
19648576105621.txt,1965,
39686760111310.txt,1965,
19647330121095.txt,1965,
37683380140384.txt,1965,
07616486003602.txt,1965,
15633216116719.txt,1965,
43696746101752.txt,1965,
01612590112763.txt,1948,
33670900136721.txt,1965,
19647336017859.txt,1965,
57727106107163.txt,1965,
33103300140780.txt,1965,
24657552431492.txt,1965,
19643036011704.txt,1965,
36678766037048.txt,1965,
30666706102826.txt,1965,
14632976008791.txt,1965,
32669693236007.txt,1965,
55723976054928.txt,1965,
56725465631619.txt,1965,
43694196046932.txt,1965,
01611920127696.txt,1965,
40688096043210.txt,1965,
39754996042832.txt,1965,
56725465634761.txt,1965,
19647330123133.txt,1965,
36677776036024.txt,1965,
50711750121129.txt,1965,
43696416048250.txt,1965,
36678506111728.txt,1965,
07617966004899.txt,1965,
01611190139220.txt,1965,
19642791933449.txt,1965,
49709126052161.txt,1960,
19647330120360.txt,1965,
45699894530234.txt,1965,
49709206060263.txt,1965,
01612590134015.txt,1965,
20764146023915.txt,1965,
31667876112700.txt,1965,
49708626051932.txt,1965,
54721400136507.txt,1965,
39686766098651.txt,1965,
49706726051700.txt,1965,
30665226028252.txt,1965,
10739650140509.txt,1965,
30665553033206.txt,1965,
43695266047542.txt,1965,
30665226028534.txt,1965,
39754996114490.txt,1965,
28662826027015.txt,1965,
37683386040208.txt,1954,
50757396053169.txt,1965,
36675870107441.txt,1965,
43696176048060.txt,1965,
37683876106140.txt,1965,
10621666006084.txt,1965,
07100746118368.txt,1965,
33670826032148.txt,1965,
30647666020218.txt,1965,
04100410129817.txt,1965,
39686766042808.txt,1965,
19645761939677.txt,1965,
50736015030333.txt,1965,
24656310141911.txt,1965,
28662906027031.txt,1965,
19645686013817.txt,1926,
43104390123257.txt,1965,
43694356067193.txt,1965,
19647336061501.txt,1965,
34673146116818.txt,1965,
30739246058879.txt,1965,
42692036045512.txt,1965,
23656156114581.txt,1965,
24102492430163.txt,1965,
09618380139006.txt,1965,
33670580119305.txt,1965,
01611926001044.txt,1965,
37683956067029.txt,1965,
37683380127647.txt,1965,
33752420109108.txt,1965,
15633216008916.txt,1965,
52716216114250.txt,1965,
30664236027320.txt,1965,
19734371996057.txt,1965,
36676523631058.txt,1965,
36677106035851.txt,1965,
10621666111249.txt,1965,
37680236037824.txt,1965,
43696746048805.txt,1965,
06615980630046.txt,1965,
34673300140608.txt,1965,
31669446094502.txt,1965,
39686270127191.txt,1965,
44698234436960.txt,1965,
41690396045017.txt,1965,
44697326049563.txt,1965,
16639251630151.txt,1965,
15634046009351.txt,1965,
19642796011233.txt,1965,
33670586031934.txt,1965,
34674473430386.txt,1965,
19647336016992.txt,1965,
43104390121483.txt,1965,
19647331934454.txt,1965,
01612006097661.txt,1965,
30665976029433.txt,1965,
43104390113431.txt,1965,
33752420109652.txt,1965,
01611926001093.txt,1965,
37681303731486.txt,1965,
43693936046536.txt,1965,
41690136044614.txt,1965,
45701364537304.txt,1965,
33671243331071.txt,1965,
01612000134536.txt,1965,
39685026041834.txt,1965,
39685696111462.txt,1965,
49708624930111.txt,1965,
22655320125823.txt,1965,
41690056044473.txt,1965,
57726945735154.txt,1965,
21654176024590.txt,1965,
07617966005011.txt,1965,
34674130107383.txt,1965,
19101991995869.txt,1965,
36676456104525.txt,1965,
33671736115448.txt,1965,
33670330110759.txt,1965,
34674390121665.txt,1965,
19647336058341.txt,1965,
19647330109280.txt,1965,
19647336016984.txt,1965,
30736506115786.txt,1965,
53105380132423.txt,1965,
19650941938513.txt,1965,
38771310137307.txt,1965,
38684786041545.txt,1965,
49706800112987.txt,1965,
34673146107718.txt,1965,
30664646097406.txt,1965,
15633390108589.txt,1965,
48705654830162.txt,1965,
19646836014807.txt,1965,
37682966039002.txt,1965,
07617546004196.txt,1965,
15636776009799.txt,1965,
33671246032320.txt,1965,
43696746048813.txt,1965,
30665226028708.txt,1965,
19647330106831.txt,1965,
37680236037832.txt,1965,
19647336019335.txt,1965,
37683386077317.txt,1965,
31668940102293.txt,1965,
33669930106062.txt,1965,
19647330141549.txt,1965,
07617476003909.txt,1965,
19647330117069.txt,1965,
41688826043574.txt,1965,
19647336017495.txt,1965,
19647336058382.txt,1965,
33672153330024.txt,1965,
38684786041586.txt,1965,
19648811931062.txt,1965,
19647330125971.txt,1965,
19647330131904.txt,1965,
19647336066278.txt,1965,
37683383734654.txt,1965,
19734371931567.txt,1965,
36750696037220.txt,1965,
19647096014955.txt,1965,
30736436066898.txt,1965,
13630990113985.txt,1965,
37683386039911.txt,1965,
36678436108179.txt,1965,
07616556003651.txt,1965,
30666706030316.txt,1965,
01611920137646.txt,1965,
34673480107946.txt,1965,
30665066028146.txt,1958,
34674476034508.txt,1965,
01612340135426.txt,1965,
19647336018956.txt,1965,
19734520120600.txt,1965,
56725460120634.txt,1965,
34752836104731.txt,1965,
42691956045470.txt,1965,
10621666103840.txt,1965,
10621666006092.txt,1965,
36679590101816.txt,1965,
41690706067128.txt,1965,
30739246058853.txt,1965,
04614246002968.txt,1965,
19647330128058.txt,1965,
40688094034807.txt,1965,
19647336058143.txt,1965,
37735516037816.txt,1965,
29768776110746.txt,1965,
56726526115687.txt,1965,
41689166043848.txt,1965,
37683383730181.txt,1965,
37681303731692.txt,1965,
13101326069272.txt,1965,
40687590125328.txt,1965,
37684526110407.txt,1965,
54753256054076.txt,1965,
43696256095400.txt,1965,
39685696095210.txt,1965,
19647256015556.txt,1965,
19643376012017.txt,1965,
19645016013148.txt,1965,
30665226028278.txt,1965,
07617546004394.txt,1965,
19645191932680.txt,1965,
36678016036115.txt,1965,
07618040102566.txt,1965,
01611766106983.txt,1965,
50712175036256.txt,1965,
24656316025316.txt,1965,
38684786113997.txt,1965,
36676783632502.txt,1965,
48705816051502.txt,1965,
12630400140376.txt,1965,
30666473030053.txt,1965,
19647336019137.txt,1965,
19647336019889.txt,1965,
01612590110189.txt,1951,
19647336016562.txt,1965,
37681970136408.txt,1965,
24657302430064.txt,1965,
36677776036032.txt,1965,
01612596117568.txt,1965,
48705734830113.txt,1965,
57726945739552.txt,1965,
30666476030100.txt,1965,
30736503030657.txt,1965,
58727516056840.txt,1965,
15633620119099.txt,1965,
34739736032908.txt,1965,
37683386040034.txt,1965,
37683386039291.txt,1965,
56726036055792.txt,1965,
40687006042907.txt,1953,
24658706025829.txt,1965,
30666216029821.txt,1965,
19643036011712.txt,1965,
19647331933852.txt,1965,
37682216038749.txt,1965,
49708056051841.txt,1965,
12630326008171.txt,1965,
30665896029136.txt,1965,
42691200102848.txt,1965,
37681223732195.txt,1965,
07617540730655.txt,1965,
38684780101774.txt,1965,
30665636029029.txt,1965,
45699716050249.txt,1965,
56737596055842.txt,1965,
10621661035831.txt,1965,
12627036007694.txt,1965,
33672156099188.txt,1965,
33672070134981.txt,1965,
50712746053045.txt,1965,
15739081530229.txt,1965,
15633216009161.txt,1965,
07616486003628.txt,1965,
10621666006290.txt,1965,
36678763631082.txt,1965,
19647251995570.txt,1965,
37682966109300.txt,1965,
33751920108506.txt,1965,
15638006010151.txt,1965,
07618046005144.txt,1965,
19647336017867.txt,1965,
36676456035505.txt,1965,
01611926000947.txt,1965,
37684110140939.txt,1965,
34674396034284.txt,1965,
29663406097315.txt,1965,
07616636101943.txt,1965,
19651020101543.txt,1965,
54722566092795.txt,1965,
27660506026124.txt,1965,
38103893830395.txt,1965,
33671736032395.txt,1965,
01612596057004.txt,1951,
37683386039440.txt,1965,
01611766089320.txt,1965,
36678430127837.txt,1965,
07617706004451.txt,1965,
19649076068787.txt,1965,
34673306033146.txt,1965,
33670330113654.txt,1965,
43695836118541.txt,1965,
54718606118111.txt,1965,
19642876011498.txt,1965,
39685936107429.txt,1965,
39685936118509.txt,1965,
30736356030159.txt,1965,
19650606023279.txt,1965,
37771070136473.txt,1965,
07618040119032.txt,1965,
16739326118566.txt,1965,
19647336019731.txt,1965,
45699710135830.txt,1965,
30666210114769.txt,1965,
19647336016364.txt,1965,
57727100138180.txt,1965,
01751196002711.txt,1965,
29663736105811.txt,1965,
13630996008346.txt,1965,
19647330102921.txt,1965,
19647330116954.txt,1965,
01612006071906.txt,1965,
37683380109157.txt,1965,
39685856107114.txt,1965,
20652430135079.txt,1965,
33672156061790.txt,1965,
43696416048326.txt,1965,
37679916037691.txt,1965,
19734456014385.txt,1965,
43695916049514.txt,1965,
34674476034656.txt,1965,
30647666020150.txt,1965,
10101081030899.txt,1965,
19101990112128.txt,1965,
44697996049647.txt,1965,
16639821635606.txt,1965,
38684786059901.txt,1965,
33670823330503.txt,1965,
19647330100677.txt,1965,
01612420110460.txt,1965,
48705656103154.txt,1965,
50710766052518.txt,1965,
13631646117808.txt,1965,
19647256061360.txt,1965,
33671160119206.txt,1965,
23102310110023.txt,1965,
19647256057822.txt,1965,
07618126005243.txt,1965,
53716626053680.txt,1965,
15638266108898.txt,1965,
54768365430087.txt,1965,
19650946023477.txt,1965,
10624141030451.txt,1965,
43733876047666.txt,1965,
56726526056147.txt,1965,
41689406044085.txt,1965,
14632971436203.txt,1965,
36678436036487.txt,1965,
19647330138883.txt,1965,
37684526040620.txt,1965,
19647336019269.txt,1965,
43696746048797.txt,1965,
19647330120014.txt,1965,
36750776037337.txt,1965,
10621666061196.txt,1965,
19649641937754.txt,1965,
56738746111496.txt,1965,
50710926052542.txt,1965,
10622651030378.txt,1965,
41690136044010.txt,1965,
56725206055206.txt,1965,
36678686036727.txt,1965,
19645766013916.txt,1965,
33672156032684.txt,1965,
15634796112783.txt,1965,
01612916002398.txt,1965,
30666473038023.txt,1965,
37681970134155.txt,1965,
45698806050082.txt,1965,
12626870124263.txt,1965,
04614240123976.txt,1965,
19647336016166.txt,1965,
15635290125062.txt,1965,
38684783830254.txt,1965,
30736356089494.txt,1965,
56725536055990.txt,1965,
19647336019533.txt,1965,
15633216008874.txt,1965,
01751010130096.txt,1965,
27661346026470.txt,1965,
30665060102582.txt,1965,
15633626108187.txt,1965,
58727365835202.txt,1965,
08618200833004.txt,1965,
43696416118707.txt,1965,
37683380114462.txt,1965,
36678270137232.txt,1965,
56724540109520.txt,1965,
39685853934783.txt,1965,
19647336061477.txt,1965,
34674396034045.txt,1965,
36677100100347.txt,1965,
36678766036750.txt,1965,
56725386100333.txt,1965,
43696664330585.txt,1965,
54719936054159.txt,1965,
34674473431111.txt,1965,
19734376012413.txt,1965,
43696666048599.txt,1965,
34674396059281.txt,1965,
01612596001929.txt,1960,
49708624935862.txt,1965,
34673306109755.txt,1965,
19647336018188.txt,1965,
36678506108864.txt,1965,
15633216009203.txt,1965,
19651361933902.txt,1965,
01611766066468.txt,1965,
07618046113336.txt,1965,
30736506098529.txt,1965,
01750930138453.txt,1965,
13630991332204.txt,1965,
07617546003982.txt,1965,
33752426108039.txt,1965,
19645681996156.txt,1965,
01611190106401.txt,1965,
33672310127761.txt,1965,
42691956045504.txt,1965,
10622406108328.txt,1965,
20652436023998.txt,1965,
07617886004543.txt,1965,
30665483032943.txt,1965,
33672316032791.txt,1965,
53765135337456.txt,1965,
34673143432572.txt,1965,
19734376012348.txt,1965,
01316170131763.txt,1860,
01612916002414.txt,1965,
19101990121905.txt,1965,
04614246003040.txt,1965,
39685850122580.txt,1965,
45752674530176.txt,1965,
01612916002372.txt,1965,
34674396034078.txt,1965,
36676786107288.txt,1965,
42692294230454.txt,1965,
19752916022438.txt,1965,
29102980114330.txt,1965,
34674476034441.txt,1965,
38684786040935.txt,1965,
19734456014179.txt,1965,
54755230102574.txt,1965,
19647586020093.txt,1965,
19647256015184.txt,1965,
20652436024012.txt,1965,
30665226028682.txt,1965,
01611926001127.txt,1965,
19101990121939.txt,1965,
07616556119754.txt,1965,
14632711430065.txt,1965,
15635290110999.txt,1965,
37683386114060.txt,1965,
19647331995448.txt,1965,
48705656068290.txt,1965,
20755802030211.txt,1965,
19647330109322.txt,1965,
27102720112177.txt,1965,
39685856042139.txt,1965,
05615806088975.txt,1965,
36676523630225.txt,1965,
48705730135095.txt,1965,
19643296011811.txt,1965,
19645681932144.txt,1965,
37679916112148.txt,1965,
19646346057749.txt,1965,
19753096115679.txt,1965,
19647330126458.txt,1965,
15633216114284.txt,1965,
19647330124529.txt,1965,
43696664337200.txt,1965,
37683386039119.txt,1965,
07617136003743.txt,1965,
33103303331055.txt,1965,
19647336017537.txt,1965,
34674476034482.txt,1965,
49753906051791.txt,1965,
30665226028641.txt,1965,
39686766042758.txt,1965,
19647336018162.txt,1965,
34752830111138.txt,1965,
10621666006118.txt,1965,
43696906049175.txt,1965,
14766876008700.txt,1965,
34674470121467.txt,1965,
30736503030285.txt,1965,
15635291535392.txt,1965,
37681146116420.txt,1965,
34103480140160.txt,1965,
34752830112425.txt,1965,
20652436023972.txt,1965,
50712666120844.txt,1965,
48705730129494.txt,1965,
38684783834769.txt,1965,
30666706095152.txt,1965,
36678766036792.txt,1965,
10621666057343.txt,1965,
34674396033930.txt,1965,
57105790132464.txt,1965,
30664646098495.txt,1965,
34673146033047.txt,1965,
56725536120117.txt,1965,
19650606023287.txt,1965,
37683466117352.txt,1965,
19647330133280.txt,1965,
19647176015036.txt,1965,
37680230114009.txt,1965,
19642876011472.txt,1965,
19647330121848.txt,1965,
34673143432002.txt,1965,
33672496114748.txt,1965,
19647336019095.txt,1965,
19647330115253.txt,1965,
19645926013965.txt,1965,
33670336031785.txt,1965,
19650296058556.txt,1965,
54722566054670.txt,1965,
36676783631181.txt,1965,
19101990135582.txt,1953,
49709614930319.txt,1965,
19647331931856.txt,1965,
07616480106583.txt,1965,
37683386040141.txt,1965,
29664076027197.txt,1965,
01613096002562.txt,1965,
37683383730751.txt,1965,
19648810127746.txt,1965,
33669770113597.txt,1965,
10621660140764.txt,1965,
10622571033729.txt,1965,
19647336119903.txt,1965,
30667460119925.txt,1965,
13630736008270.txt,1965,
54719516054100.txt,1965,
39767600137075.txt,1965,
37681146038285.txt,1965,
19647330135632.txt,1965,
15633626009930.txt,1965,
45701364530044.txt,1965,
53765136053821.txt,1965,
57105796077275.txt,1965,
34674476034870.txt,1965,
35674546035000.txt,1965,
10623646007041.txt,1965,
10621666006332.txt,1965,
30667466030787.txt,1965,
41104130117143.txt,1965,
19645926014039.txt,1965,
30736436118764.txt,1965,
37683380108274.txt,1965,
19647336018360.txt,1965,
27754400106336.txt,1965,
43694190108126.txt,1965,
19734451938935.txt,1965,
30665226028443.txt,1965,
33736766031702.txt,1965,
36678436036479.txt,1965,
19647336017735.txt,1965,
34674476034680.txt,1965,
01611506097653.txt,1965,
50710436052427.txt,1965,
19647330122366.txt,1965,
57726860129726.txt,1965,
33751920108498.txt,1965,
49708966085229.txt,1965,
19647336058036.txt,1965,
30647666020192.txt,1965,
34673306033153.txt,1965,
07617706004444.txt,1965,
34673480141325.txt,1965,
19753410116285.txt,1965,
37680236116396.txt,1965,
33671160140574.txt,1965,
19649070111054.txt,1965,
33669930102749.txt,1965,
37681223730967.txt,1965,
58727366056717.txt,1965,
23102312330447.txt,1965,
33751926112809.txt,1965,
37679916037733.txt,1965,
19642876011506.txt,1965,
19646676014690.txt,1965,
15638006010144.txt,1965,
41690396044861.txt,1965,
19757136011019.txt,1965,
30665143033362.txt,1965,
07618046005151.txt,1965,
30736436030605.txt,1965,
36678766037063.txt,1965,
19647336015903.txt,1965,
07617960101477.txt,1965,
37683386119168.txt,1965,
54722566054704.txt,1965,
34103480106294.txt,1965,
12768026008148.txt,1965,
33670336031801.txt,1965,
39773880140392.txt,1965,
34674396034326.txt,1965,
23739162332260.txt,1965,
37756146038962.txt,1965,
07617966004865.txt,1965,
19647336019863.txt,1965,
31668943131687.txt,1965,
19648656021356.txt,1965,
19651106023717.txt,1965,
19647256015580.txt,1965,
41104130135269.txt,1965,
15635291533330.txt,1965,
43696740140483.txt,1965,
30736436030639.txt,1965,
19645191996123.txt,1965,
13630736008304.txt,1965,
19650606022990.txt,1965,
30665973031853.txt,1965,
33670336068753.txt,1965,
31668296113971.txt,1965,
19645276061287.txt,1956,
37681896110092.txt,1965,
38684780123265.txt,1965,
45701106050512.txt,1965,
33752006032346.txt,1965,
34674476034904.txt,1965,
33672490138925.txt,1965,
33751920113696.txt,1965,
19647336017669.txt,1965,
38684786041008.txt,1965,
54755236107379.txt,1965,
53738335337423.txt,1965,
50710506052484.txt,1965,
30664566027510.txt,1965,
34674476034938.txt,1965,
15637846010060.txt,1965,
30664646114524.txt,1965,
43696094334736.txt,1965,
56726036055750.txt,1965,
14766870118299.txt,1965,
47705164730156.txt,1965,
43696906049217.txt,1965,
07616556003644.txt,1965,
27659870118687.txt,1965,
42750104230173.txt,1965,
01751016114318.txt,1965,
30665066028153.txt,1962,
23655652330355.txt,1965,
19647336019491.txt,1965,
48705730133553.txt,1965,
36677106035885.txt,1965,
33671160136838.txt,1965,
13630996106975.txt,1965,
43694500108696.txt,1965,
19753411995752.txt,1965,
24102492430148.txt,1965,
34674396071336.txt,1965,
19101990121871.txt,1965,
12630400129114.txt,1965,
42104216069223.txt,1965,
29663326027122.txt,1965,
42692294233029.txt,1965,
07617546004154.txt,1965,
57726785730098.txt,1965,
10755981030535.txt,1965,
39685850108209.txt,1965,
33671246108724.txt,1965,
33672156032726.txt,1965,
19647330120808.txt,1965,
19648406020911.txt,1965,
37683386089023.txt,1965,
09618386005466.txt,1965,
36678196036222.txt,1965,
37680986093215.txt,1965,
21654586024764.txt,1965,
13631491337138.txt,1965,
34673146107916.txt,1965,
50712666106934.txt,1965,
43733874334470.txt,1965,
13631236008460.txt,1965,
19648736021455.txt,1965,
37681300139063.txt,1965,
34765056112643.txt,1965,
13630990112318.txt,1965,
24753176112940.txt,1965,
19647330109256.txt,1965,
03739816002810.txt,1965,
19647331930619.txt,1965,
19647336066286.txt,1965,
10101080136291.txt,1965,
49104964930343.txt,1965,
19647330131722.txt,1965,
38684786041578.txt,1965,
19645686013627.txt,1965,
12629766008098.txt,1965,
19647746020234.txt,1965,
19734371996040.txt,1965,
33752006120554.txt,1965,
10621661031897.txt,1965,
37683380107219.txt,1965,
39685936115414.txt,1965,
43697086049407.txt,1965,
28662666113302.txt,1965,
36675870128462.txt,1965,
33752006107841.txt,1965,
19647336018758.txt,1965,
36675956035216.txt,1965,
19647336018980.txt,1965,
19649986068860.txt,1965,
05615646108518.txt,1965,
30666216071120.txt,1965,
56725465634548.txt,1965,
33736760100255.txt,1965,
39685856042071.txt,1965,
31750856118517.txt,1965,
01611766000673.txt,1965,
43694274330361.txt,1965,
56726036067292.txt,1965,
07616480730861.txt,1965,
19646341934231.txt,1965,
34674396059323.txt,1965,
52716216053656.txt,1965,
38684783831765.txt,1965,
30664986027916.txt,1965,
33672496109490.txt,1965,
19643296011795.txt,1965,
37684113738226.txt,1965,
54755236054274.txt,1965,
07618040109173.txt,1965,
33672490123844.txt,1965,
36677106035877.txt,1965,
19649076021943.txt,1965,
36739576037394.txt,1965,
44698236060156.txt,1965,
42767866045926.txt,1965,
19646836014823.txt,1965,
11754811130012.txt,1965,
19647336116750.txt,1965,
29663572930030.txt,1965,
36676523632205.txt,1965,
34673146107700.txt,1965,
39685850125369.txt,1965,
10624306111124.txt,1965,
19647330109298.txt,1965,
37684523732039.txt,1965,
33671246032304.txt,1965,
15634046009377.txt,1965,
30664236027312.txt,1965,
15633216008924.txt,1965,
40687596043111.txt,1965,
19753090136531.txt,1965,
33752006107858.txt,1965,
19647336018741.txt,1965,
56725386055289.txt,1965,
36678760127332.txt,1965,
15638261536135.txt,1965,
19647330102483.txt,1965,
09618530930214.txt,1965,
13631236008486.txt,1965,
34674396066690.txt,1965,
45699894530010.txt,1965,
01612426001572.txt,1965,
43693936046510.txt,1965,
19647330122747.txt,1965,
30664316066815.txt,1965,
07617540140442.txt,1965,
19647586020101.txt,1965,
37684526108708.txt,1965,
30665976029367.txt,1965,
19647336016778.txt,1965,
34673140135400.txt,1965,
33671246032338.txt,1965,
50710766098180.txt,1965,
31668456031124.txt,1965,
19645276013387.txt,1965,
01612596001689.txt,1948,
32669696031470.txt,1965,
19647330140129.txt,1965,
19648166020721.txt,1965,
30666706030332.txt,1965,
24657550133413.txt,1965,
56725465632849.txt,1965,
19647096014971.txt,1965,
15635291530344.txt,1965,
16639176113609.txt,1965,
07618046097166.txt,1965,
07618040730218.txt,1965,
36750696037238.txt,1965,
10624146007108.txt,1965,
19646836093025.txt,1965,
12626790137653.txt,1965,
33751923330743.txt,1965,
37756143731114.txt,1965,
10621666120703.txt,1965,
36678506036602.txt,1965,
27738256026397.txt,1965,
19647336018972.txt,1965,
19648326020812.txt,1965,
43696336048185.txt,1965,
19647330124487.txt,1965,
19647336061527.txt,1965,
51714646053441.txt,1965,
13631236008445.txt,1965,
01611766000681.txt,1965,
35752596049654.txt,1965,
19734376012231.txt,1965,
37681896085047.txt,1965,
36750696037204.txt,1965,
42692036045520.txt,1965,
37681063731023.txt,1965,
37681976038566.txt,1965,
01612596001879.txt,1957,
39685856042097.txt,1965,
19645686013825.txt,1965,
49709126052153.txt,1965,
24656316025332.txt,1965,
03739810330019.txt,1965,
15635290100198.txt,1965,
19734376057590.txt,1965,
44697990102665.txt,1965,
40688096043236.txt,1965,
42767866060032.txt,1965,
01612596002141.txt,1948,
30665143030855.txt,1965,
41690396044887.txt,1965,
36677776036016.txt,1965,
19753336115307.txt,1965,
07617966004667.txt,1965,
33103300128397.txt,1965,
34765050139584.txt,1965,
31669516117493.txt,1965,
10621660140806.txt,1965,
42691126045264.txt,1965,
57726866056311.txt,1965,
19647256015200.txt,1965,
34674390131136.txt,1965,
19647336016208.txt,1965,
47704664734901.txt,1965,
36677106108062.txt,1965,
07616480141028.txt,1965,
01612006001341.txt,1965,
30665226085294.txt,1965,
36679186118350.txt,1965,
37683876111181.txt,1965,
01612596118657.txt,1960,
19647336018543.txt,1965,
30665226028260.txt,1965,
57726940135939.txt,1965,
19647331931708.txt,1965,
37683386059596.txt,1965,
42692116045538.txt,1965,
19650606023329.txt,1965,
19647256015572.txt,1965,
39686766098677.txt,1965,
19101990136119.txt,1965,
07617706004501.txt,1965,
19642461931732.txt,1965,
19650946023527.txt,1965,
36679593633351.txt,1965,
37680986116776.txt,1965,
19648576105613.txt,1965,
30736503030129.txt,1965,
49709120113530.txt,1965,
01612596002182.txt,1965,
09618460123125.txt,1965,
10754086007082.txt,1965,
54718605430095.txt,1965,
15637766010052.txt,1965,
37754166040661.txt,1965,
04615310110338.txt,1965,
43693776111348.txt,1965,
37683383735750.txt,1965,
31669280121418.txt,1965,
39685776041990.txt,1965,
57727106056444.txt,1965,
19734450125351.txt,1965,
16739321630185.txt,1965,
41690210133645.txt,1965,
55723066054829.txt,1965,
15637506117717.txt,1965,
30666216029805.txt,1965,
34674476034706.txt,1965,
33670906032189.txt,1965,
57726786110894.txt,1965,
43696746101760.txt,1965,
39685856042295.txt,1965,
07617966004840.txt,1965,
30664230131417.txt,1965,
15633216009179.txt,1965,
37682966109318.txt,1965,
36678270137174.txt,1965,
38684786059851.txt,1965,
49738824935482.txt,1965,
36676780137547.txt,1965,
19647336019715.txt,1965,
30665226028328.txt,1965,
19647330133272.txt,1965,
58727366056691.txt,1965,
19647331933043.txt,1965,
19646676014716.txt,1965,
50755560118810.txt,1965,
19650606023261.txt,1965,
30665483030368.txt,1965,
37680230127431.txt,1965,
39686766042543.txt,1965,
19646346014443.txt,1965,
20102070117184.txt,1965,
44697996049688.txt,1965,
15633620140731.txt,1965,
37680806108534.txt,1965,
41688666043442.txt,1965,
01611436056857.txt,1965,
19647256015374.txt,1965,
01612596057020.txt,1958,
34674396119440.txt,1965,
10623646007058.txt,1965,
15739086009757.txt,1965,
19642951930700.txt,1965,
56726526056188.txt,1965,
09619030110155.txt,1965,
24656986025472.txt,1965,
19651106023691.txt,1965,
01612426101604.txt,1965,
19647336018345.txt,1965,
31669280116459.txt,1965,
23752180141747.txt,1965,
01612590111476.txt,1965,
30667466030761.txt,1965,
28662666026983.txt,1965,
37681146038277.txt,1965,
19647256057806.txt,1965,
15635291536325.txt,1965,
37683386040158.txt,1965,
34674476034896.txt,1965,
01612420110478.txt,1965,
01611926000988.txt,1965,
38684783839081.txt,1965,
37684526059802.txt,1965,
19734376120877.txt,1965,
31669106111967.txt,1965,
19647256061378.txt,1965,
19647336015846.txt,1965,
38684786059919.txt,1965,
33670336084669.txt,1965,
34673146033062.txt,1965,
13630736008296.txt,1965,
27659610127456.txt,1965,
43696256048094.txt,1965,
31669283130119.txt,1965,
19647906020465.txt,1965,
34674476034672.txt,1965,
01613096002547.txt,1965,
14766870110031.txt,1965,
31750856031215.txt,1965,
30666476030050.txt,1965,
34673143430618.txt,1965,
36676376112866.txt,1965,
48705400112664.txt,1965,
44104474430252.txt,1965,
33672153330362.txt,1965,
19647336018386.txt,1965,
19648570133173.txt,1965,
45737006050413.txt,1965,
30665223030434.txt,1965,
23738666025241.txt,1965,
36678766068191.txt,1965,
33670330110635.txt,1965,
37683380119610.txt,1965,
19643376011894.txt,1965,
19647336019517.txt,1965,
37684526040638.txt,1965,
23656156025183.txt,1965,
24657892439602.txt,1965,
30736430102871.txt,1965,
19647330133702.txt,1965,
54768366054043.txt,1965,
15637760111377.txt,1965,
41688906043616.txt,1965,
30665226028658.txt,1965,
39686766042741.txt,1965,
19647336017248.txt,1965,
48705406051148.txt,1963,
19650606023063.txt,1965,
38684786040737.txt,1965,
19647331933241.txt,1965,
27102720116491.txt,1965,
37684526040604.txt,1965,
37683956040513.txt,1965,
24753666025415.txt,1965,
19647330126441.txt,1965,
19647330120030.txt,1965,
19734526022222.txt,1965,
45700946050454.txt,1965,
48705816116255.txt,1965,
01612590100792.txt,1965,
19647336018147.txt,1965,
30665636028930.txt,1965,
32669693230083.txt,1965,
44697996117253.txt,1965,
36676523633906.txt,1965,
19646340101667.txt,1965,
43696414332904.txt,1965,
27659616115232.txt,1965,
36677020113688.txt,1965,
52715556053540.txt,1965,
30664986068605.txt,1965,
19650450116616.txt,1965,
34674396059299.txt,1965,
34674476034458.txt,1965,
44698076060644.txt,1965,
19648326020796.txt,1965,
15638266010201.txt,1965,
34674133430469.txt,1965,
19647330126482.txt,1965,
19647330115048.txt,1965,
36678270137216.txt,1965,
30666213035748.txt,1965,
27660506106777.txt,1965,
19648576111538.txt,1965,
20652436023980.txt,1965,
07618120131714.txt,1965,
45699146050140.txt,1965,
56726036084925.txt,1965,
56738746098255.txt,1965,
36675876035174.txt,1965,
15739081530146.txt,1965,
33316253330834.txt,1965,
30736506089429.txt,1965,
33671246108674.txt,1965,
49708706113492.txt,1965,
19647336016802.txt,1965,
30665223032752.txt,1965,
45699486117857.txt,1965,
19647330109306.txt,1965,
19650606023089.txt,1965,
19752916022420.txt,1965,
34674396034060.txt,1965,
07618046114326.txt,1965,
42767866045884.txt,1932,
37680806038145.txt,1965,
19648570124156.txt,1965,
33669776107304.txt,1965,
33751923330636.txt,1965,
27661346026496.txt,1965,
30664726027742.txt,1965,
13631076008395.txt,1965,
29102980114314.txt,1965,
19647330111575.txt,1965,
01612916002430.txt,1965,
19101990121921.txt,1965,
43696746048995.txt,1965,
30666706110183.txt,1965,
01611766000723.txt,1965,
27659610141507.txt,1965,
19647336057889.txt,1965,
17101731730167.txt,1965,
39685856042121.txt,1965,
07617546003958.txt,1965,
19647336061485.txt,1965,
14632716008759.txt,1965,
19650526022966.txt,1965,
07618040108324.txt,1965,
34674396033914.txt,1965,
37683386039101.txt,1965,
36678760125450.txt,1965,
19644366012512.txt,1965,
19647336018634.txt,1965,
34674396059273.txt,1965,
19647330106948.txt,1965,
37681146109524.txt,1965,
48104886089668.txt,1965,
13631496008536.txt,1965,
01611506090468.txt,1965,
19645681933530.txt,1965,
19644690139535.txt,1965,
10621666006100.txt,1965,
36677103630555.txt,1965,
12768026007868.txt,1965,
19647330122168.txt,1965,
36678760122317.txt,1965,
41690050132076.txt,1965,
23656230125658.txt,1965,
36676786061840.txt,1965,
19648166020697.txt,1965,
34673306059190.txt,1965,
45700786050421.txt,1965,
49104966069413.txt,1965,
19649076021836.txt,1965,
39685853934759.txt,1965,
33671736111025.txt,1965,
10621666101109.txt,1965,
54105466119291.txt,1965,
34674396034276.txt,1965,
19647330133298.txt,1965,
19647256061345.txt,1965,
23656150101147.txt,1965,
54722566054654.txt,1965,
42691206109268.txt,1965,
44697996049662.txt,1965,
49709206068977.txt,1965,
56737595630116.txt,1965,
57727106056519.txt,1965,
36678196036164.txt,1965,
13632146106298.txt,1965,
36750516106330.txt,1965,
13630996099485.txt,1965,
19647336071443.txt,1965,
19645841996305.txt,1965,
19645506013528.txt,1965,
49707970123422.txt,1965,
34674390113209.txt,1965,
37735516037774.txt,1965,
30736356030183.txt,1965,
33670820113159.txt,1965,
34765050108837.txt,1965,
52714720134403.txt,1965,
50711676052666.txt,1965,
19646341996529.txt,1965,
45699896119390.txt,1965,
19647336015853.txt,1965,
47703266050777.txt,1965,
19650946107296.txt,1965,
33671736032429.txt,1965,
19647331931682.txt,1965,
04615490102327.txt,1965,
12626870107110.txt,1965,
19642876011456.txt,1965,
31669513130036.txt,1965,
43693776046403.txt,1965,
50711670138057.txt,1965,
19734456014377.txt,1965,
23656072330033.txt,1965,
19647256061386.txt,1965,
36678760117192.txt,1965,
19647331930577.txt,1965,
44698496111421.txt,1965,
07617706066583.txt,1965,
43694270125617.txt,1965,
43696660131656.txt,1965,
01612006001234.txt,1965,
19648406021034.txt,1965,
01750936001390.txt,1965,
37683380107177.txt,1965,
34673146033088.txt,1965,
19647336018436.txt,1965,
19734606095467.txt,1965,
30665306028872.txt,1965,
19642871996479.txt,1965,
01611926000962.txt,1965,
33752003330529.txt,1965,
33670820141192.txt,1965,
38684786041602.txt,1965,
36677103630019.txt,1965,
30666476030092.txt,1965,
36676783630522.txt,1965,
33751760116343.txt,1965,
36676456035497.txt,1965,
10621666006464.txt,1965,
19647330135616.txt,1965,
19645926014021.txt,1965,
36679596037410.txt,1965,
44697996112841.txt,1965,
15637506108781.txt,1965,
10739650114751.txt,1965,
19647336018378.txt,1965,
19650946023485.txt,1965,
43693696046312.txt,1965,
10621666006316.txt,1965,
41689406044077.txt,1965,
01613090130849.txt,1965,
33751920108480.txt,1965,
43696666048755.txt,1965,
27660926026207.txt,1965,
39686760100206.txt,1965,
37683383730173.txt,1965,
19651360102459.txt,1965,
30103060140822.txt,1965,
54722566054720.txt,1965,
56725536055396.txt,1965,
37680490129221.txt,1965,
38684786059844.txt,1965,
54753256054084.txt,1965,
19757136011001.txt,1965,
19649986107924.txt,1965,
19648656021372.txt,1965,
19651106023733.txt,1965,
49706806051718.txt,1965,
33752420112094.txt,1965,
58727366056733.txt,1965,
31669516098610.txt,1965,
19647336020036.txt,1965,
56725386114029.txt,1965,
39685696041925.txt,1965,
43694840100990.txt,1965,
49708056051858.txt,1965,
19647336017842.txt,1965,
44698076049837.txt,1965,
26736686025951.txt,1965,
03100330330035.txt,1965,
33670336031819.txt,1965,
37684116062012.txt,1965,
51714316053326.txt,1952,
01750936118038.txt,1965,
56737596055867.txt,1965,
57726786060396.txt,1965,
30736436030621.txt,1965,
43696746049043.txt,1965,
19647256015598.txt,1965,
23655656061667.txt,1965,
33672156032528.txt,1965,
37103711996545.txt,1965,
19734456014203.txt,1965,
23656152330413.txt,1965,
37679916037717.txt,1965,
37680806099402.txt,1965,
43695836118376.txt,1965,
19647331930403.txt,1965,
19647740114777.txt,1965,
05615806003396.txt,1965,
36750510136960.txt,1965,
43696906049233.txt,1965,
30665483031895.txt,1965,
36677103633302.txt,1965,
37684526112221.txt,1965,
43696256088306.txt,1965,
19647336016547.txt,1965,
34673140105924.txt,1965,
33670906032163.txt,1965,
27660922732253.txt,1965,
01611436090187.txt,1965,
30664646101125.txt,1965,
14632481431352.txt,1965,
15633216009187.txt,1965,
37683536040331.txt,1965,
34673553433471.txt,1965,
37682133734878.txt,1965,
12753826107874.txt,1965,
19647331931047.txt,1965,
09618380129965.txt,1965,
34674476034920.txt,1965,
19647330128041.txt,1965,
37684110126086.txt,1965,
37683383730371.txt,1965,
36678196036206.txt,1965,
43694506047203.txt,1965,
21654176024574.txt,1965,
48705406093397.txt,1965,
19647330109272.txt,1965,
30736356111561.txt,1965,
19647336016976.txt,1965,
19648736021471.txt,1965,
04614240141085.txt,1965,
47736844730081.txt,1965,
41690050127282.txt,1965,
37680566110696.txt,1965,
10767786006613.txt,1965,
07616550127464.txt,1965,
07616480137430.txt,1965,
19647336016786.txt,1965,
34674396117097.txt,1965,
56725386055263.txt,1965,
27661342733657.txt,1965,
34672806032890.txt,1965,
38684786040695.txt,1965,
37681303732625.txt,1965,
13630996111587.txt,1965,
33671733335130.txt,1965,
07617546004170.txt,1965,
13631236008478.txt,1965,
34674476105928.txt,1965,
38684786041206.txt,1965,
37684110111831.txt,1965,
31750856118533.txt,1965,
37683380107573.txt,1965,
56737596071286.txt,1965,
01612596001663.txt,1949,
39685856042055.txt,1965,
24657550102624.txt,1965,
38684786041560.txt,1965,
43694506105795.txt,1965,
34674396059307.txt,1965,
19645276013379.txt,1965,
19647336018998.txt,1965,
37683386039713.txt,1965,
12630401230069.txt,1965,
34673306033229.txt,1965,
39686766042634.txt,1965,
36678430107888.txt,1965,
01612596096523.txt,1965,
42691956045496.txt,1965,
33736760112649.txt,1965,
56768285636170.txt,1965,
13101321330117.txt,1965,
19647336016745.txt,1965,
08618206113013.txt,1965,
42772140138388.txt,1965,
19647336058358.txt,1965,
36675956035232.txt,1965,
27754736026090.txt,1965,
19647330124479.txt,1965,
36678766036826.txt,1965,
40688256043319.txt,1965,
36675956035224.txt,1965,
19645276013353.txt,1965,1090
34673143430592.txt,1965,
10621666006076.txt,1965,
50710436085013.txt,1965,
37683386039739.txt,1965,
43733870140673.txt,1965,
19647331937622.txt,1965,
30736433037553.txt,1965,
39767606041883.txt,1965,
04614240110551.txt,1965,
36678436061881.txt,1965,
19647330124453.txt,1965,
30664986027924.txt,1965,
01612590109819.txt,1965,
19648730102681.txt,1965,
19644366012470.txt,1965,
19647336018030.txt,1965,
19649076021968.txt,1965,
19649076058515.txt,1965,
30736430139774.txt,1965,
37683386039705.txt,1965,
43694274330353.txt,1965,
43104390127969.txt,1965,
01612590130732.txt,1965,
37680236113021.txt,1965,
34673306033203.txt,1965,
01611766090534.txt,1965,
17640226010623.txt,1965,
19647336058366.txt,1965,
41688826043590.txt,1965,
30666216071112.txt,1965,
01611500132225.txt,1965,
33671243330438.txt,1965,
33671160110601.txt,1965,
01612596001846.txt,1960,
54719935432414.txt,1965,
30736356089510.txt,1965,
39686270133116.txt,1965,
20652766024095.txt,1965,
24736196025720.txt,1965,
30665066028161.txt,1965,
19753416022115.txt,1965,
37682966117469.txt,1965,
43694506047229.txt,1965,
43696176048045.txt,1965,
19648406020937.txt,1965,
34765056066682.txt,1965,
19647330109264.txt,1965,
33672156032700.txt,1965,
56725206060339.txt,1965,
13631236008452.txt,1965,
10767786006605.txt,1965,
19734520125005.txt,1965,
09619866005722.txt,1965,
55724135536750.txt,1965,
43104390131110.txt,1965,
21654586024756.txt,1965,
14632891434901.txt,1965,
10621096005839.txt,1965,
33671246108716.txt,1965,
43693696046270.txt,1965,
19646346014534.txt,1965,
50712906111009.txt,1965,
38684780119875.txt,1965,
10621666006274.txt,1965,
19650600110320.txt,1965,
51714646067268.txt,1965,
19647336018568.txt,1965,
36677106106702.txt,1965,
19647336017883.txt,1965,
45701106050520.txt,1965,
36678436036503.txt,1965,
19647331930429.txt,1965,
34673140105932.txt,1965,
33751926116446.txt,1965,
57726940114710.txt,1965,
50711750120212.txt,1965,
37683380114041.txt,1965,
30736506100838.txt,1965,
41689320132217.txt,1965,
07617966057228.txt,1965,
19643370131573.txt,1965,
37680236115646.txt,1965,
37683386039507.txt,1965,
30664646114516.txt,1965,
30664566027536.txt,1965,
43695266047567.txt,1965,
43695186047492.txt,1965,
01612596118640.txt,1936,
19647330122234.txt,1965,
37680566120596.txt,1965,
19647330132027.txt,1965,
09618530936302.txt,1965,
36678763632221.txt,1965,
56726036055776.txt,1965,
19647336017115.txt,1965,
38684786059885.txt,1965,
08618200836205.txt,1965,
19647336117667.txt,1965,
33751766032031.txt,1965,
17640141730159.txt,1965,
15633620136713.txt,1965,
19651360102467.txt,1965,
15633216009146.txt,1965,
37684116062004.txt,1965,
07617546004402.txt,1965,
21654822132587.txt,1965,
31668943131851.txt,1965,
41690216044754.txt,1965,
15637766010045.txt,1965,
43694196046718.txt,1965,
43104390129213.txt,1965,
41690396044853.txt,1965,
10621660108100.txt,1965,
19649076120653.txt,1965,
33670586032015.txt,1965,
58727366056725.txt,1965,
19645191932664.txt,1965,
23655812333185.txt,1965,
39685696041933.txt,1965,
34674135731708.txt,1965,
39685023932308.txt,1965,
37683383731247.txt,1965,
43695916048003.txt,1965,
44698490126920.txt,1965,
15636936009914.txt,1965,
34674470114983.txt,1965,
19647740107912.txt,1965,
33670336031827.txt,1965,
31669513130168.txt,1965,
34673140141143.txt,1965,
19642616011134.txt,1965,
19647336104814.txt,1965,
31669106031256.txt,1965,
19734376114441.txt,1965,
37682966093231.txt,1965,
19651106023725.txt,1965,
07617966004857.txt,1965,
33670330100974.txt,1965,
56737596055859.txt,1965,
10621666061204.txt,1965,
37682966110886.txt,1965,
30736506094718.txt,1965,
15636280134312.txt,1965,
30666706108484.txt,1965,
19647330106427.txt,1965,
36750440114389.txt,1965,
43733876047682.txt,1965,
37683463737384.txt,1965,
43693696046304.txt,1965,
48705406109136.txt,1965,
43693690114900.txt,1965,
13630996008361.txt,1965,
13631316008502.txt,1952,
33672490142117.txt,1965,
30736356030142.txt,1965,
19647331937226.txt,1965,
23738662330116.txt,1965,
19647330131466.txt,1965,
19647906020499.txt,1912,
10621666006472.txt,1965,
31669100125740.txt,1965,
48705816051445.txt,1965,
30666216029755.txt,1965,
30666210118174.txt,1965,
39686503935756.txt,1965,
19650946023493.txt,1965,
04615496003362.txt,1965,
30736506071179.txt,1965,
27660922730240.txt,1965,
33670820116962.txt,1965,
30665306089072.txt,1965,
43694274330031.txt,1965,
19643036011696.txt,1965,
09618466005482.txt,1965,
43693696046338.txt,1965,
30665306028864.txt,1965,
37682960116764.txt,1965,
43696094334116.txt,1965,
30666476030084.txt,1965,
37683796093264.txt,1965,
31669443130077.txt,1965,
54720096054167.txt,1965,
39686766042568.txt,1965,
19647336018352.txt,1965,
30736356112452.txt,1965,
33669776098156.txt,1965,
19645926013957.txt,1965,
50712900108761.txt,1965,
43733876047641.txt,1965,
19647330141630.txt,1965,
19643521934926.txt,1965,
43694356047138.txt,1965,
01750936066484.txt,1965,
37679916037675.txt,1965,
34674134835302.txt,1965,
07617540138115.txt,1965,
57727106056527.txt,1965,
10739991033430.txt,1965,
19643371931187.txt,1965,
47702504732707.txt,1965,
37683380116939.txt,1965,
36678503630597.txt,1965,
33103300138024.txt,1965,
19647336016380.txt,1965,
19647330109884.txt,1965,
15635291533538.txt,1965,
54722560105783.txt,1965,
50711676052658.txt,1965,
19647336015879.txt,1965,
56726526060388.txt,1965,
36678196036172.txt,1965,
48705736051320.txt,1965,
36750513630563.txt,1965,
15633210138149.txt,1965,
19646006095434.txt,1965,
33671736032403.txt,1965,
07617546004238.txt,1965,
19647331931864.txt,1965,
49709796052310.txt,1965,
34674473430758.txt,1965,
17640226057434.txt,1965,
19644366012538.txt,1965,
07617546003966.txt,1965,
19645686013775.txt,1965,
19643296011837.txt,1965,
19650526022958.txt,1965,
43696416115562.txt,1965,
39685936042378.txt,1965,
48705736097950.txt,1965,
19647336016141.txt,1965,
36676523630571.txt,1965,
49738826109169.txt,1965,
30666476095160.txt,1965,
54721086054332.txt,1965,
36677360128439.txt,1965,
47104700117168.txt,1965,
19645191937481.txt,1965,
19647336017511.txt,1965,
01611506113005.txt,1965,
06616146103576.txt,1965,
37679916118319.txt,1965,
37683386039671.txt,1965,
01611196090047.txt,1965,
27754400106112.txt,1965,
19643456106215.txt,1965,
19647330122630.txt,1965,
36103636111918.txt,1965,
19646676117022.txt,1965,
12626790111708.txt,1965,
36676786106629.txt,1965,
14766876008726.txt,1965,
37680236037949.txt,1965,
39685853934767.txt,1965,
04614246003099.txt,1965,
19647336017263.txt,1965,
54718376120232.txt,1965,
19101990137166.txt,1965,
43696250140590.txt,1965,
48705406051163.txt,1953,
19647336107064.txt,1965,
39754996107973.txt,1965,
54719936054142.txt,1965,
33670586108955.txt,1965,
19650296022784.txt,1965,
37684523730942.txt,1965,
15633216008890.txt,1965,
10621666088934.txt,1965,
19649071995547.txt,1965,
40688096043194.txt,1965,
19647336016828.txt,1965,
33752420133306.txt,1965,
49709046052096.txt,1965,
54722156054431.txt,1965,
19650601936277.txt,1965,
19647331932821.txt,1965,
52715306053524.txt,1965,
19101991996214.txt,1965,
42691206046031.txt,1965,
30736436030555.txt,1965,
19647336016182.txt,1965,
19647330111211.txt,1965,
42767866045892.txt,1965,
43694274334900.txt,1965,
01612590118653.txt,1965,
31668296116230.txt,1965,
10622656006845.txt,1965,
19647336061444.txt,1965,
58105875830112.txt,1965,
37683386096051.txt,1965,
36678196036370.txt,1965,
37680980107870.txt,1965,
30736430133488.txt,1965,
33751763330487.txt,1965,
19647330117648.txt,1965,
20652436024020.txt,1965,
19647330106989.txt,1965,
33671166113864.txt,1965,
01611926001101.txt,1965,
19647330109462.txt,1965,
19647331939784.txt,1965,
34673146113831.txt,1965,
10623640126870.txt,1965,
33670330131607.txt,1965,
54718030112458.txt,1965,
12630576008247.txt,1965,
15637761534957.txt,1965,
34674470132399.txt,1965,
19647336061451.txt,1965,
36678766036776.txt,1965,
19647336118186.txt,1965,
29663730136424.txt,1965,
32669693230042.txt,1965,
34674476034466.txt,1965,
42692296045611.txt,1965,
37679916110787.txt,1965,
35103550132308.txt,1965,
42767866118202.txt,1965,
20652436105951.txt,1965,
43696906049191.txt,1965,
37679910140558.txt,1965,
39685936042386.txt,1965,
58105870117242.txt,1965,
44698070110007.txt,1965,
37680806038152.txt,1965,
10739651035112.txt,1965,
37683383731130.txt,1965,
31669106109482.txt,1965,
50710430133827.txt,1965,
19647330110668.txt,1965,
37681140115519.txt,1965,
37683046107999.txt,1965,
10622656006878.txt,1965,
36678013630266.txt,1965,
37683956094973.txt,1965,
36677776109623.txt,1965,
48705406051189.txt,1965,
53750286053730.txt,1965,
19650940116566.txt,1965,
31669516085252.txt,1965,
49707896051825.txt,1965,
07616486003578.txt,1965,
36750510136432.txt,1965,
04614246003073.txt,1965,
19647336017289.txt,1965,
19647330117846.txt,1965,
19647330127985.txt,1965,
50105045030085.txt,1965,
19647330122143.txt,1965,
51714495137500.txt,1965,
19648406020895.txt,1965,
19647331931468.txt,1965,
19647256015606.txt,1965,
19645766013924.txt,1965,
01611926056931.txt,1965,
11626611130038.txt,1965,
01612346102917.txt,1965,
39685936042345.txt,1965,
19647586020077.txt,1965,
50712900113803.txt,1965,
30665226028666.txt,1965,
37683956040505.txt,1965,
15634616009500.txt,1965,
33103300137869.txt,1965,
42767866045850.txt,1965,
37735516116578.txt,1965,
37683380106732.txt,1965,
36677106035901.txt,1965,
50710766107932.txt,1965,
30664236027270.txt,1965,
19647250127506.txt,1965,
39754996106488.txt,1965,
30664643038569.txt,1965,
54722560116517.txt,1965,
19643031938190.txt,1965,
19648816021505.txt,1965,
36675956101786.txt,1965,
43696666048540.txt,1965,
50755725030317.txt,1965,
19646836014799.txt,1965,
37683956040539.txt,1965,
49753580138263.txt,1965,
05615720141820.txt,1965,
07616480730259.txt,1965,
19647330122382.txt,1965,
30664566027494.txt,1965,
43694500129247.txt,1965,
37683386040166.txt,1965,
56726036055818.txt,1965,
30666706116917.txt,1965,
30647666020176.txt,1965,
37768516113468.txt,1965,
36677106059398.txt,1965,
19643036011654.txt,1965,
37683380118083.txt,1965,
34673146120034.txt,1965,
37683380108290.txt,1965,
43104390116814.txt,1965,
37682966095053.txt,1965,
19647741935428.txt,1965,
19647336017909.txt,1965,
19647906020473.txt,1965,
34674476034664.txt,1965,
17640556105456.txt,1965,
31669106111959.txt,1965,
15633626096986.txt,1965,
44104474430278.txt,1965,
19649076108914.txt,1965,
23655992333649.txt,1965,
43695836047922.txt,1965,
30666216029797.txt,1965,
41690474130217.txt,1965,
37683386039499.txt,1965,
41688666043483.txt,1965,
37768510129320.txt,1965,
15638426110340.txt,1965,
19647330122341.txt,1965,
48104880139030.txt,1931,
48705816051478.txt,1965,
01612426001606.txt,1965,
24657892435204.txt,1965,
37682216038814.txt,1965,
07617626110803.txt,1965,
07617706004477.txt,1965,
49738820135053.txt,1965,
37683386114292.txt,1965,
30665226028302.txt,1965,
24656986025464.txt,1965,
36678196036198.txt,1965,
03739816107387.txt,1965,
10621666088538.txt,1965,
15638346010227.txt,1965,
19647330102913.txt,1965,
19645926013981.txt,1965,
28662666026942.txt,1965,
33669933331089.txt,1965,
19647336015887.txt,1965,
19647336016356.txt,1965,
35103553530045.txt,1965,
27660920124602.txt,1965,
38684783830064.txt,1965,
35675536035133.txt,1965,
19647336016430.txt,1965,
39685696041891.txt,1965,
37683386109599.txt,1965,
49707060129981.txt,1965,
43696416048300.txt,1965,
56725610112631.txt,1965,
04615490141341.txt,1965,
19650946023519.txt,1965,
30665976089460.txt,1965,
31669510111385.txt,1965,
36676116035349.txt,1965,
49738820123786.txt,1965,
54718296053862.txt,1965,
09619786098693.txt,1965,
37683380131565.txt,1965,
50736016025712.txt,1965,
30665896029110.txt,1965,
43695186047450.txt,1965,
19647256057780.txt,1965,
34674476103816.txt,1965,
13630991332154.txt,1965,
29663160125013.txt,1965,
41690396044846.txt,1965,
30666476071146.txt,1965,
19647901935923.txt,1965,
15633216009153.txt,1965,
37681146038301.txt,1965,
49708706066344.txt,1965,
37683383732997.txt,1965,
19647330139832.txt,1965,
19650606022974.txt,1965,
33670416031900.txt,1965,
37682966109326.txt,1965,
01612590115014.txt,1965,
21654746024889.txt,1965,
15635030101014.txt,1965,
19647336097927.txt,1965,
15737421531367.txt,1965,
43696664335949.txt,1965,
37680986111769.txt,1965,
37683876040455.txt,1965,
33103300136168.txt,1965,
31669106031280.txt,1965,
22655326025035.txt,1965,
06616220630038.txt,1965,
40688336043343.txt,1965,
47702276050694.txt,1965,
39686356042444.txt,1965,
50710435030879.txt,1965,
49709126052179.txt,1965,
08618206005458.txt,1965,
48705736051296.txt,1965,
07617966004881.txt,1965,
07617966004659.txt,1965,
43693930137273.txt,1965,
54718370110452.txt,1965,
19646676014674.txt,1965,
09100900930131.txt,1965,
19650606023303.txt,1965,
19647330137604.txt,1965,
34674390108951.txt,1965,
34765056033443.txt,1965,
37682966110878.txt,1965,
24656316025324.txt,1965,
44697990102673.txt,1965,
19647336019111.txt,1965,
44697816049621.txt,1965,
33751926116453.txt,1965,
33671990110585.txt,1965,
19643376012025.txt,1965,
57727106056485.txt,1965,
33736766032833.txt,1965,
19647330102442.txt,1965,
36750696037212.txt,1965,
30647666020200.txt,1965,
36678506036628.txt,1965,
25735856058697.txt,1965,
19651026109664.txt,1965,
19646000140582.txt,1965,
19645686013833.txt,1965,
56725205634076.txt,1965,
43696176048078.txt,1965,
07617960732941.txt,1965,
41690706059976.txt,1965,
33670336059026.txt,1965,
30736503030467.txt,1965,
56737596118582.txt,1965,
34674390111757.txt,1963,
16639176010458.txt,1965,
23656152335024.txt,1965,
07618046097158.txt,1965,
55105535530142.txt,1965,
19647331937838.txt,1965,
07617540730317.txt,1965,
15636280128504.txt,1965,
12629356008031.txt,1965,
19647336018964.txt,1965,
19648326020804.txt,1965,
50710685030267.txt,1965,
01612596001853.txt,1965,
25735852535409.txt,1965,
19647336061519.txt,1965,
54767946054761.txt,1965,
31668456031132.txt,1965,
30666706030324.txt,1965,
30666470119404.txt,1965,
34674390123901.txt,1965,
37681976038558.txt,1965,
01611430131177.txt,1965,
04614246003107.txt,1965,
31669513134657.txt,1965,
07617966005037.txt,1965,
42767866045918.txt,1965,
15635030100685.txt,1965,
01611766000640.txt,1965,
55723895530019.txt,1965,
33669770113605.txt,1965,
30664236027338.txt,1965,
54722566116909.txt,1965,
01612426115505.txt,1965,
19649980108597.txt,1965,
36678760127324.txt,1965,
21654586024780.txt,1965,
36676786098362.txt,1965,
30768930130765.txt,1965,
50710436112346.txt,1965,
37683956040471.txt,1965,
30103060132910.txt,1965,
19734526022354.txt,1965,
36103630140012.txt,1965,
36678500102830.txt,1965,
49708056111066.txt,1965,
54755315431184.txt,1965,
15635291530385.txt,1965,
19647336016034.txt,1965,
43696746048821.txt,1965,
33671246032312.txt,1965,
01612596001648.txt,1935,
53717466053789.txt,1965,
19647331931534.txt,1965,
19647336016752.txt,1965,
15633216008932.txt,1965,
30665976029359.txt,1965,
19647336089700.txt,1965,
07617960133637.txt,1965,
49738820128348.txt,1965,
19647336019475.txt,1965,
50755720117770.txt,1965,
34673146098750.txt,1965,
41689320105874.txt,1965,
30665226028716.txt,1965,
36738586109193.txt,1965,
19647336016018.txt,1965,
18641136010748.txt,1965,
19647330102491.txt,1965,
13631236008494.txt,1965,
20764142030070.txt,1965,
50712176052922.txt,1965,
19647331931518.txt,1965,
40687596043103.txt,1965,
19647336019459.txt,1965,
31669103130234.txt,1965,
30666700135897.txt,1965,
07617546004188.txt,1965,
15634120116384.txt,1965,
07617960129643.txt,1965,
30665976029375.txt,1965,
39685026041800.txt,1965,
43694684334462.txt,1965,
36678766112767.txt,1965,
37764710119271.txt,1965,
05615646003446.txt,1965,
48705654830154.txt,1965,
42767866045934.txt,1965,
54719025430335.txt,1965,
12630320111203.txt,1965,
04614240141069.txt,1965,
54755236054266.txt,1965,
01611760130435.txt,1965,
19648736021489.txt,1965,
39686763930211.txt,1965,
19650606023105.txt,1965,
09100900123521.txt,1965,
36678433630928.txt,1965,
19643371931237.txt,1965,
53105380125633.txt,1965,
05100580530048.txt,1965,
19647331932987.txt,1965,
10624146007132.txt,1965,
10621666101091.txt,1965,
19647336057939.txt,1965,
19647336018790.txt,1965,
19647251996503.txt,1896,
34674476034516.txt,1965,
19647336061535.txt,1965,
19772890109942.txt,1965,
44697656113559.txt,1965,
19647330124495.txt,1965,
09619036005565.txt,1965,
36675870109470.txt,1965,
30666706030308.txt,1965,
30739246029078.txt,1965,
37681976038574.txt,1965,
33671246106058.txt,1965,
33672150111252.txt,1965,
54767946094569.txt,1965,
01611190111765.txt,1965,
19753090138297.txt,1965,
19647096014963.txt,1965,
19647330129833.txt,1965,
37680316038087.txt,1965,
19647336057905.txt,1965,
40688250108522.txt,1965,
34674473436714.txt,1965,
07617476003917.txt,1965,
19101990109660.txt,1965,
19647330109249.txt,1965,
36678506036610.txt,1965,
54719930123653.txt,1965,
47702436050710.txt,1965,
30666706115836.txt,1965,
56725386110738.txt,1965,
44104476069397.txt,1965,
30664496027460.txt,1965,
54722560125708.txt,1965,
07100740731380.txt,1965,
19647336015713.txt,1965,
37682056038657.txt,1965,
36677106108070.txt,1965,
19647336019129.txt,1965,
19648320108027.txt,1965,
33669776031538.txt,1965,
30665226028500.txt,1965,
30666706071195.txt,1965,
49706720122440.txt,1965,
19647331935568.txt,1965,
19643376012009.txt,1965,
54722560109751.txt,1965,
15637686010037.txt,1965,
41690396044895.txt,1965,
54755235430251.txt,1965,
19647336019673.txt,1965,
09619606005680.txt,1965,
01612590121376.txt,1965,
19734376057582.txt,1965,
33670586109045.txt,1965,
36678766037097.txt,1965,
10622571033695.txt,1965,
39103970120717.txt,1965,
19647336016232.txt,1965,
19647331931054.txt,1965,
33669776031504.txt,1965,
37103716119119.txt,1965,
37682216038780.txt,1965,
04614246002976.txt,1965,
19647336016554.txt,1965,
19647330114967.txt,1965,
27660926058721.txt,1965,
19647336120794.txt,1965,
44698234437109.txt,1965,
34674476034714.txt,1965,
19647336018592.txt,1965,
37683386061972.txt,1965,
40687006042931.txt,1947,
07616486003636.txt,1965,
19757131930163.txt,1965,
36678760136952.txt,1965,
33670330105809.txt,1965,
23656150115055.txt,1965,
30665636029037.txt,1965,
56105615630223.txt,1965,
36678763636081.txt,1965,
10754086007090.txt,1965,
30665896029128.txt,1965,
39685930112565.txt,1965,
43695186047468.txt,1965,
01612596002190.txt,1965,
19650946023535.txt,1965,
34673146033104.txt,1965,
36103633630761.txt,1965,
43694506109433.txt,1965,
24658706025837.txt,1965,
30666470116525.txt,1965,
58727360121632.txt,1965,
07616556117410.txt,1965,
34765056033484.txt,1965,
15635290141101.txt,1965,
49709204935292.txt,1965,
19648656021349.txt,1965,
48705404830170.txt,1965,
34673140131516.txt,1965,
19647336120810.txt,1965,
50712820105700.txt,1965,
19647256015366.txt,1965,
56726525630272.txt,1965,
04615316105522.txt,1965,
19649071936772.txt,1965,
09618530930164.txt,1965,
34752830140624.txt,1965,
16638916010367.txt,1965,
07617966097141.txt,1965,
43733876067219.txt,1965,
19651106023683.txt,1965,
30664646117634.txt,1965,
58727366056683.txt,1965,
34674476034847.txt,1965,
19647336019707.txt,1965,
19647336019061.txt,1965,
19647331935352.txt,1965,
45700116050348.txt,1965,
01612590125716.txt,1939,
34673146110118.txt,1965,
30665306028849.txt,1965,
10739650113993.txt,1965,
33751926109417.txt,1965,
15634040127712.txt,1965,
45699480134122.txt,1965,
19647330128132.txt,1965,
30665143037090.txt,1965,
30666966030456.txt,1965,
31750856031207.txt,1965,
39686500125849.txt,1965,
37679676109086.txt,1965,
37683463737418.txt,1965,
43696256048086.txt,1965,
34752830120113.txt,1965,
54722566054647.txt,1965,
19647336018394.txt,1965,
19647330100669.txt,1965,
41688826043608.txt,1965,
39685850111419.txt,1965,
19647256057814.txt,1965,
30103060133983.txt,1965,
19646346014492.txt,1925,
34673146120018.txt,1965,
37684526059810.txt,1965,
19647336017925.txt,1965,
24753666025407.txt,1965,
19647330120022.txt,1965,
19645761933597.txt,1965,
20764142030104.txt,1965,
19734606100309.txt,1965,
17640221730118.txt,1965,
34765050108415.txt,1965,
43694274335428.txt,1965,
30666703030475.txt,1965,
33670906106835.txt,1965,
41690624133716.txt,1965,
24102490138032.txt,1965,
43696906049142.txt,1965,
33103300137851.txt,1965,
35675206035109.txt,1965,
07617960732164.txt,1965,
45698726050074.txt,1965,
19642871936384.txt,1965,
10738096006001.txt,1965,
39685026041784.txt,1965,
41690056115026.txt,1965,
21654586024814.txt,1965,
37683386039648.txt,1965,
30666476097000.txt,1965,
19647331931336.txt,1965,
37680236037964.txt,1965,
19647330137562.txt,1965,
37680230138073.txt,1965,
23656156025191.txt,1965,
49709534937256.txt,1965,
37683796089007.txt,1965,
19647331931450.txt,1965,
19643376011886.txt,1965,
43694014336137.txt,1965,
33669930129882.txt,1965,
33670330110627.txt,1965,
13631230118455.txt,1965,
36678766036941.txt,1965,
43104390125799.txt,1965,
37683386119598.txt,1965,
37683466061998.txt,1965,
42693104236030.txt,1965,
30664640136762.txt,1965,
19645766013908.txt,1965,
19650606023071.txt,1965,
50710430129106.txt,1965,
19647336019277.txt,1965,
19647330133710.txt,1965,
10621666061188.txt,1965,
56725126055180.txt,1965,
19647331996610.txt,1965,
34765056059265.txt,1965,
19647330117895.txt,1965,
31669283130309.txt,1965,
19648406020846.txt,1965,
30666706061741.txt,1965,
12628936007959.txt,1965,
19647330122184.txt,1965,
30666700114736.txt,1965,
19647336018196.txt,1965,
52105206119671.txt,1965,
37681976038400.txt,1965,
13631490125922.txt,1965,
40687004030102.txt,1965,
37683386039853.txt,1965,
19647336057871.txt,1965,
06616140630087.txt,1965,
01611506090484.txt,1965,
07616486110514.txt,1965,
38684780101352.txt,1965,
36678766036982.txt,1965,
39754996118665.txt,1965,
36679340140202.txt,1965,
33669856112080.txt,1965,
30664496068571.txt,1965,
42692296045629.txt,1965,
04613826002919.txt,1965,
19647336061469.txt,1965,
01100170130419.txt,1965,
36679186106587.txt,1965,
34673143430352.txt,1965,
16638750112698.txt,1965,
30665973032000.txt,1965,
28662660109140.txt,1965,
39686766042790.txt,1965,
33751920101105.txt,1965,
33671160125906.txt,1965,
33671166107197.txt,1965,
13631236113658.txt,1965,
56725386055305.txt,1965,
30666706030241.txt,1965,
19647331930940.txt,1965,
37683386039846.txt,1965,
39685936114847.txt,1965,
39686760139907.txt,1965,
34674396097083.txt,1965,
37681630138156.txt,1965,
01612916002422.txt,1965,
43696746048987.txt,1965,
36739576112932.txt,1965,
30664640138941.txt,1965,
30665066028005.txt,1957,
37681303731262.txt,1965,
27751500118349.txt,1965,
56725386055339.txt,1965,
42767860120402.txt,1965,
43695834334488.txt,1965,
42767864231726.txt,1965,
01611276090161.txt,1965,
38684783830288.txt,1965,
37682133730991.txt,1965,
30736430102889.txt,1965,
36678196036412.txt,1965,
19647330112052.txt,1965,
19647336016810.txt,1965,
33671246032288.txt,1965,
42691206045272.txt,1965,
19643376011878.txt,1965,
36676110107474.txt,1965,
19647330109314.txt,1965,
30665066028039.txt,1954,
01612596001739.txt,1965,
50755565036850.txt,1965,
19647331938307.txt,1965,
30666706030282.txt,1965,
19644446057608.txt,1965,
36676786106611.txt,1965,
45752670110221.txt,1965,
10624301030758.txt,1965,
54768366054050.txt,1965,
20755806100820.txt,1965,
50711755034913.txt,1965,
37683956116008.txt,1965,
20102072030153.txt,1965,
34673306059182.txt,1965,
49709386113039.txt,1961,
34673480119420.txt,1965,
36677106106470.txt,1965,
19647336017529.txt,1965,
33670906032213.txt,1965,
19645016013221.txt,1965,
36750776035265.txt,1965,
19645681995497.txt,1965,
16639746111934.txt,1965,
30665483030145.txt,1965,
45700946050447.txt,1965,
19647336018154.txt,1965,
07617960733253.txt,1965,
41690620139915.txt,1965,
19647336100069.txt,1965,
01611190130609.txt,1965,
53738335330030.txt,1965,
49708546051957.txt,1965,
19647336018626.txt,1965,
33670583333192.txt,1965,
38684786041412.txt,1965,
34674396033906.txt,1965,
45699896119382.txt,1965,
50711676052674.txt,1965,
56726525630298.txt,1965,
04614246111116.txt,1965,
15101570135467.txt,1965,
56738745630199.txt,1965,
19649316022206.txt,1965,
19646596014633.txt,1965,
56726526056170.txt,1965,
36738906035455.txt,1965,
33671246103519.txt,1965,
19647331931690.txt,1965,
43693690107763.txt,1965,
39685446041875.txt,1965,
37737916116206.txt,1965,
15635291530021.txt,1965,
09618386096614.txt,1965,
55723486054860.txt,1965,
47703676050819.txt,1965,
19644691932482.txt,1965,
07617966120885.txt,1965,
37681063730058.txt,1965,
32103220108001.txt,1965,
37679916037659.txt,1965,
44754320139410.txt,1965,
37682050141812.txt,1965,
12626871235209.txt,1965,
01613096002554.txt,1965,
19647336019921.txt,1965,
30666476030043.txt,1965,
44697996049670.txt,1965,
37683383733508.txt,1965,
38103893830361.txt,1965,
43695756047781.txt,1965,
19646670106070.txt,1965,
19651360101022.txt,1965,
19646346014450.txt,1965,
39686766042550.txt,1965,
49709126066385.txt,1965,
19649986115513.txt,1965,
30103060138800.txt,1965,
36679596037402.txt,1965,
19646670140970.txt,1965,
49738826051676.txt,1965,
37682963735842.txt,1965,
39686766116115.txt,1965,
01751016117592.txt,1965,
19647336058028.txt,1965,
19647330100867.txt,1965,
34673303433216.txt,1965,
19643521930239.txt,1965,
31750850108084.txt,1965,
34765056033526.txt,1965,
56724705630363.txt,1965,
36675956094940.txt,1965,
19647330121103.txt,1965,
54722560135863.txt,1965,
21653676024350.txt,1965,
36676113630712.txt,1965,
19647336017065.txt,1965,
30664230113712.txt,1965,
15635946102792.txt,1965,
56724546054993.txt,1965,
45699480141580.txt,1965,
38684786041610.txt,1965,
15636936108575.txt,1965,
27102722730265.txt,1965,
56737596093173.txt,1965,
19647330126136.txt,1965,
19647250132324.txt,1965,
33669773337128.txt,1965,
07617960132100.txt,1965,
19648406021026.txt,1965,
37683796098453.txt,1965,
07617390730549.txt,1965,
11101160124909.txt,1965,
33670906059075.txt,1965,
19756636120158.txt,1965,
19651106023709.txt,1965,
37764710127605.txt,1965,
19647251939875.txt,1965,
19650606068878.txt,1965,
54722316105381.txt,1965,
07617546004360.txt,1965,
37771560137323.txt,1965,
23656156025225.txt,1965,
37682216038756.txt,1965,
34765056032957.txt,1965,
36678766037055.txt,1965,
44697996049738.txt,1965,
56737596055875.txt,1964,
47704664735403.txt,1965,
37684526069124.txt,1965,
49709536111678.txt,1965,
47702016050678.txt,1965,
45699716050256.txt,1965,
47764556050751.txt,1965,
50711676105670.txt,1965,
04615150434803.txt,1965,
15737421530054.txt,1965,
41689576044093.txt,1965,
19647336019699.txt,1965,
19647336019855.txt,1965,
36676946109185.txt,1965,
44697990105858.txt,1965,
19647330106351.txt,1965,
58727366056709.txt,1965,
19647330102137.txt,1965,
35674706035042.txt,1965,
01611920133629.txt,1965,
44697996049704.txt,1965,
01612756002281.txt,1965,
19647331937424.txt,1965,
30664640111914.txt,1965,
43696094334728.txt,1965,
33672310113746.txt,1965,
15633216009195.txt,1965,
19768690131128.txt,1965,
37684523738705.txt,1965,
01611436090195.txt,1965,
10621666102016.txt,1965,
33671996105571.txt,1965,
33670906032171.txt,1965,
37683386039259.txt,1965,
48705406051239.txt,1952,
19647256015549.txt,1965,
19101990138669.txt,1965,
33670583330909.txt,1965,
33736766032361.txt,1965,
30664646117741.txt,1965,
19647330122218.txt,1965,
45698564530192.txt,1965,
33736760113753.txt,1965,
28662666026827.txt,1965,
10624306007231.txt,1965,
38684786041016.txt,1965,
10621666006258.txt,1965,
19647330122556.txt,1965,
07617966057210.txt,1965,
45698564530804.txt,1965,
19646346014518.txt,1965,
19647336017677.txt,1965,
49709126108500.txt,1965,
19647331933118.txt,1965,
36675876115117.txt,1965,
43695916049480.txt,1965,
58727365830013.txt,1965,
41689990134197.txt,1965,
19645926115265.txt,1965,
19647336018550.txt,1965,
41690706045157.txt,1965,
30665223033933.txt,1965,
01612596111660.txt,1965,
34674390135343.txt,1965,
19734606108344.txt,1965,
36679590101410.txt,1965,
56725386055271.txt,1965,
37683380124347.txt,1965,
43693690129924.txt,1965,
19647336016794.txt,1965,
30739246030514.txt,1965,
19647330141556.txt,1965,
30736500127472.txt,1965,
52714726053466.txt,1965,
30739246029045.txt,1965,
41689656044135.txt,1965,
42691956045447.txt,1965,
13631150131243.txt,1965,
19647330115113.txt,1965,
30664316058903.txt,1965,
37754160138651.txt,1965,
07617546004162.txt,1965,
19649316022164.txt,1965,
56726526056212.txt,1965,
54719930123646.txt,1965,
01612426068266.txt,1965,
19645766013882.txt,1965,
37683386089015.txt,1965,
37684113730843.txt,1965,
39685850108217.txt,1965,
38684786040877.txt,1965,
36678196036214.txt,1965,
43694506047211.txt,1965,
07617620129064.txt,1965,
37683383730363.txt,1965,
33670826032155.txt,1965,
54722566054530.txt,1965,
19647330109512.txt,1965,
19647330119701.txt,1965,
56739406112189.txt,1965,
30664236116123.txt,1965,
54722560120659.txt,1965,
19648736021463.txt,1965,
33752006113625.txt,1965,
19647330102335.txt,1965,
42691796045355.txt,1965,
19647336018949.txt,1965,
09737836005623.txt,1965,
43696666048425.txt,1965,
01612420134668.txt,1965,
32669696110308.txt,1965,
16639176118798.txt,1965,
05615646003453.txt,1965,
27738256026421.txt,1965,
01611190132142.txt,1965,
30739246029086.txt,1965,
39686766042626.txt,1965,
19648320100644.txt,1965,
10621581031954.txt,1965,
19649076021950.txt,1965,
37681300128819.txt,1965,
43697086049357.txt,1965,
36678766036834.txt,1965,
36677106106504.txt,1965,
30665483038445.txt,1965,
36676523630373.txt,1965,
39685933932001.txt,1965,
33736760100263.txt,1965,
19647330126532.txt,1965,
19647336017313.txt,1965,
34752830141895.txt,1965,
19647330122754.txt,1965,
36675870112086.txt,1965,
37683380131979.txt,1965,
34674396059315.txt,1965,
19647336017461.txt,1965,
13631310135657.txt,1965,
37680806106132.txt,1965,
43694356085690.txt,1965,
19647336018022.txt,1965,
39686766042618.txt,1965,
10621666111256.txt,1965,
19649076058507.txt,1965,
19734526022347.txt,1965,
34673146106355.txt,1965,
10622656006738.txt,1965,
19734376023758.txt,1965,
19647336058374.txt,1965,
19647336017305.txt,1965,
01611766090526.txt,1965,
19647330126524.txt,1965,
34673306033211.txt,1965,
01100170138867.txt,1965,
37680316038053.txt,1965,
19648570105981.txt,1965,
49706150113506.txt,1965,
39685856104038.txt,1965,
39686766104665.txt,1965,
34673146098743.txt,1965,
43696666048433.txt,1965,
19650376022859.txt,1965,
33672156059158.txt,1965,
33672150119180.txt,1965,
19645686057723.txt,1965,
19647336017339.txt,1965,
40688414030185.txt,1965,
19647096014948.txt,1965,
34673140108753.txt,1965,
19647330115139.txt,1965,
56726526056238.txt,1965,
30664640108704.txt,1965,
34673146032999.txt,1965,
41688826043541.txt,1965,
54718606053938.txt,1965,
01613096002620.txt,1965,
17640301732304.txt,1965,
24657550139675.txt,1965,
30664640112748.txt,1965,
54722566092373.txt,1965,
34673300129676.txt,1965,
01611766000848.txt,1965,
54722560110940.txt,1965,
15635291530369.txt,1965,
54722316054480.txt,1965,
06616220118729.txt,1965,
30736500133405.txt,1965,
54721996054415.txt,1965,
07100740137026.txt,1965,
37683386115570.txt,1965,
30736356089502.txt,1965,
21654176024558.txt,1965,
56726526056204.txt,1965,
19649316022172.txt,1965,
30103060126037.txt,1965,
06100660136580.txt,1965,
24656310126771.txt,1965,
54718606053904.txt,1965,
19753416022107.txt,1965,
16638756010276.txt,1965,
37683956040489.txt,1965,
39686760139865.txt,1965,
19647330133868.txt,1965,
01612590112797.txt,1944,
19647330135996.txt,1965,
19645016013155.txt,1965,
34673140105908.txt,1965,
39686500128215.txt,1965,
37770990136077.txt,1965,
30667466030837.txt,1965,
37683386039515.txt,1965,
37684520128223.txt,1965,
19647336018220.txt,1965,
39686760119784.txt,1965,
34673146109516.txt,1965,
30665973031697.txt,1965,
36738900111096.txt,1965,
37683386039267.txt,1965,
07616486084941.txt,1965,
19647336058176.txt,1965,
19647330122226.txt,1965,
36678506107155.txt,1965,
01612590106906.txt,1965,
34674390101972.txt,1965,
19647330121707.txt,1965,
19647336017891.txt,1965,
39686760121541.txt,1965,
16639586010482.txt,1965,
01611926090583.txt,1965,
44697990140335.txt,1965,
41689166043855.txt,1965,
48705406106405.txt,1965,
10621666006266.txt,1965,
33671730118943.txt,1965,
39685930105973.txt,1965,
56739400121426.txt,1965,
12626956007686.txt,1965,
34765056033450.txt,1965,
10621666006514.txt,1965,
33751926114243.txt,1965,
34765056033336.txt,1965,
01611760134452.txt,1965,
15633216111900.txt,1965,
36678436036511.txt,1965,
19734371931963.txt,1965,
19734601937747.txt,1965,
19648570135301.txt,1965,
39685696041909.txt,1965,
48705324830055.txt,1965,
37682966093223.txt,1965,
07617210733980.txt,1965,
57727106056469.txt,1965,
33670336031835.txt,1965,
44697996049712.txt,1965,
49707146119655.txt,1965,
33751920105759.txt,1965,
24102490106518.txt,1965,
53750285337407.txt,1965,
19647740108399.txt,1965,
33670330100966.txt,1965,
36678766068209.txt,1965,
34674473438504.txt,1965,
19642460100081.txt,1965,
34674393435419.txt,1965,
33752006118558.txt,1965,
30664646058929.txt,1965,
07617546004410.txt,1965,
23656156025233.txt,1965,
30664646027643.txt,1965,
43695756047807.txt,1965,
57727106096671.txt,1965,
37684526040588.txt,1965,
19651360102475.txt,1965,
17640556010672.txt,1965,
19649801933373.txt,1965,
49709126052195.txt,1965,
33672496032817.txt,1965,
19644360140525.txt,1965,
36678683635265.txt,1965,
07617396003875.txt,1965,
37683046105555.txt,1965,
09619116005581.txt,1965,
41689324130126.txt,1965,
36676116035372.txt,1965,
30666216114565.txt,1965,
50711676052716.txt,1965,
10622406006720.txt,1965,
01612590129932.txt,1965,
42691200102855.txt,1965,
33670586032007.txt,1965,
36676116035414.txt,1965,
19753336020408.txt,1965,
51105120140152.txt,1965,
56105615630397.txt,1965,
39686766095236.txt,1965,
39686766115422.txt,1965,
37679916069082.txt,1965,
56737596093165.txt,1965,
19647336017701.txt,1965,
49707306110639.txt,1965,
55724135530092.txt,1965,
19647331938885.txt,1965,
43696256097430.txt,1965,
43694274330023.txt,1965,
36679596037428.txt,1965,
33751760122960.txt,1965,
34765056033518.txt,1965,
43695756047740.txt,1965,
19647336017073.txt,1965,
19647336058002.txt,1965,
23656076025175.txt,1965,
31669446113062.txt,1965,
01612596002018.txt,1961,
56724546054985.txt,1965,
34673303430709.txt,1965,
56739406055149.txt,1965,
43696664333522.txt,1965,
13630811331354.txt,1965,
43733876047690.txt,1965,
49738826112981.txt,1965,
04615496003370.txt,1965,
19648406021018.txt,1965,
39685850133678.txt,1965,
01100176001788.txt,1965,
19647330122408.txt,1965,
01612590112813.txt,1965,
36677106059406.txt,1965,
50757390108175.txt,1965,
51714495130042.txt,1965,
19647330111997.txt,1965,
33671736032411.txt,1965,
27660500107292.txt,1965,
39686760140020.txt,1965,
54722310141713.txt,1965,
19651360114439.txt,1965,
19643036011647.txt,1965,
36678683630241.txt,1965,
07617210730457.txt,1965,
49707146051759.txt,1965,
19648730108779.txt,1965,
13101320134379.txt,1965,
17640220142158.txt,1965,
12753741232909.txt,1965,
19645506013510.txt,1965,
19649806058531.txt,1965,
33672490140921.txt,1965,
36678506114920.txt,1965,
07617966004931.txt,1965,
19642461930213.txt,1965,
37103710108548.txt,1965,
07617540734566.txt,1965,
57727106116677.txt,1965,
38684786062020.txt,1965,
37737910105684.txt,1965,
30665976118236.txt,1965,
53716966053722.txt,1965,
43693776046361.txt,1965,
39685026070957.txt,1965,
37682130138636.txt,1965,
56737596055917.txt,1965,
07617880125435.txt,1965,
42692606045777.txt,1965,
36738906035331.txt,1965,
19647330112508.txt,1965,
48705816051494.txt,1965,
37771720138099.txt,1965,
36679180108431.txt,1965,
16639821630011.txt,1965,
01100170125567.txt,1965,
10739991033422.txt,1965,
19647330122622.txt,1965,
07616486003594.txt,1965,
38684786041362.txt,1965,
07616300730283.txt,1965,
07616480100461.txt,1965,
27659616120273.txt,1965,
01612590111856.txt,1965,
33670906032239.txt,1965,
24656982432409.txt,1965,
19647336017503.txt,1965,
33671736106207.txt,1965,
39754996118699.txt,1965,
19647330122150.txt,1965,
49708966052021.txt,1965,
19647336058200.txt,1965,
01612596001713.txt,1965,
07618040132902.txt,1965,
19647336017271.txt,1965,
19648166105407.txt,1965,
12628286116289.txt,1965,
19734376012397.txt,1965,
43693696046114.txt,1965,
37683386039887.txt,1965,
50711755034905.txt,1965,
22655322235356.txt,1965,
33672490102723.txt,1965,
15633216008841.txt,1965,
38684786041438.txt,1965,
19645686013767.txt,1965,
09619030937805.txt,1965,
33670906032205.txt,1965,
30665306095111.txt,1965,
49753906060222.txt,1965,
50712660124768.txt,1965,
07617546003974.txt,1965,
19648576106900.txt,1965,
19647336018618.txt,1965,
34752833430659.txt,1965,
56725205630405.txt,1965,
49753584930228.txt,1965,
36678196036404.txt,1965,
37680980107862.txt,1965,
36676786035554.txt,1965,
01611760138693.txt,1965,
30664236027288.txt,1965,
36678196036362.txt,1965,
34673303434792.txt,1965,
42767864235230.txt,1965,
33671996111843.txt,1965,
37764710123059.txt,1965,
37680566117923.txt,1965,
33751766112734.txt,1965,
37680236037998.txt,1965,
36678196036438.txt,1965,
37682966099444.txt,1965,
30664316058861.txt,1965,
11626536007553.txt,1965,
36739576112924.txt,1965,
19647331931484.txt,1965,
23655652330215.txt,1965,
30665066028013.txt,1965,
19646911996438.txt,1965,
07617540734764.txt,1965,
15633216008882.txt,1965,
56725386055313.txt,1965,
19752911996016.txt,1965,
05615640530055.txt,1965,
37681630128421.txt,1965,
42692290132738.txt,1965,
50105045030069.txt,1965,
53750285330022.txt,1965,
42691206046023.txt,1965,
19651026071690.txt,1965,
19650940112706.txt,1965,
19648811936103.txt,1965,
36103630115808.txt,1965,
11626536007546.txt,1965,
43694196047005.txt,1965,
33751760107920.txt,1965,
45104540129957.txt,1965,
10621586006027.txt,1965,
07617886004576.txt,1965,
38684786115901.txt,1965,
19734451933316.txt,1965,
41690624136693.txt,1965,
01751016002349.txt,1965,
49738826060669.txt,1965,
19647336018816.txt,1965,
19647330122192.txt,1965,
50712170110080.txt,1965,
38684780102103.txt,1965,
34765056112064.txt,1965,
19646676113294.txt,1965,
19734376012355.txt,1965,
19647330122838.txt,1965,
39686270136135.txt,1965,
39685936042394.txt,1965,
39685936120505.txt,1965,
43694196047039.txt,1965,
37683386039879.txt,1965,
19647330112045.txt,1965,
30664236027262.txt,1965,
37684526107577.txt,1965,
45701364530267.txt,1965,
36678196036388.txt,1965,
48705654830022.txt,1965,
19734451939834.txt,1965,
36678016100929.txt,1965,
36678760141689.txt,1965,
50755645030176.txt,1965,
39685026041792.txt,1965,
19647330106971.txt,1965,
37680236037972.txt,1965,
19101990139170.txt,1965,
19647336016620.txt,1965,
15636770114512.txt,1965,
33751926112551.txt,1965,
19648406020887.txt,1965,
33671166110365.txt,1965,
54722316054522.txt,1965,
35675796035158.txt,1965,
30665226028674.txt,1965,
49708546051940.txt,1965,
01611196090054.txt,1965,
33736766114789.txt,1965,
20652430110965.txt,1965,
40687590140194.txt,1965,
34674396110662.txt,1965,
19650296022768.txt,1965,
04614240118042.txt,1965,
19753416022099.txt,1965,
39685773933959.txt,1965,
30736500141119.txt,1965,
19647256015614.txt,1965,
40687596043061.txt,1965,
41690056044531.txt,1965,
01612590115600.txt,1935,
41690056102941.txt,1965,
38684780111427.txt,1965,
20652436112973.txt,1965,
36678196036149.txt,1965,
19647336017933.txt,1965,
23656152334704.txt,1965,
49708470119750.txt,1965,
31750850108050.txt,1965,
34673306115638.txt,1965,
54718376105506.txt,1965,
15633216009021.txt,1965,
19647336017099.txt,1965,
54719856054134.txt,1965,
19651366058580.txt,1965,
30666216029961.txt,1965,
28662666026777.txt,1965,
10621666109961.txt,1965,
07617540134072.txt,1965,
19647330121699.txt,1965,
37683386040174.txt,1965,
19648570133611.txt,1965,
15737426009294.txt,1965,
01750936001424.txt,1965,
15636280127209.txt,1965,
30664566027486.txt,1965,
19647330122390.txt,1965,
19650786023345.txt,1965,
07617966061170.txt,1965,
01100170130625.txt,1965,
36739576036461.txt,1965,
43693690107748.txt,1965,
27660682730083.txt,1965,
37683380108282.txt,1965,
34673146120026.txt,1965,
55724135530050.txt,1965,
33672156120075.txt,1965,
07617960730598.txt,1965,
33670823330537.txt,1965,
33670333330586.txt,1965,
53717386053771.txt,1965,
55723636054902.txt,1965,
56726526060370.txt,1965,
38684786041149.txt,1965,
19647256015358.txt,1965,
05615646105431.txt,1965,
15638346010235.txt,1965,
36750770141457.txt,1965,
34739733430451.txt,1965,
03739816107395.txt,1965,
13632140120881.txt,1965,
54767945436282.txt,1965,
40687596109342.txt,1965,
19647336016422.txt,1965,
51714645130075.txt,1965,
19647336015895.txt,1965,
16638916010359.txt,1965,
37682216038806.txt,1965,
15638260141663.txt,1965,
07617626110811.txt,1965,
36678760121343.txt,1965,
15737426110712.txt,1965,
37103710137752.txt,1965,
37684113731627.txt,1965,
33669930113936.txt,1965,
15739086106306.txt,1965,
50757390114561.txt,1965,
30665226028310.txt,1965,
19647330111955.txt,1965,
43693776089288.txt,1965,
41689576044127.txt,1965,
19647256015416.txt,1965,
01612590121228.txt,1965,
10624301036672.txt,1965,
10621666006449.txt,1965,
43693856046411.txt,1965,
56724626055016.txt,1965,
19648816021729.txt,1965,
04615076003263.txt,1965,
37684113731155.txt,1965,
19648576021158.txt,1965,
37683383737962.txt,1965,
51714150129007.txt,1965,
43693936046676.txt,1965,
30665226028476.txt,1965,
19734370137893.txt,1965,
34673146033112.txt,1965,
07616480730465.txt,1965,
38684786059869.txt,1965,
34765056033492.txt,1965,
37756143731312.txt,1965,
37682960111187.txt,1965,
41690216044747.txt,1965,
41689166043897.txt,1965,
37681063732062.txt,1965,
34765056032940.txt,1965,
15633626115257.txt,1965,
37684520106120.txt,1965,
10625470136523.txt,1965,
36678763634680.txt,1965,
42692296045561.txt,1965,
19649076061634.txt,1965,
33736766031694.txt,1965,
37683386040000.txt,1965,
34673306059208.txt,1965,
40687594030557.txt,1965,
15633626112262.txt,1965,
19645016013197.txt,1965,
19647330135954.txt,1965,
48705326120240.txt,1965,
36679186037360.txt,1965,
19644696012942.txt,1965,
45701286050546.txt,1965,
37683386061964.txt,1965,
50755646052880.txt,1965,
30666210140293.txt,1965,
07617966112015.txt,1965,
18750366010763.txt,1965,
33669776031512.txt,1965,
19647336016224.txt,1965,
37737910105726.txt,1965,
21654336024673.txt,1965,
09100900930123.txt,1965,
19647336019665.txt,1965,
31750856116057.txt,1965,
50736015035902.txt,1965,
19647330109934.txt,1965,
37683790123000.txt,1965,
37680230101592.txt,1965,
19647336015739.txt,1965,
36676783631017.txt,1965,
43696740140475.txt,1965,
19753336020390.txt,1965,
23655812330306.txt,1965,
11626386007504.txt,1965,
49708396051882.txt,1965,
03739810330753.txt,1965,
36678506111736.txt,1965,
41690706045140.txt,1965,
19643111931021.txt,1965,
33670903337136.txt,1965,
10621666105746.txt,1965,
19647330114959.txt,1965,
36678506106538.txt,1965,
54753255430277.txt,1965,
19647336015705.txt,1965,
15634040112185.txt,1965,
56739406115430.txt,1965,
33672493337649.txt,1965,
33670580111021.txt,1965,
19647336069157.txt,1965,
07616480730101.txt,1965,
37683383731056.txt,1965,
54722566106249.txt,1965,
30739246029052.txt,1965,
19647336057913.txt,1965,
33671246106066.txt,1965,
47705086067136.txt,1965,
54105466069439.txt,1965,
19647251936947.txt,1965,
19645686013809.txt,1965,
19648736021448.txt,1965,
01612590115204.txt,1953,
01612590102988.txt,1965,
33670336059034.txt,1965,
33671730133090.txt,1965,
50711676110068.txt,1965,
39685023930054.txt,1965,
43696416060065.txt,1965,
34673140108746.txt,1965,
33672310141598.txt,1965,
10624146007124.txt,1965,
49707220139048.txt,1965,
30665143032505.txt,1965,
36679180138875.txt,1965,
19647330140111.txt,1965,
50757396053177.txt,1965,
09619036005573.txt,1965,
01612590115238.txt,1965,
37103710128538.txt,1965,
33751920140947.txt,1965,
54718605430244.txt,1965,
33736760100248.txt,1965,
19647331931526.txt,1965,
19647336016026.txt,1965,
43694274335204.txt,1965,
30665143037496.txt,1965,
21654256024616.txt,1965,
36679186110522.txt,1965,
15634386009435.txt,1965,
50712900113795.txt,1965,
19647330112870.txt,1965,
33672493331006.txt,1965,
19647336019301.txt,1965,
40687596043129.txt,1965,
28662662830115.txt,1965,
57726786066245.txt,1965,
19647336019467.txt,1965,
24657556058689.txt,1965,
42104214230207.txt,1965,
50755725030259.txt,1965,
09618796005508.txt,1965,
20651856113922.txt,1965,
30736500133389.txt,1965,
19649316022198.txt,1965,
54755236054258.txt,1965,
36678276036453.txt,1965,
01611196090120.txt,1965,
24657302433001.txt,1965,
37683956040463.txt,1965,
41690624138053.txt,1965,
36679346059554.txt,1965,
54722316054456.txt,1965,
31669100135178.txt,1965,
19646830101154.txt,1965,
33752420109116.txt,1965,
56105610122713.txt,1965,
24658626025811.txt,1965,
54105460125542.txt,1965,
54755316053979.txt,1965,
30664236027403.txt,1965,
04614240120394.txt,1965,
09618380111724.txt,1965,
50755646100390.txt,1965,
34752830135194.txt,1965,84000
42692526045728.txt,1965,
19647336019400.txt,1965,
31669510113068.txt,1965,
19648731936749.txt,1965,
13631151333004.txt,1965,
43696746048854.txt,1965,
19753091995786.txt,1965,
36679343630100.txt,1965,
41690396112650.txt,1965,
19734526022321.txt,1965,
54722566054597.txt,1965,
30664640113381.txt,1965,
16101656069298.txt,1965,
01612000132670.txt,1965,
33670586031959.txt,1965,
36677106035828.txt,1965,
21654822134419.txt,1965,
33751760108241.txt,1965,
33670906111280.txt,1965,
38684783830429.txt,1965,
19648406020994.txt,1965,
22102232230050.txt,1965,
36739576106116.txt,1965,
37103710138016.txt,1965,
30665226028773.txt,1965,
19647336017388.txt,1965,
44698496066542.txt,1965,
01611766000806.txt,1965,
19647331933381.txt,1965,
39685693933801.txt,1965,
43696740141283.txt,1965,
32669696031413.txt,1965,
37679676037535.txt,1965,
39686270129890.txt,1965,
33671810138610.txt,1965,
36677103630480.txt,1965,
39103976069215.txt,1965,
19734606023402.txt,1965,
12626871230705.txt,1965,
15636696009781.txt,1965,
19753416022149.txt,1965,
41689244135075.txt,1965,
34674390102038.txt,1965,
19734521936228.txt,1965,
19647331996073.txt,1965,
28662660121087.txt,1965,
30664726027668.txt,1965,
19647336061550.txt,1965,
37681630139402.txt,1965,
19651360117234.txt,1965,
34674476034573.txt,1965,
37683386040265.txt,1965,
56726035630322.txt,1965,
58105876069249.txt,1965,
19647330126581.txt,1965,
15637926010094.txt,1965,
36678760107730.txt,1965,
19647330124396.txt,1965,
34674130112078.txt,1965,
10624146007157.txt,1965,
01612590125161.txt,1959,
19651361934421.txt,1965,
01612596118608.txt,1965,
43696416048201.txt,1965,
22655326025068.txt,1965,
19647336016257.txt,1965,
30664986071096.txt,1965,
30665226028559.txt,1965,
19647336017149.txt,1965,
19647336015986.txt,1965,
01611766056881.txt,1965,
30736506096184.txt,1965,
19647331939479.txt,1965,
51713995135256.txt,1965,
19647336019616.txt,1965,
50755560113852.txt,1965,
19648816021612.txt,1965,
30664646117725.txt,1965,
19644691936079.txt,1965,
40688096043269.txt,1965,
19642616011183.txt,1965,
36679186117766.txt,1965,
01612593030772.txt,1965,
37684376040562.txt,1965,
54753255430210.txt,1965,
19647336015762.txt,1965,
19647336018246.txt,1965,
37682056038632.txt,1965,
24658136025779.txt,1965,
07100740114470.txt,1965,
33670336031884.txt,1965,
09619786005706.txt,1965,
19647331935519.txt,1965,
33672150126128.txt,1965,
06616226003552.txt,1965,
33751766120455.txt,1965,
19644441932201.txt,1965,
43696666048680.txt,1965,
19647336017834.txt,1965,
19647330107003.txt,1965,
37737910131433.txt,1965,
08100820830059.txt,1965,
19647336015945.txt,1965,
19647331938968.txt,1965,
37683386039598.txt,1965,
27659616113542.txt,1965,
30664646111397.txt,1965,
37682960102822.txt,1965,
43696666093090.txt,1965,
43696746049035.txt,1965,
33669770136143.txt,1965,
37684116059794.txt,1965,
04614240430199.txt,1965,
19647330132084.txt,1965,
43694014330866.txt,1965,
07618040730051.txt,1965,
19647330126797.txt,1965,
10739656006654.txt,1965,
39686760111369.txt,1965,
30667466030886.txt,1965,
37683386040067.txt,1965,
34674476034771.txt,1965,
31669446031306.txt,1965,
35674706035026.txt,1965,
51714566053433.txt,1965,
50710686052500.txt,1965,
33671816032460.txt,1965,
19647330109199.txt,1965,
15635606009708.txt,1965,
30664640100909.txt,1965,
19647336016323.txt,1965,
33670333331600.txt,1965,
34765056033542.txt,1965,
19647331933746.txt,1965,
36678760120006.txt,1965,
10621661030675.txt,1965,
19647336019004.txt,1965,
33751923330495.txt,1965,
37684036120893.txt,1965,
01612596002042.txt,1965,
07617966004980.txt,1965,
37680230119594.txt,1965,
30665226028377.txt,1965,
07617966004758.txt,1965,
49708624930236.txt,1965,
33752000117408.txt,1965,
37683386097844.txt,1965,
22655322230076.txt,1965,
34739733430378.txt,1965,
19647256015317.txt,1965,
19648406021042.txt,1965,
17640146010607.txt,1965,
01612006001242.txt,1965,
50711676052823.txt,1965,
19647336019038.txt,1965,
38103896069561.txt,1965,
56724626055065.txt,1965,
19647256015465.txt,1965,
19648810113472.txt,1965,
33670580136770.txt,1965,
13631641331115.txt,1965,
04100416069256.txt,1965,
38684786062046.txt,1965,
15633216109052.txt,1965,
19643030128306.txt,1965,
31669510139246.txt,1965,
01611436097729.txt,1965,
15635030120865.txt,1965,
33671160141994.txt,1965,
37683386113211.txt,1965,
49707970107284.txt,1965,
37681300132548.txt,1965,
33103300139428.txt,1965,
01750930138164.txt,1965,
01612590115667.txt,1965,
51714560133934.txt,1965,
54720410114165.txt,1965,
39686760141358.txt,1965,
23655656119184.txt,1965,
19647330124792.txt,1965,
15636936103493.txt,1965,
10767781030774.txt,1965,
41690706045090.txt,1965,
31668450117150.txt,1965,
24753172431203.txt,1965,
43694356095988.txt,1965,
34674476097810.txt,1965,
43733876047609.txt,1965,
30666216029912.txt,1965,
19643036011621.txt,1965,
34673140111112.txt,1965,
57726940120238.txt,1965,
23739162330223.txt,1965,
35674700140657.txt,1965,
18641391833813.txt,1965,
19647336071435.txt,1965,
30666476030027.txt,1965,
19647331932896.txt,1965,
19647331935121.txt,1965,
37764710114678.txt,1965,
19649806061659.txt,1965,
37680236037915.txt,1965,
19647330137513.txt,1965,
57726786056295.txt,1965,
19647336114722.txt,1965,
19650606023014.txt,1965,
19642796011316.txt,1965,
19647336019574.txt,1965,
19647331932128.txt,1965,
19648816021570.txt,1965,
54722646054753.txt,1965,
45701364530200.txt,1965,
19648810113894.txt,1965,
43694846047328.txt,1965,
31669510135871.txt,1965,
19647331931435.txt,1965,
19647336016653.txt,1965,
49707976051833.txt,1965,
43696746048920.txt,1965,
54755235430624.txt,1965,
24657486025522.txt,1965,
49753586052369.txt,1965,
36739576106710.txt,1965,
53738336053755.txt,1965,
50712906053110.txt,1965,
54755230116590.txt,1965,
41690056044556.txt,1965,
30665976107833.txt,1965,
19647336018642.txt,1965,
40687596043012.txt,1965,
19753090132654.txt,1965,
30664236027239.txt,1965,
49708966052047.txt,1965,
37771640137356.txt,1965,
31669510108514.txt,1965,
30665976029516.txt,1965,
19647336016109.txt,1965,
42767866045819.txt,1965,
10621660113811.txt,1965,
49709616093140.txt,1965,
37681976038459.txt,1965,
30664646111793.txt,1965,
23752186111074.txt,1965,
19648730119438.txt,1965,
43697086049290.txt,1965,
30664726027734.txt,1965,
28662666058796.txt,1965,
30666706030225.txt,1965,
01611506090393.txt,1965,
19643520118521.txt,1965,
16638836010326.txt,1965,
19647331930924.txt,1965,
19644361932086.txt,1965,
56726526116040.txt,1965,
41104130128652.txt,1965,
19101990127498.txt,1965,
19651361996321.txt,1965,
01612000133397.txt,1965,
38684780101337.txt,1965,
19643946012199.txt,1965,
19647330117614.txt,1965,
39685930116376.txt,1965,
34673146109821.txt,1965,
37680490127118.txt,1965,
49706564930848.txt,1965,
34674476034375.txt,1965,
30666473031929.txt,1965,
07617540731646.txt,1965,
37683616040356.txt,1965,
36677100102517.txt,1965,
23655402330900.txt,1965,
43693690106633.txt,1965,
27660276026108.txt,1965,
01611436090278.txt,1965,
19646671996420.txt,1965,
30664646118947.txt,1965,
40104056106769.txt,1965,
30103060137000.txt,1965,
33751766105548.txt,1965,
01612590110247.txt,1965,
33671246109508.txt,1965,
36676786112833.txt,1965,
41690056044580.txt,1965,
19650456022677.txt,1965,
19647330109371.txt,1965,
39685930108613.txt,1965,
41689816044283.txt,1965,
19647330112037.txt,1965,
23656236104590.txt,1965,
30665973035045.txt,1965,
43733870137505.txt,1965,
04733796002927.txt,1965,
27660920115642.txt,1965,
19734526022297.txt,1965,
37103710115998.txt,1965,
43693690126284.txt,1965,
01100170137448.txt,1965,
37679910111005.txt,1965,
20651856024087.txt,1965,
18641706010797.txt,1965,
43695836095384.txt,1965,
36678196036305.txt,1965,
42691464230587.txt,1965,
34674396034003.txt,1965,
10623806007074.txt,1965,
33672156032601.txt,1965,
37680986038947.txt,1965,
56768286055552.txt,1965,
30736436114482.txt,1965,
50710430110734.txt,1965,
33669856031629.txt,1965,
01612750130286.txt,1965,
30664316058812.txt,1965,
43104390132530.txt,1965,
15635291530252.txt,1965,
19647331931385.txt,1965,
19649986022669.txt,1965,
17769766108773.txt,1965,
31668866031199.txt,1965,
33670820107359.txt,1965,
37681303732732.txt,1965,
37737916039069.txt,1965,
38684786089569.txt,1965,
19647336058267.txt,1965,
19642791930528.txt,1965,
50711426052609.txt,1965,
23656236108369.txt,1965,
37683616040380.txt,1965,
01612590130633.txt,1965,
54755230110692.txt,1965,
43694196047088.txt,1965,
21654822130078.txt,1965,
38684786041305.txt,1965,
19768690138545.txt,1965,
19643946012173.txt,1965,
19647331930064.txt,1965,
19649076021869.txt,1965,
19647336061394.txt,1965,
48705816110134.txt,1965,
37681146096515.txt,1965,
19647331939040.txt,1965,
16639746069140.txt,1965,
04615316003321.txt,1965,
10621661032507.txt,1965,
33670330110643.txt,1965,
51713995130059.txt,1965,
30664646027585.txt,1965,
07617960135434.txt,1965,
30664643035987.txt,1965,
47764556105480.txt,1965,
38684786041339.txt,1965,
30736506120141.txt,1965,
36679590119164.txt,1965,
01611436090286.txt,1965,
37680980101535.txt,1965,50000
01611506090351.txt,1965,
19647336016646.txt,1965,
50710685031521.txt,1965,
01612596057095.txt,1965,
54719696054126.txt,1965,
01100170136226.txt,1965,
19647330112235.txt,1965,
07617966004956.txt,1965,
37682210101360.txt,1965,
34674396034201.txt,1965,
19650786023337.txt,1965,
19734456014328.txt,1965,
15739081534155.txt,1965,
42767864235727.txt,1965,
01611766056923.txt,1965,
48705654838801.txt,1965,
36750510115089.txt,1965,
38684786062053.txt,1965,
17640556110761.txt,1965,
56725046055156.txt,1965,
19648816119549.txt,1965,
23655656025126.txt,1965,
48705816051395.txt,1965,
41690396044952.txt,1965,
37679916037600.txt,1965,
19647336017941.txt,1965,
19647336060511.txt,1965,
23656156117386.txt,1965,
13632141330018.txt,1965,
15633216009047.txt,1965,
07100740129684.txt,1965,
37683386039374.txt,1965,
37680236066971.txt,1965,
07616636119838.txt,1965,
19647330132126.txt,1965,
34673146112031.txt,1965,
30666476109102.txt,1965,
30664986094635.txt,1965,
04615150437566.txt,1965,
19643371995877.txt,1965,
37680986038210.txt,1965,
16739321630078.txt,1965,
19647331938612.txt,1965,
35674706071088.txt,1965,
10621666006407.txt,1965,
25102566069314.txt,1965,
51713996053284.txt,1965,
45701100135889.txt,1965,
43696666048722.txt,1965,
19647336018469.txt,1965,
31669283130184.txt,1965,
19647336017982.txt,1965,
36678923636487.txt,1965,
31669446031298.txt,1965,
34765050114272.txt,1965,
41688666043434.txt,1965,
10739650130690.txt,1965,
48705400123356.txt,1965,
19646346014435.txt,1955,
33672316109581.txt,1965,
30664646113344.txt,1965,
39686766042535.txt,1965,
33671160116749.txt,1965,
45700456050397.txt,1965,
34752836117535.txt,1965,
33752420106096.txt,1965,
19757136011076.txt,1965,
19647336019830.txt,1965,
37680236038004.txt,1965,
19647336020069.txt,1965,
37764710138768.txt,1965,
34673146101844.txt,1965,
36676376035471.txt,1965,
19647331931971.txt,1965,
31669106031223.txt,1965,
33672156032577.txt,1965,
19647336015978.txt,1965,
50710766093504.txt,1965,
01612340130054.txt,1965,
15638426010268.txt,1965,
30664640100883.txt,1965,
19647330101329.txt,1965,
15635606009682.txt,1965,
14632896008775.txt,1965,
01611436105316.txt,1965,
34765056032932.txt,1965,
36678766037030.txt,1965,
37681303732336.txt,1965,
40688094036703.txt,1965,
19647336016281.txt,1965,
52714726053615.txt,1965,
37680236038038.txt,1965,
19647091996313.txt,1965,
27662256115182.txt,1965,
48705736110241.txt,1965,
07618046005102.txt,1965,
30736356114888.txt,1965,
36678190100115.txt,1965,
45698806113260.txt,1965,
19734456014260.txt,1965,
07617546004311.txt,1965,
41690216044721.txt,1965,
49706566051650.txt,1965,
50711676052765.txt,1965,
36679340142075.txt,1965,
34673553432903.txt,1965,
39685690132415.txt,1965,
30666700116582.txt,1965,
01612426118525.txt,1965,
19647336018253.txt,1965,
07616480117218.txt,1965,
37683386039200.txt,1965,
19647336018535.txt,1965,
41690706045132.txt,1965,
19643376057525.txt,1965,
47704586050926.txt,1965,
10621666085120.txt,1965,
38684786041701.txt,1965,
36678506111744.txt,1965,
39685856042220.txt,1965,
15735446117816.txt,1965,
37683386039572.txt,1965,
43693696046239.txt,1965,
44698496049985.txt,1965,
38684786041073.txt,1965,
45752670113407.txt,1965,
56737590123349.txt,1965,
43104390106534.txt,1965,
30667466030878.txt,1965,
19757131937697.txt,1965,
48705816051544.txt,1965,
07618040116541.txt,1965,
34765056033351.txt,1965,
43696666048656.txt,1965,
37683380126938.txt,1965,
10621661034214.txt,1965,
23752182332724.txt,1965,
19647330135715.txt,1965,
10625396112387.txt,1965,
19651026023576.txt,1965,
42691466045322.txt,1965,
37735510113498.txt,1965,
19643376011969.txt,1965,
28662906027049.txt,1965,
36738903631199.txt,1965,
21654176024517.txt,1965,
19647330101659.txt,1965,
19647336016901.txt,1965,
15634121531656.txt,1965,
19645506013601.txt,1965,
37683386089064.txt,1965,
54718036053847.txt,1965,
44104474430146.txt,1965,
43694506047260.txt,1965,
19643036057517.txt,1965,
34673140108720.txt,1965,
39685856108856.txt,1965,
33670826032130.txt,1965,
54722566054555.txt,1965,
54755316053987.txt,1965,
34674396034177.txt,1965,
36678196036271.txt,1965,
37682136038681.txt,1965,
33672156032775.txt,1965,
01613096002653.txt,1965,
19648570125377.txt,1965,
15634796104004.txt,1965,
12629686008080.txt,1965,
33670330135574.txt,1965,
10101080111682.txt,1965,
37682966097208.txt,1965,
42691386045280.txt,1965,
19650521995745.txt,1965,
19648576108625.txt,1965,
24656496025399.txt,1965,
12630406008213.txt,1965,
45700110112656.txt,1965,
43696746048896.txt,1965,
19101990121822.txt,1965,
19647336016083.txt,1965,
33751766115174.txt,1965,
41689656044150.txt,1965,
19647331932920.txt,1965,
30665226028799.txt,1965,
34674210132019.txt,1965,
43694270116889.txt,1965,
38684786041503.txt,1965,
57726946056394.txt,1965,
19647336017404.txt,1965,
19647336017362.txt,1965,
37682966114854.txt,1965,
12101240106179.txt,1965,
19642956011571.txt,1965,
34765056033609.txt,1965,
19644361936418.txt,1965,
17640300114215.txt,1965,
19647251930411.txt,1965,
38684786041271.txt,1965,
10624146007181.txt,1965,
10621666111231.txt,1965,
37683386039770.txt,1965,
15633396009211.txt,1965,
19647330126557.txt,1965,
36676520126243.txt,1965,
49753586107221.txt,1965,
34674396059364.txt,1965,
23738660107250.txt,1965,
33751926108427.txt,1965,
19650521995976.txt,1965,
38684786113245.txt,1965,
37683046039036.txt,1965,
19647336017438.txt,1965,
54720416054209.txt,1965,
34673146077291.txt,1965,
43697086049332.txt,1965,
07617620138859.txt,1965,
56724546055008.txt,1965,
33669776120109.txt,1965,
19734456069710.txt,1965,
38684786099154.txt,1965,
39754990119040.txt,1965,
19649076021935.txt,1965,
54767945430285.txt,1965,
15737426009609.txt,1965,
38684786112601.txt,1965,
15635036009567.txt,1965,
36678760126714.txt,1965,
19647330135517.txt,1965,
19647746020267.txt,1965,
34674476034599.txt,1965,
19644366012439.txt,1965,
16639251634401.txt,1965,
19647330131771.txt,1965,
36750770108423.txt,1965,
19647330117978.txt,1965,
19647336016042.txt,1965,
33752000141275.txt,1965,
31669100102798.txt,1965,
19734456022263.txt,1965,
37683386040299.txt,1965,
19647336018709.txt,1965,
58727440112623.txt,1965,
10622656006761.txt,1965,
16638836010292.txt,1965,
38684786041529.txt,1965,
19645686013676.txt,1927,
26102642630028.txt,1965,
12101240106153.txt,1965,
43733876047583.txt,1965,
19647330106849.txt,1965,
49753586110993.txt,1965,
27661676026629.txt,1965,
03739816002869.txt,1965,
19650376022800.txt,1965,
16639250118919.txt,1965,
34674396033815.txt,1965,
19647746020259.txt,1965,
09618956005524.txt,1965,
33670333330131.txt,1965,
36678766061923.txt,1965,
43694356105787.txt,1965,
19647336061584.txt,1965,
19647336017412.txt,1965,
19647336057988.txt,1965,
43694274333639.txt,1965,
20652012030047.txt,1965,
33751763332350.txt,1965,
15635036009559.txt,1965,
34673300140699.txt,1965,
19645766057731.txt,1965,
07617960735902.txt,1965,
36678436059414.txt,1965,
51714646053409.txt,1965,
07616556112718.txt,1965,
49709536119069.txt,1965,
07617546004105.txt,1965,
37679833730447.txt,1965,
43696744330122.txt,1965,
53738336053805.txt,1965,
19648576108633.txt,1965,
33752426109565.txt,1965,
33670336107676.txt,1965,
48705404836003.txt,1965,
20651850129015.txt,1965,
19647330119982.txt,1965,
19647330141531.txt,1965,
36678766068720.txt,1965,
50105040117457.txt,1965,
19647330102434.txt,1965,
19647330109207.txt,1965,
10739651030626.txt,1965,
12630406008239.txt,1965,
36677360136937.txt,1965,
01612590137943.txt,1965,
37681896107742.txt,1965,
30666706058978.txt,1965,
57727105738810.txt,1965,
10624146007140.txt,1965,
54755315431119.txt,1965,
21653346068308.txt,1965,
56105610109900.txt,1965,
10621666006571.txt,1965,
30664566027569.txt,1965,
34765056033435.txt,1965,
10624306007256.txt,1965,
07617886109383.txt,1965,
10621666006217.txt,1965,
43693696046213.txt,1965,
19647336016240.txt,1965,
56726525630348.txt,1965,
19647336018279.txt,1965,
15636280137687.txt,1965,
47104706069405.txt,1965,
12627946007850.txt,1965,
43694274330668.txt,1965,
12753746007843.txt,1965,
31669443138500.txt,1965,
36678436036560.txt,1965,
19646670140863.txt,1965,
19646916014898.txt,1965,
01612006117543.txt,1965,
01612596002109.txt,1965,
40688336043335.txt,1965,
19644366012611.txt,1965,
34752830102277.txt,1965,
56726036055701.txt,1965,
37683386039564.txt,1965,
33672310114066.txt,1965,
28662586026751.txt,1965,
19647336107403.txt,1965,
38684786041065.txt,1965,
43694350102616.txt,1965,
19643946012207.txt,1965,
39685850111286.txt,1965,
37679836037550.txt,1965,
33671166119721.txt,1965,
24657550119073.txt,1965,
30667466030852.txt,1965,
40688096096325.txt,1965,
43695836098271.txt,1965,
37683126039051.txt,1965,
19643376057533.txt,1965,
19647336017610.txt,1965,
30665556028914.txt,1965,
19645016013130.txt,1965,
41689326044044.txt,1965,
50713246053201.txt,1965,
50711670137265.txt,1965,
33671733331121.txt,1965,
40754654030144.txt,1965,
51714070109793.txt,1965,
37682216038731.txt,1965,
50711676052773.txt,1965,
19647336015952.txt,1965,
50710430107128.txt,1965,
09618386112361.txt,1965,
07617966004808.txt,1965,
56726526056063.txt,1965,
24657890127373.txt,1965,
37683383730884.txt,1965,
19648656021307.txt,1965,
36678010132720.txt,1965,
40754654032009.txt,1965,
03100330330068.txt,1965,
30736506102719.txt,1965,
19646836099030.txt,1965,
29102980130823.txt,1965,
12628101233402.txt,1965,
45699716050231.txt,1965,
33670336031850.txt,1965,
37683386099063.txt,1965,
37103710137695.txt,1965,
07618046005128.txt,1965,
19644696012926.txt,1965,
16638910122820.txt,1965,
37680236038012.txt,1965,
43104390111880.txt,1965,
34674476034821.txt,1965,
15634466009450.txt,1965,
01611926066476.txt,1965,
15635786090591.txt,1965,
37768516037543.txt,1965,
50711346052591.txt,1965,
43693696089270.txt,1965,
28662666026934.txt,1965,
10624306007322.txt,1965,
10739656006910.txt,1965,
19734456066757.txt,1965,
10751271030261.txt,1965,
09618380107227.txt,1965,
24657890107672.txt,1965,
57726785732219.txt,1965,
19647330124008.txt,1965,
45700526050405.txt,1853,
19647330100800.txt,1965,
19647330139071.txt,1965,
19649071995901.txt,1965,
10739990123596.txt,1965,
37683380107102.txt,1965,
43693690135749.txt,1965,
34673140116871.txt,1965,
15637761530039.txt,1965,
13632226008643.txt,1965,
33671736102560.txt,1965,
19647330126623.txt,1965,
19647096106736.txt,1965,
19647336019749.txt,1965,
45699710135848.txt,1965,
33751766107189.txt,1965,
38684783833241.txt,1965,
19734456014302.txt,1965,
58727366056626.txt,1965,
56724626055099.txt,1965,
19642876011423.txt,1965,
36679590124032.txt,1965,
19647256015499.txt,1965,
30736506030191.txt,1965,
14633056008809.txt,1965,
56737596055966.txt,1965,
07618040734368.txt,1965,
30103063030764.txt,1965,
19643296110035.txt,1965,
56725536120620.txt,1965,
48705736109672.txt,1965,
19644446012694.txt,1965,
07618046005060.txt,1965,
34765053436979.txt,1965,
43696826049100.txt,1965,
37681970132951.txt,1965,
19648656021273.txt,1965,
41690396044978.txt,1965,
19757136011100.txt,1965,
19643296071385.txt,1965,
30736356094668.txt,1965,
19648731996107.txt,1965,
54722566054621.txt,1965,
30736433032919.txt,1965,
50105045030226.txt,1965,
36675956104475.txt,1965,
19647336120679.txt,1965,
19651106023626.txt,1965,
31668296111702.txt,1965,
15635291530708.txt,1965,
38684786062079.txt,1965,
19647330126409.txt,1965,
36750696109573.txt,1965,
36676786059372.txt,1965,
34673146118046.txt,1965,
38684786104673.txt,1965,
36678766036933.txt,1965,
19646831930080.txt,1965,
01611506090435.txt,1965,
10621666112882.txt,1965,
19643946012165.txt,1965,
19647330124222.txt,1965,
27659956026082.txt,1965,
19647330108910.txt,1965,
19647336017214.txt,1965,
36678506059448.txt,1965,
48705406051114.txt,1965,
15635030141903.txt,1965,
19647330122135.txt,1965,
51713995130067.txt,1965,
43696664330502.txt,1965,
39685856042154.txt,1965,
16639336010466.txt,1965,
09737836110498.txt,1965,
36675956108930.txt,1965,
37683386039606.txt,1965,
19101990128025.txt,1965,
23655816025142.txt,1965,
39686766042709.txt,1965,
10624141030824.txt,1965,
50757395037700.txt,1965,
01611766000756.txt,1965,
19101990121954.txt,1965,
19647331931393.txt,1965,
30665226028823.txt,1965,
19647330116509.txt,1965,
19647330111500.txt,1965,
19650456022891.txt,1965,
30665066028062.txt,1953,
34674396034029.txt,1965,
56725386055362.txt,1965,
19647336016687.txt,1965,
01612596001945.txt,1949,
47704664734356.txt,1965,
30665223035706.txt,1965,
10621586006043.txt,1965,
36678766059489.txt,1965,
01611926001176.txt,1965,
19646591934611.txt,1965,
19642956057491.txt,1965,
31669510139709.txt,1965,
36677026112122.txt,1965,
43695836095392.txt,1965,
19646420136127.txt,1965,
19647336114912.txt,1965,
19647336016877.txt,1965,
31668376031116.txt,1965,
30665223036555.txt,1965,
32669693230034.txt,1965,
56768286055578.txt,1965,
34752830126060.txt,1965,
33669856031603.txt,1965,
15633626110001.txt,1965,
16638836010318.txt,1965,
39686506109284.txt,1965,
30666700109066.txt,1965,
39685693933793.txt,1965,
19646836110563.txt,1965,
19647330131821.txt,1965,
04100410430066.txt,1965,
37683386040307.txt,1965,
39685856042196.txt,1965,
06615986003495.txt,1965,
37681976038467.txt,1965,
30736506107502.txt,1965,
36750696037311.txt,1965,
19647330102541.txt,1965,
15101570124040.txt,1965,
18641390131953.txt,1965,
37681893731072.txt,1965,
19647336018683.txt,1965,
41690474130738.txt,1965,
58727690133751.txt,1961,
19647330126391.txt,1965,
33752006112429.txt,1965,
10621666088942.txt,1965,
19647336018873.txt,1965,
56768286055545.txt,1965,
56738746107528.txt,1965,
37684520114637.txt,1965,
19647330122861.txt,1965,
04615310430108.txt,1965,
32669693235603.txt,1965,
37768516108567.txt,1965,
44697994430203.txt,1965,
01611506090385.txt,1965,
30666706030233.txt,1965,
56726036060354.txt,1965,
54718606112684.txt,1965,
01611436090252.txt,1965,
19647331937085.txt,1965,
43104390131748.txt,1965,
09619606107437.txt,1965,
45699896050280.txt,1965,
19647256015671.txt,1965,
19647336016679.txt,1965,
30665066028088.txt,1961,
43694846047302.txt,1965,
33670580107961.txt,1965,
10739651030790.txt,1965,
37683386059695.txt,1965,
36676523631157.txt,1965,
19645016013247.txt,1965,
37681896038376.txt,1965,
01612340130484.txt,1965,
15633136110464.txt,1965,
33752000100412.txt,1965,
37737910111468.txt,1965,
33669930139360.txt,1965,
36676786108666.txt,1965,
33103300137836.txt,1965,
39685856100366.txt,1965,
04615070129577.txt,1965,
19101990121772.txt,1965,
31668943135704.txt,1965,
56725386055388.txt,1965,
33671166108229.txt,1965,
15636106009732.txt,1965,
55723556054894.txt,1965,
04615150435602.txt,1965,
43695916047971.txt,1965,
49707306120588.txt,1965,
34674396033948.txt,1965,
56768286055586.txt,1965,
30736353034956.txt,1965,
40687596043038.txt,1965,
19647330106914.txt,1965,
19647336019210.txt,1965,
56725616055495.txt,1965,
38684783830205.txt,1965,
42767866045827.txt,1965,
07616556070981.txt,1965,
34673146118053.txt,1965,
33670580114504.txt,1965,
18641391833805.txt,1965,
19649986120257.txt,1965,
31750856100903.txt,1965,
49709956114409.txt,1965,
33752426032874.txt,1965,
47704664738753.txt,1965,
33751766108278.txt,1965,
33669933330479.txt,1965,
31669106116099.txt,1965,
19647330124784.txt,1965,
15636770136259.txt,1965,
19647336110977.txt,1965,
34674473430048.txt,1965,
15633216109078.txt,1965,
19646916014906.txt,1965,
19647330126193.txt,1965,
19650456120513.txt,1965,
44697996108138.txt,1965,
19647336019947.txt,1965,
01612006001283.txt,1965,
19648406021083.txt,1965,
19647250132381.txt,1965,
37683466059737.txt,1965,
42767866062095.txt,1965,
36676946035752.txt,1965,
34674136033716.txt,1965,
19648576115273.txt,1965,
54722566107536.txt,1965,
36750770110866.txt,1965,
30666476030019.txt,1965,
41690396044945.txt,1965,
01612596002083.txt,1941,
07100740730614.txt,1965,
36678766037147.txt,1965,
36679186101927.txt,1965,
34765056033583.txt,1965,
30666216029938.txt,1965,
15635291530047.txt,1965,
10751276006985.txt,1965,
37680980131813.txt,1965,
56724626055073.txt,1965,
07617886061162.txt,1965,
19647256015473.txt,1965,
19648810113464.txt,1965,
36679340138123.txt,1965,
49709386052229.txt,1965,
24657556025571.txt,1965,
37103710138404.txt,1965,
15633626009948.txt,1965,
01611766000541.txt,1965,
33671246107080.txt,1965,
37680236115778.txt,1965,
19647336019012.txt,1965,
15101571530302.txt,1965,
16639746118590.txt,1965,
50712826067250.txt,1965,
07617966004766.txt,1965,
19648656021299.txt,1965,
33672153336955.txt,1965,
41690396044986.txt,1965,
27659616117691.txt,1965,
43696256099451.txt,1965,
19649806022560.txt,1965,
36678760109496.txt,1965,
19647336018287.txt,1965,
45699226050165.txt,1965,
43695186047427.txt,1965,
27662336026710.txt,1965,
39754996108997.txt,1965,
30664646106819.txt,1965,
15638006010128.txt,1965,
40687006042956.txt,1965,
30666216029870.txt,1965,
33672153330511.txt,1965,
34752830134049.txt,1965,
30664646027627.txt,1965,
30664646095095.txt,1965,
10624306007280.txt,1965,
19647330124800.txt,1965,
04614326003115.txt,1965,
37683040131268.txt,1965,
34765056033385.txt,1965,
36675876106694.txt,1965,
37683386040059.txt,1965,
41690474130472.txt,1965,
40687594030268.txt,1965,
12768026008130.txt,1965,
15638426010243.txt,1965,
04615496121016.txt,1965,
50711676052799.txt,1965,
37682056038624.txt,1965,
19734606108336.txt,1965,
47703186050769.txt,1965,
56724626055107.txt,1965,
48705814830196.txt,1965,
19646830116129.txt,1965,
45701106117147.txt,1965,
19647336111512.txt,1965,
19647256015507.txt,1965,
42691206119812.txt,1965,
09737836005490.txt,1965,
19647330128009.txt,1965,
36678436067060.txt,1965,
41689326044051.txt,1965,
49707306051775.txt,1965,
42693100102285.txt,1965,
56726526056089.txt,1965,
19647330122242.txt,1965,
36677106113351.txt,1965,
03739810330050.txt,1965,
37680806112445.txt,1965,
19647256015275.txt,1965,
30736506096192.txt,1965,
31668943132453.txt,1965,
07617390730473.txt,1965,
39685933930328.txt,1965,
10621661030717.txt,1965,
47703596050801.txt,1965,
19646346014542.txt,1960,
50712660133660.txt,1965,
40687006117980.txt,1965,
36677106110670.txt,1965,
10739650123943.txt,1965,
19768696023808.txt,1965,
08618206005375.txt,1965,
30664646117733.txt,1965,
37683386099089.txt,1965,
15633620110775.txt,1965,
10621660121533.txt,1965,
58727366056790.txt,1965,
36679343638012.txt,1965,
30665226028229.txt,1965,
30736436030696.txt,1965,
15634610107987.txt,1965,
19101990115212.txt,1965,
37683386040273.txt,1965,
37684116070890.txt,1965,
33670336114151.txt,1965,
30664646111801.txt,1965,
19642616057467.txt,1965,
56724545630173.txt,1965,
30665976068399.txt,1965,
12101240137364.txt,1965,
01750930141937.txt,1965,
41688826043525.txt,1965,
19647336018907.txt,1965,
36675956098503.txt,1965,
36678506036677.txt,1965,
33672150115709.txt,1965,
48705400133595.txt,1965,
49706236098248.txt,1965,
56724706055123.txt,1965,
33670820101139.txt,1965,
42691956045421.txt,1965,
39686766042683.txt,1965,
19647330117762.txt,1965,
19647336057962.txt,1965,
10101086069488.txt,1965,
37684520105882.txt,1965,
56725386107551.txt,1965,
33669930101006.txt,1965,
19648166020754.txt,1965,
30664640106765.txt,1965,
48705400141671.txt,1965,
40687594033205.txt,1965,
37679916106025.txt,1965,
33671246106942.txt,1965,
15751686009468.txt,1965,
36675870125880.txt,1965,
30665226028765.txt,1965,
19647330127886.txt,1965,
56737596115760.txt,1965,
49709536052294.txt,1965,
19647330126540.txt,1965,
48705816099667.txt,1965,
01611766090542.txt,1965,
30664236027429.txt,1965,
24102496068498.txt,1965,
29663326106157.txt,1965,
38684786113252.txt,1965,
36679343630670.txt,1965,
51714646053391.txt,1965,
37735516109201.txt,1965,
30666706098552.txt,1965,
38684783830403.txt,1965,
19650606023162.txt,1965,
33670586031967.txt,1965,
19646341934249.txt,1965,
34673300113571.txt,1965,
19647336094726.txt,1965,
27738256026447.txt,1965,
04615150430140.txt,1965,
19648320100636.txt,1965,
19649806022602.txt,1965,
30666706058986.txt,1965,
19647330133603.txt,1965,
30736356030530.txt,1965,
19647256112056.txt,1965,
33670826118731.txt,1965,
19734451939925.txt,1965,
01611196110779.txt,1965,
49709120128074.txt,1965,
19647330137471.txt,1965,
19642796011274.txt,1965,
49709204930160.txt,1965,
54718035430301.txt,1965,
27754402730190.txt,1965,
21654172130045.txt,1965,
20764142030013.txt,1965,
36678766059513.txt,1965,
19734376061279.txt,1965,
19647331934371.txt,1965,
36678760127357.txt,1965,
50712176052955.txt,1965,
41690056044424.txt,1965,
33670903330412.txt,1965,
09619030140459.txt,1965,
01613090114421.txt,1965,
36679340137638.txt,1965,
37680236037873.txt,1965,
30664986066922.txt,1965,
30665976029458.txt,1965,
30664236027411.txt,1965,
19648736021398.txt,1965,
19650456066807.txt,1965,
19651361932532.txt,1965,
19647330106864.txt,1965,
15638420113167.txt,1965,
03739816002844.txt,1965,
36678766036842.txt,1965,
17640221730027.txt,1965,
36678196036289.txt,1965,
36678190141416.txt,1965,
16639580136556.txt,1965,
07617540730358.txt,1965,
37683386039978.txt,1965,
12630246008155.txt,1965,
36750696037261.txt,1965,
15637926010086.txt,1965,
37683386071914.txt,1965,
37681976038517.txt,1965,
27102720124297.txt,1965,
19647330117028.txt,1965,
19648406020945.txt,1965,
17640220107706.txt,1965,
51714646053342.txt,1965,
36677106102933.txt,1965,
43694846111785.txt,1965,
42750104231205.txt,1965,
01612596001820.txt,1955,
39685856110944.txt,1965,
43696666048490.txt,1965,
10767780122473.txt,1965,
33669853330222.txt,1965,
43696176048037.txt,1965,
43694196047104.txt,1965,
34674133430550.txt,1965,
43695750129940.txt,1965,
37683386039788.txt,1965,
16639176010417.txt,1965,
30666706030431.txt,1965,
19651100126953.txt,1965,
38684786041289.txt,1965,
28662900142216.txt,1965,
30666706030357.txt,1965,
24736196025746.txt,1965,
37680230105965.txt,1965,
19647336015770.txt,1965,
01613090101212.txt,1965,
19642616011191.txt,1965,
10621666006548.txt,1965,
19647330123158.txt,1965,
56739406106439.txt,1965,
15634610106690.txt,1965,
30665226028211.txt,1965,
19768696023824.txt,1965,
43696666095418.txt,1965,
36676456106603.txt,1965,
19101990140798.txt,1965,
09619786005714.txt,1958,
04615236003289.txt,1965,
17640141734359.txt,1965,
30665306094643.txt,1965,
19753090131987.txt,1965,
39685933930310.txt,1965,
37680236095020.txt,1965,
36677026106595.txt,1965,
19647336015994.txt,1965,
37682056038608.txt,1965,
10624140113043.txt,1965,
43694196046965.txt,1965,
15101571530500.txt,1965,
41689326044069.txt,1965,
37683380114033.txt,1965,
39754996042865.txt,1965,
42767866060057.txt,1965,
16639906110233.txt,1965,
33672073330727.txt,1965,
19647331931989.txt,1965,
37684116059745.txt,1965,
15635036108468.txt,1965,
19647256015259.txt,1965,
08618206005417.txt,1965,
24656316025357.txt,1965,
19647330132928.txt,1965,
43694844334850.txt,1965,
39686270132050.txt,1965,
17640306010649.txt,1965,
43694196046742.txt,1965,
30665896029177.txt,1965,
19647330135921.txt,1965,
28662660108605.txt,1965,
37683040131250.txt,1965,
43694274330692.txt,1965,
31669446031314.txt,1965,
34765053433794.txt,1965,
35674706035034.txt,1965,
43771490137315.txt,1965,
50736016025761.txt,1965,
37682966070866.txt,1965,
19647336017198.txt,1965,
15633216009120.txt,1965,
15638006010110.txt,1965,
43696740133363.txt,1965,
37683460131649.txt,1965,
19647336017826.txt,1965,
49706566051643.txt,1965,
19647330107011.txt,1965,
10101080140186.txt,1965,
36679186037329.txt,1965,
37683380126730.txt,1965,
43696666093082.txt,1965,
07617626096234.txt,1965,
37684116059786.txt,1965,
43696746049027.txt,1965,
33670586109797.txt,1965,
34674136033666.txt,1965,
28662666026892.txt,1965,
01611680132746.txt,1965,
12755151230150.txt,1965,
12101246077192.txt,1965,
30666213031952.txt,1965,
50711346113286.txt,1965,
19647330123992.txt,1965,
43694846098214.txt,1965,
29663246027098.txt,1965,
36676116035299.txt,1965,
19647336108641.txt,1965,
43694684332474.txt,1965,
10739656007389.txt,1965,
10624301036607.txt,1965,
19650606023238.txt,1965,
41690706045041.txt,1965,
37683380101204.txt,1965,
01611766104723.txt,1965,
01612910137588.txt,1965,
48705816051379.txt,1965,
36679590117416.txt,1965,
43104390113704.txt,1965,
13631151330133.txt,1965,
15634046115471.txt,1965,
48705816051437.txt,1965,
19643456107353.txt,1965,
36676116098537.txt,1965,
19647336016331.txt,1965,
27102726119663.txt,1965,
35752596035117.txt,1797,
19647336019764.txt,1965,
49708216051874.txt,1965,
19648816021760.txt,1965,
43696744338802.txt,1965,
49709386052211.txt,1965,
19734451934801.txt,1965,
27659876026074.txt,1965,
39685770118307.txt,1965,
55724056054936.txt,1965,
01612596057079.txt,1957,
19642611995299.txt,1965,
01612186001358.txt,1965,
15735446010011.txt,1965,
39685856109839.txt,1965,
19647336018485.txt,1965,
41690706045082.txt,1965,
41690704137279.txt,1965,
41689166043772.txt,1965,
48705736051346.txt,1965,
48705326110282.txt,1965,
19647330135855.txt,1965,
19647250107458.txt,1965,65000
47736846114607.txt,1965,
51713996053268.txt,1965,
43695910138750.txt,1965,
30666476030035.txt,1965,
34674390101899.txt,1965,
15633626099436.txt,1965,
42691796118434.txt,1965,15015
10621661030840.txt,1965,
54718605430806.txt,1965,
30667466030738.txt,1965,
30664313032786.txt,1965,
07616300734244.txt,1965,
10625470135103.txt,1965,
07618040113589.txt,1965,
50757395030283.txt,1965,
29663320125955.txt,1965,
21654662133262.txt,1965,
09100906069470.txt,1965,
20652430109702.txt,1965,
43694500127225.txt,1965,
10767781038306.txt,1965,
50710430109074.txt,1965,
43733876047633.txt,1965,
34673146033013.txt,1965,
33670333334232.txt,1965,
49706156051593.txt,1965,
01611926056956.txt,1965,
41690470129759.txt,1965,
50712906053102.txt,1965,
49738826099246.txt,1965,
30665636028955.txt,1965,
01611196090021.txt,1965,
50711006052559.txt,1965,
19649986022685.txt,1965,
19647336019228.txt,1965,
33670826032080.txt,1965,
01611686090492.txt,1965,
55751845530076.txt,1965,
30666706113377.txt,1965,
51714640100537.txt,1965,
47703836050835.txt,1965,
19752916022487.txt,1965,
30736436085377.txt,1965,
01612590130146.txt,1958,
38684786040752.txt,1965,
19647336019566.txt,1965,
19647330109389.txt,1965,
43694274332318.txt,1965,
19650606023006.txt,1965,
37680236037907.txt,1965,
19647336016133.txt,1965,
15636280122853.txt,1965,
34739736108948.txt,1965,
48705400113084.txt,1965,
50711006112627.txt,1965,
21654586024863.txt,1965,
48705326051023.txt,1965,
19643296011845.txt,1937,
19647331996115.txt,1965,
07617546004048.txt,1965,
15637506110431.txt,1965,
37683386059646.txt,1965,
34674476034367.txt,1965,
52105206119606.txt,1965,
40688414037701.txt,1965,
36676376067052.txt,1965,
33672153330677.txt,1965,
20652436024046.txt,1965,
19647330140004.txt,1965,
19647336061436.txt,1965,
31750856118392.txt,1965,
37683380108787.txt,1965,
10622656006837.txt,1965,
36677856102909.txt,1965,
50711676093512.txt,1965,
19645506105886.txt,1965,
36677773636743.txt,1965,
15636281533843.txt,1965,
19647331932847.txt,1965,
19649076021885.txt,1965,
19647330117606.txt,1965,
34674473432317.txt,1965,
39685856120059.txt,1965,
50710766111892.txt,1965,
42691200131623.txt,1965,
40754656042972.txt,1965,
19646670124099.txt,1965,
37737916039085.txt,1965,
38684786089585.txt,1965,
37680230108662.txt,1965,
42691206046056.txt,1965,
01612916002455.txt,1965,
19642461937051.txt,1965,
19647330109439.txt,1965,
43695344337762.txt,1959,
19752916022479.txt,1965,
27662336092688.txt,1965,
41690474136370.txt,1965,
37683386112478.txt,1965,
33670580108464.txt,1965,
36677020102939.txt,1965,
49709530105866.txt,1965,
19647330109405.txt,1965,
23655576025092.txt,1965,
15637506096127.txt,1965,
19647330120097.txt,1965,
07617546105357.txt,1965,
30664646118954.txt,1965,
37683386059653.txt,1965,
01612590110254.txt,1948,
36678763635844.txt,1965,
19649646022503.txt,1965,
01751016002315.txt,1965,
19647330109363.txt,1965,
50755720117689.txt,1965,
50710435030200.txt,1965,
37680490132506.txt,1965,
57726786056279.txt,1965,
19734456014138.txt,1965,
34674396034011.txt,1965,
30665636028997.txt,1965,
33669770135061.txt,1965,
37764710114694.txt,1965,
54718110139477.txt,1965,
45699146050124.txt,1965,
20652436024053.txt,1965,
01316090131755.txt,1965,
47705086119259.txt,1965,
54755310102707.txt,1965,
19647330122119.txt,1965,
43696666048532.txt,1965,
30666476106009.txt,1965,
19647256015648.txt,1965,
19753090137703.txt,1965,
37756140100511.txt,1965,
36678766098560.txt,1965,
01611436090294.txt,1965,
19649071933324.txt,1965,
19101990134346.txt,1965,
33671240128868.txt,1965,
15635780107771.txt,1965,
19647330108928.txt,1965,
39685936042337.txt,1965,
33671733330818.txt,1965,
49707066051734.txt,1965,
06616146003511.txt,1965,
21653186024160.txt,1864,
24736192431807.txt,1965,
40688096097349.txt,1965,
48705406115752.txt,1965,
19647330126425.txt,1965,
19647336058275.txt,1965,
49708960120980.txt,1965,
10739656005789.txt,1965,
50710430127613.txt,1965,
49708966052054.txt,1965,
19645191938919.txt,1965,
19648811936822.txt,1965,
33670906106843.txt,1965,
10739656120521.txt,1965,
10621666006159.txt,1965,
01611506090419.txt,1965,
19768690119016.txt,1965,
19647176015077.txt,1965,
07617540106088.txt,1965,
56726526056113.txt,1965,
37683956098487.txt,1965,
42692606045702.txt,1965,
34674473430717.txt,1965,
50757396115208.txt,1965,
33672076106223.txt,1965,
30103060134056.txt,1965,
42691206045991.txt,1965,
19647336060503.txt,1965,
54755230137968.txt,1965,
19734371995695.txt,1965,
45699140135624.txt,1965,
19648570126268.txt,1965,
15633130113027.txt,1965,
39685856118921.txt,1965,
01612596057087.txt,1935,
07616636003669.txt,1965,
19645920100354.txt,1965,
37682960118935.txt,1965,
57105795730106.txt,1965,
33752006106868.txt,1965,
43696666048730.txt,1965,
41689166043798.txt,1965,
10621666006415.txt,1965,
30664646117642.txt,1965,
26102640128645.txt,1965,
07616976003701.txt,1965,
20652432035640.txt,1965,
10621666006373.txt,1965,
35103553530037.txt,1965,
49709040125336.txt,1965,
33670820102780.txt,1965,
16639820110205.txt,1965,
17640146112759.txt,1965,
58727440114652.txt,1965,
14632486008692.txt,1965,
31750850117879.txt,1965,
15633216009096.txt,1965,
24657556025548.txt,1965,
41690700127563.txt,1965,
58727365830138.txt,1965,
07616550108019.txt,1965,
19647330126169.txt,1965,
19647336017990.txt,1965,
18641626010789.txt,1965,
19646676108401.txt,1965,
31669443130010.txt,1965,
34673143430873.txt,1965,
19647336058077.txt,1965,
01611920127944.txt,1965,
37683386039366.txt,1965,
41688660121111.txt,1965,
54753256100275.txt,1965,
41104134130076.txt,1965,
57726940116996.txt,1965,
28662666026918.txt,1965,
37680986038202.txt,1965,
38684786041115.txt,1965,
34739730108621.txt,1965,
30664986094627.txt,1965,
44697994437794.txt,1965,
29663572935500.txt,1965,
01611926000913.txt,1965,
19647330122333.txt,1965,
41690216112213.txt,1965,
36678190100107.txt,1965,
37682963731528.txt,1965,
07618046005110.txt,1965,
27659872730018.txt,1965,
01612590118224.txt,1965,
19650946023543.txt,1965,
36678766037022.txt,1965,
36676116035307.txt,1965,
12626796007678.txt,1965,
55105530134569.txt,1965,
33670336031868.txt,1965,
13632066008627.txt,1965,
56105610135780.txt,1965,
54755316107650.txt,1965,
44698076049852.txt,1965,
19734456068811.txt,1965,
15633626107627.txt,1965,
40688096043285.txt,1965,
07617546004303.txt,1965,
19101990140772.txt,1965,
24656806025456.txt,1965,
01613090111799.txt,1965,
45104540111674.txt,1965,
49708050105890.txt,1965,
19647336019822.txt,1965,
37683386112726.txt,1965,
42693284236345.txt,1965,
50711755030135.txt,1965,
07618046096036.txt,1965,
34752836117527.txt,1965,
19646910112144.txt,1965,
30664640100891.txt,1965,
15635606009690.txt,1965,
37683383730116.txt,1965,
43733874331039.txt,1965,
12753821230085.txt,1965,
37680490136416.txt,1965,
39686760108159.txt,1965,
31668296109029.txt,1965,
37684520118430.txt,1965,
36676376035463.txt,1965,
07617966004824.txt,1965,
31669106031231.txt,1965,
19647336017628.txt,1965,
37684113730405.txt,1965,
01612596002125.txt,1957,
57727106066252.txt,1965,
28662666026850.txt,1965,
42692296060024.txt,1965,
39686763932100.txt,1965,
19753090127100.txt,1965,
12626796120562.txt,1965,
19647330135707.txt,1965,
34674390101907.txt,1965,
41690706045108.txt,1965,
19647331995794.txt,1965,
10623310137661.txt,1965,
37735516118137.txt,1965,
10767781038298.txt,1965,
19647336018527.txt,1965,
37684116059778.txt,1965,
33669853330974.txt,1965,
19647336017172.txt,1965,
19648406021125.txt,1965,
19648570102269.txt,1965,
19647330129460.txt,1965,
33751766032056.txt,1965,
33672156112676.txt,1965,
34765056033419.txt,1965,
34673306112916.txt,1965,
21653186024202.txt,1965,
30664646089452.txt,1965,
07616630130930.txt,1965,
36677776106827.txt,1965,
20652430116970.txt,1965,
30664566027551.txt,1965,
36678680133181.txt,1965,
50755726053219.txt,1965,
33751766118442.txt,1965,
44697990109595.txt,1965,
19647336016091.txt,1965,
31668456031140.txt,1965,
38684786040828.txt,1965,
36678760116160.txt,1965,
56725536096838.txt,1965,
30665066028112.txt,1951,
43694014331955.txt,1965,
37679830134890.txt,1965,
30736356101059.txt,1965,
12753826008049.txt,1965,
50755640107979.txt,1965,
55105535530118.txt,1965,
19649986022727.txt,1965,
51714646053425.txt,1965,
37680236037899.txt,1965,
37680313731478.txt,1965,
36678760128918.txt,1965,
16639746010532.txt,1965,
33671996120547.txt,1965,
19648736021414.txt,1965,
36750773630894.txt,1965,
33670580100164.txt,1965,
19647336061543.txt,1965,
36679596110357.txt,1965,
36678433630779.txt,1965,
30666213030046.txt,1965,
33672156032767.txt,1965,
40688334037008.txt,1965,
17640486010656.txt,1965,
37680490136614.txt,1965,
01750930132704.txt,1965,
19645686013841.txt,1965,
36678196036263.txt,1965,
54755316053995.txt,1965,
33736766032841.txt,1965,
37683383730314.txt,1965,
10622400114587.txt,1965,
10621580120246.txt,1965,
33670826032122.txt,1965,
31750856119853.txt,1965,
19649076021927.txt,1965,
36676780120329.txt,1965,
43696746048847.txt,1965,
15637926010078.txt,1965,
54722565435839.txt,1965,
55723895530043.txt,1965,
30664726027684.txt,1965,
27754732730885.txt,1965,
03739816002851.txt,1965,
15633216008940.txt,1965,
19647746020275.txt,1965,
34765056033633.txt,1965,
15637761530377.txt,1965,
04755076003164.txt,1965,
19642956011563.txt,1965,
33670906061774.txt,1965,
10621661031632.txt,1965,
15737426009633.txt,1965,
27751502730133.txt,1965,
19647336018725.txt,1965,
28662662830149.txt,1965,
50755645035654.txt,1965,
38684786041511.txt,1965,
33751760113100.txt,1965,
39103973930476.txt,1965,
16101651630102.txt,1965,
37682960116475.txt,1965,
31669103130242.txt,1965,
48705406051064.txt,1961,
37683386039762.txt,1965,
07617966005045.txt,1965,
28662902837102.txt,1965,
12630401237007.txt,1965,
34674396033807.txt,1965,
11754811135656.txt,1965,
44698156049860.txt,1965,
50712666053037.txt,1965,
56725205631817.txt,1965,
01611766000624.txt,1965,
19647330122721.txt,1965,
19734376012280.txt,1965,
56726036115653.txt,1965,
19647336018055.txt,1965,
36678686068779.txt,1965,
15737426009625.txt,1965,
01612590141804.txt,1965,
19647336058317.txt,1965,
03739810334755.txt,1965,
36678760127340.txt,1965,
36750510139188.txt,1965,
36679590114256.txt,1965,
15635291532290.txt,1965,
10622650105692.txt,1965,
38684780127530.txt,1965,
15634386009443.txt,1965,
37679916093207.txt,1965,
04755076003172.txt,1965,
15633396009229.txt,1965,
43733876047591.txt,1965,
19643371933332.txt,1965,
06615980630012.txt,1965,
30664726027692.txt,1965,
16639170110981.txt,1965,
19648576108609.txt,1965,
49710016052336.txt,1965,
30665066028138.txt,1953,
33670336059042.txt,1965,
38684786093496.txt,1965,
31669106117790.txt,1965,
07617620110684.txt,1965,
41689656044168.txt,1965,
39685930113357.txt,1965,
19647330102426.txt,1965,
18101816069934.txt,1965,
48705656051254.txt,1965,
19647331939859.txt,1965,
57727105738802.txt,1965,
13631236008437.txt,1965,
41690136044697.txt,1965,
49708136051866.txt,1965,
48705816060206.txt,1965,
19648406020952.txt,1965,
24737266025803.txt,1965,
19101996119945.txt,1965,
19648166020747.txt,1965,
12101246008221.txt,1965,
30665066028104.txt,1956,
19647330101675.txt,1965,
49709536052278.txt,1965,
41689404135331.txt,1965,
17640146107791.txt,1965,
19734521930106.txt,1965,
07618126005177.txt,1965,
14766871430107.txt,1965,
21653670129148.txt,1965,
36678760128926.txt,1965,
04614326105761.txt,1965,
37683616085153.txt,1965,
19647330141523.txt,1965,
54755236114193.txt,1965,
19643376011951.txt,1965,
15633216008981.txt,1965,
19647336107411.txt,1965,
43695186047385.txt,1965,
41689990136093.txt,1965,
19647336058101.txt,1965,
30736506100861.txt,1965,
36677100141952.txt,1965,
30665556028906.txt,1965,
19644361931617.txt,1965,
39685936109532.txt,1965,
27659616101802.txt,1965,
19647336017602.txt,1965,
04615316113526.txt,1965,
19647336017164.txt,1965,
19647330117598.txt,1965,
19648406021133.txt,1965,
55724135530191.txt,1965,
43695836098263.txt,1965,
36676456110704.txt,1965,
43694846106991.txt,1965,
19643946012215.txt,1965,
01100170123968.txt,1965,
43694270131995.txt,1965,
34765056033427.txt,1965,
53717616053813.txt,1965,
10621666006563.txt,1965,
56725380100362.txt,1965,
45700116097703.txt,1965,
19647336018519.txt,1965,
34765053430261.txt,1965,
40688096043244.txt,1965,
37684116059752.txt,1965,
33669773330008.txt,1965,
01750930141515.txt,1965,
34674476034953.txt,1965,
33752000114058.txt,1965,
42767866060040.txt,1965,
28662666115240.txt,1965,
45699550121640.txt,1965,
39767600121046.txt,1965,
41689166043822.txt,1965,
50757390131185.txt,1965,
30666216029888.txt,1965,
50710430112292.txt,1965,
24656316025340.txt,1965,
23655816116149.txt,1965,
15633136008833.txt,1965,
36676523630845.txt,1965,
27659616025977.txt,1965,
36677106110688.txt,1965,
19753336020325.txt,1965,
36678436111132.txt,1965,
11754816007496.txt,1965,
43104394330254.txt,1965,
07617966004832.txt,1965,
19647330111658.txt,1965,
07617546004329.txt,1965,
19648656021315.txt,1965,
27661756026637.txt,1965,
19644696012934.txt,1965,
37683386099071.txt,1965,
58727516056816.txt,1965,
45699716050223.txt,1965,
43694356110159.txt,1965,
15633626107619.txt,1965,
30736500138719.txt,1965,
39686760111344.txt,1965,
15638426010250.txt,1965,
19647336060461.txt,1965,
41689086043699.txt,1965,
19648816058465.txt,1965,
19647176015101.txt,1965,
33670586118855.txt,1965,
19647336020051.txt,1965,
26736686025936.txt,1965,
30665970111666.txt,1965,
30736356071153.txt,1965,
01611500130047.txt,1965,
19647336018337.txt,1965,
01612596057046.txt,1965,
19647330129270.txt,1965,
43696660129718.txt,1965,
01611926000905.txt,1965,
43694274330726.txt,1965,
27754736066955.txt,1965,
43694506067201.txt,1965,
19647336017776.txt,1965,
05100586077150.txt,1965,
24657892433605.txt,1965,
39686766042519.txt,1965,
38684780119958.txt,1965,
19734520111070.txt,1965,
37682966038996.txt,1965,
49706490125724.txt,1965,
37103710134577.txt,1965,
37683383731395.txt,1965,
37680986038228.txt,1965,
36739576108260.txt,1965,
37683386039358.txt,1955,
12628100108688.txt,1965,
10755986005813.txt,1965,
30666706114631.txt,1965,
50712826098297.txt,1965,
10621666006365.txt,1965,
33670906110548.txt,1965,
49708966117907.txt,1965,
43104394330320.txt,1965,
18641966010813.txt,1965,
33669936031660.txt,1965,
19647336019954.txt,1965,
01613096002521.txt,1965,
54720176054175.txt,1965,
19647336060529.txt,1965,
19651106023634.txt,1965,
19647336019798.txt,1965,
43694356047161.txt,1965,
27660926026314.txt,1965,
19647256057848.txt,1965,
36678766037154.txt,1965,
30664646110852.txt,1965,
44697996049639.txt,1965,
01611190122085.txt,1965,
30665066085286.txt,1965,
07617546004261.txt,1965,
13631071332501.txt,1965,
39685850100560.txt,1965,
58727366056634.txt,1965,
19734456014310.txt,1965,
24656982430080.txt,1965,
19642876011431.txt,1965,
56726526056105.txt,1965,
19644446012686.txt,1965,
19647336016497.txt,1965,
19648326107171.txt,1965,
19647336015820.txt,1965,
10751276006969.txt,1965,
25735852530111.txt,1965,
19647330122127.txt,1965,
31750853130200.txt,1965,
42691616045348.txt,1965,
01611506090369.txt,1965,
36678766036909.txt,1965,
19648576106793.txt,1965,
48705406051106.txt,1965,
33670583330388.txt,1965,
19647336017206.txt,1965,
19647336062699.txt,1965,
19647330134023.txt,1965,
34674210137950.txt,1965,
19643111930981.txt,1965,
19647330122655.txt,1965,
19647330126433.txt,1965,
37683386039614.txt,1965,
19647336018121.txt,1965,
34765053430881.txt,1965,
19644366012561.txt,1965,
17640221735000.txt,1937,
40688416106371.txt,1965,
19645016013254.txt,1965,
01612590130179.txt,1965,
44698156049928.txt,1965,
10739996006688.txt,1965,
19647746020317.txt,1965,
19647331933233.txt,1965,
37684523730728.txt,1965,
31669510140541.txt,1965,
20651776023923.txt,1965,
20764146110019.txt,1965,
40687006111058.txt,1965,
36676783630035.txt,1965,
19649076021851.txt,1965,
37681636105845.txt,1965,
45699550111393.txt,1965,
36677100120758.txt,1965,
09619456112569.txt,1965,
37680560114686.txt,1965,
01612596001994.txt,1927,
37735693731221.txt,1965,
33670580118885.txt,1965,
19647331935865.txt,1965,
36750440118059.txt,1965,
36677026112130.txt,1965,
37684520124917.txt,1965,
01612346001507.txt,1965,
19642956057483.txt,1965,
19649986022651.txt,1965,
45699146050132.txt,1965,
10625396007413.txt,1965,
33669856031611.txt,1965,
33672153334406.txt,1965,
37682960129056.txt,1965,
19647330109413.txt,1965,
30664313030384.txt,1965,
14632711438308.txt,1965,
19752916022453.txt,1965,
36679180106641.txt,1965,
33752426108047.txt,1965,
19734456014112.txt,1965,
15636286009740.txt,1965,
05615640530022.txt,1965,
30665066028070.txt,1960,
19647256015689.txt,1965,
22655320132258.txt,1965,
19650456022883.txt,1965,
36677100113423.txt,1965,
07617546004063.txt,1965,
57726786056253.txt,1965,
42691120137877.txt,1965,
37764710137067.txt,1965,
43696256072144.txt,1965,
49709956110324.txt,1965,
33671160108639.txt,1965,
19647330140749.txt,1965,
34673226033120.txt,1965,
19647336016695.txt,1965,
43104390120642.txt,1965,
19649646022529.txt,1965,
33671160100503.txt,1965,
37683386059679.txt,1965,
56725386055370.txt,1965,
45700036050330.txt,1965,
27660680141010.txt,1965,
30666476029995.txt,1965,
43695916047989.txt,1965,
43696664333795.txt,1965,
34674476034359.txt,1965,
43696256072151.txt,1965,
42692296068902.txt,1965,
10621586006050.txt,1965,
15633626105423.txt,1965,
37737916039093.txt,1965,
31750856115844.txt,1965,
57726786056246.txt,1965,
19647330109348.txt,1965,
19643941931823.txt,1965,
54755235432786.txt,1965,
33670906113518.txt,1965,
44697990117804.txt,1965,
19649076021893.txt,1965,
15635290116400.txt,1965,
36750440116707.txt,1965,
11626611132851.txt,1965,
37681976038475.txt,1965,
09618380136200.txt,1965,
27660920112896.txt,1965,
24656986109458.txt,1965,
19645016013296.txt,1965,
30666706030209.txt,1965,
33752420100958.txt,1965,
39773886041750.txt,1965,
42692296045660.txt,1965,
19647336018691.txt,1965,
19647330126383.txt,1965,
43693696046189.txt,1965,
24102492430056.txt,1965,
27660920111435.txt,1965,
19734376012322.txt,1965,
19647336019202.txt,1965,
10621660113829.txt,1965,
49753580114934.txt,1965,
28662662830016.txt,1965,
36676946097646.txt,1965,
30665483038551.txt,1965,
56768286055594.txt,1965,
30664313033115.txt,1965,
50712906053128.txt,1965,
34765053434370.txt,1965,
41690390136242.txt,1965,
19647330141481.txt,1965,
49753586052351.txt,1965,
19647336016125.txt,1965,
42767866045835.txt,1965,
04614240111039.txt,1965,
48705400113092.txt,1965,
58727440107375.txt,1965,
50736010101188.txt,1965,
54722310127621.txt,1965,
43694846047310.txt,1965,
39685856042147.txt,1965,
19647336019558.txt,1965,
19647256015663.txt,1965,
19648326066773.txt,1965,
36677106035794.txt,1965,
37683386059687.txt,1965,
49706156051585.txt,1965,
33736763330990.txt,1965,
07616486115380.txt,1965,
38684786040778.txt,1965,
43695916047963.txt,1965,
37737910116467.txt,1965,
30103066069553.txt,1965,
19649986022693.txt,1965,
19647330139089.txt,1965,
43696744330247.txt,1965,
36675956114649.txt,1965,
10621581032150.txt,1965,
24657556116156.txt,1965,
16639176118459.txt,1965,
30667466030712.txt,1965,
34673146033005.txt,1965,
52715065231709.txt,1965,
43733876047625.txt,1965,
30736356096044.txt,1965,
19734370137984.txt,1965,
19647331933795.txt,1965,
45698564530051.txt,1965,
04614246057137.txt,1965,
04614240121475.txt,1965,
45699480101113.txt,1965,
37683386040117.txt,1965,
33752426032866.txt,1965,
30736353030061.txt,1965,
34673146033039.txt,1965,
39754993930302.txt,1965,
36750693637584.txt,1965,
19647330122481.txt,1965,
10739656112023.txt,1965,
01611766000590.txt,1965,
36677103630902.txt,1965,
20102076077200.txt,1965,
19648406021091.txt,1965,
01612006001291.txt,1965,
34103480136275.txt,1965,
30736356097372.txt,1965,
19646916014914.txt,1965,
19647336018493.txt,1965,
19647256061337.txt,1965,
43693850133439.txt,1965,
07617966004774.txt,1965,
19647331931633.txt,1965,
19647336016455.txt,1965,
15101571530310.txt,1965,
27660922735348.txt,1965,
19642876011381.txt,1965,
28662660101964.txt,1965,
33103303330123.txt,1965,
36678503630530.txt,1965,
39754990139949.txt,1965,
19647336019772.txt,1965,
33672070101170.txt,1965,
41690396044994.txt,1965,
19646676014765.txt,1965,
19647336018444.txt,1965,
41689086043707.txt,1965,
19647330120527.txt,1965,
43696664332110.txt,1965,
19647331936160.txt,1965,
19644446012678.txt,1965,
17640226109706.txt,1965,
43696416048359.txt,1965,
58727695838305.txt,1961,
42772220138396.txt,1965,
43693936046601.txt,1965,
30665226028401.txt,1965,
01612590136051.txt,1913,
19650940137042.txt,1965,
37683386106181.txt,1965,
19647330123984.txt,1965,
24657556025563.txt,1965,
44697656049597.txt,1965,
23656150140814.txt,1965,
36678503633005.txt,1965,
19647336019996.txt,1965,
33671576109334.txt,1965,
33751926110084.txt,1965,
49707970139568.txt,1965,
37683383731551.txt,1965,
39686760111351.txt,1965,
30664646095087.txt,1965,
30664646027635.txt,1965,
51105120114207.txt,1965,
36750773631009.txt,1965,
37682966070858.txt,1965,
49707064930053.txt,1965,
50712666113823.txt,1965,
54722566112049.txt,1965,
58727366056741.txt,1965,
27660926026249.txt,1965,
19647336020044.txt,1965,
10621666006589.txt,1965,
43695186047435.txt,1965,
48705814830147.txt,1965,
27662336026702.txt,1965,
19647336017818.txt,1965,
54722566054746.txt,1965,
19647336018295.txt,1965,
43696906049282.txt,1965,
39686506042485.txt,1965,
19734450122465.txt,1965,
33670336031843.txt,1965,
36676786109813.txt,1965,
50712826053078.txt,1965,
30666216029862.txt,1965,
09619036095301.txt,1965,
43696746049019.txt,1965,
33671246107643.txt,1965,
39686270126755.txt,1965,
19647330123166.txt,1965,
16639906010557.txt,1965,
19647336016521.txt,1965,
16638911632207.txt,1965,
19752911995810.txt,1965,
07617966004600.txt,1965,
37737913730793.txt,1965,
19647330128033.txt,1965,
34103480106229.txt,1965,
08618200137729.txt,1965,
31669440106807.txt,1965,
19753090134619.txt,1965,
36678430102558.txt,1965,
36678763630308.txt,1965,
19647336019160.txt,1965,
34674476034946.txt,1965,
37683380114025.txt,1965,
58727366056782.txt,1965,
19647256015515.txt,1965,
41689086043673.txt,1965,
54767946108286.txt,1965,
56724626055115.txt,1965,
56724540124750.txt,1965,
18642046010847.txt,1965,
37680236111322.txt,1965,
33670333330446.txt,1965,
43696906049241.txt,1965,
13631151333558.txt,1965,
30665226028575.txt,1965,
36739573630233.txt,1965,
54718376053870.txt,1965,
54105465430061.txt,1965,
37681303731809.txt,1965,
10739651030386.txt,1965,
19647251934470.txt,1965,
19647256015267.txt,1965,
16639746066666.txt,1965,
40688090118695.txt,1965,
22655326025050.txt,1965,
40688096110621.txt,1965,
39686766042691.txt,1965,
45698564530333.txt,1965,
19647336018915.txt,1965,
48705406051098.txt,1953,
19649986106876.txt,1965,
19647336061568.txt,1965,
48104884830071.txt,1965,
37683386089049.txt,1965,
36678766036883.txt,1965,
37683616111041.txt,1965,
24658620114074.txt,1965,
36678196036248.txt,1965,
37756143731601.txt,1965,
54718376114078.txt,1965,
37683386039952.txt,1965,
19651026108245.txt,1965,
43694196047112.txt,1965,
43696664338950.txt,1965,
19647336018097.txt,1965,
36738903630282.txt,1965,
57726946056352.txt,1965,
19647330132282.txt,1965,
19734606023360.txt,1965,
37684036040554.txt,1876,
19649986116495.txt,1965,
49709536052245.txt,1965,
19734376012256.txt,1965,
19642616057475.txt,1965,
30665300134221.txt,1965,
19649806022610.txt,1965,
01612346001499.txt,1965,
30664643030756.txt,1965,
19647336019376.txt,1965,
19647330106872.txt,1965,
19646346098768.txt,1965,
36103630107466.txt,1965,
33670586031975.txt,1965,
19643376011993.txt,1965,
19650606023170.txt,1965,
19643116011761.txt,1965,
15633216008957.txt,1965,
30664236027361.txt,1965,
50710436108435.txt,1965,
31750856110647.txt,1965,
19647336016737.txt,1965,
58727360142109.txt,1965,
25658962537702.txt,1965,
36677106035810.txt,1965,
37680236037865.txt,1965,
19647330137463.txt,1965,
19647330127670.txt,1965,
33752423330552.txt,1965,
20764142030039.txt,1965,
48705730141150.txt,1965,
43693936046577.txt,1965,
30665976029466.txt,1965,
30665976029300.txt,1965,
41690056044432.txt,1965,
18641966109748.txt,1965,
37681636038327.txt,1965,
34674396061832.txt,1965,
37735513730017.txt,1965,
51714646053383.txt,1965,
19648651933308.txt,1965,
33751923330917.txt,1965,
49708390138065.txt,1965,
36678766059505.txt,1965,
15638261530245.txt,1965,
10622406114805.txt,1965,
57726780106674.txt,1965,
49709536052286.txt,1965,
19647330127894.txt,1965,