cds_code,year_built,max_sqft
01100170112607,1965,
01100170123968,1965,
01100170124172,1965,
01100170125567,1965,
01100170130401,1965,
01100170130419,1965,
01100170130625,1965,
01100170131581,1965,
01100170136101,1965,
01100170136226,1965,
01100170137448,1965,
01100170138867,1965,
01100176001788,1965,
01100176002000,1965,
01316090131755,1965,
01316170131763,1860,
01611190106401,1965,
01611190111765,1965,
01611190119222,1965,
01611190122085,1965,
01611190130229,1965,
01611190130609,1965,
01611190132142,1965,
01611190134304,1965,
01611190139220,1965,
01611196090013,1965,
01611196090021,1965,
01611196090039,1965,
01611196090047,1965,
01611196090054,1965,
01611196090112,1965,
01611196090120,1965,
01611196100374,1965,
01611196110779,1965,
01611270130294,1965,
01611270130450,1965,
01611276090146,1965,
01611276090161,1965,
01611276095376,1965,
01611276116222,1965,
01611430131177,1965,
01611430134924,1965,
01611436056857,1965,
01611436056865,1965,
01611436090187,1965,
01611436090195,1965,
01611436090211,1965,
01611436090252,1965,
01611436090278,1965,
01611436090286,1965,
01611436090294,1965,
01611436090302,1965,
01611436090310,1965,
01611436090328,1965,
01611436097729,1965,
01611436105316,1965,
01611500130047,1965,
01611500132225,1965,
01611500133876,1965,
01611500135533,1965,
01611506090351,1965,
01611506090369,1965,
01611506090385,1965,
01611506090393,1965,
01611506090401,1965,
01611506090419,1965,
01611506090435,1965,
01611506090468,1965,
01611506090484,1965,
01611506097653,1965,
01611506113005,1965,
01611680132746,1965,
01611686090492,1965,
01611760127233,1965,
01611760130062,1965,
01611760130138,1965,
01611760130435,1965,
01611760134270,1965,
01611760134452,1965,
01611760135244,1965,
01611760138693,1965,
01611760138982,1965,
01611766000541,1965,
01611766000558,1965,
01611766000566,1965,
01611766000590,1965,
01611766000624,1965,
01611766000640,1965,
01611766000665,1965,
01611766000673,1965,
01611766000681,1965,
01611766000715,1965,
01611766000723,1965,
01611766000749,1965,
01611766000756,1965,
01611766000764,1965,
01611766000798,1965,
01611766000806,1965,
01611766000830,1965,
01611766000848,1965,
01611766056873,1965,
01611766056881,1965,
01611766056907,1965,
01611766056915,1965,
01611766056923,1965,
01611766066468,1965,
01611766089320,1965,
01611766089619,1965,
01611766090526,1965,
01611766090534,1965,
01611766090542,1965,
01611766090559,1965,
01611766104723,1965,
01611766106983,1965,
01611766111330,1965,
01611920108670,1965,
01611920111815,1965,
01611920127696,1965,
01611920127944,1965,
01611920133009,1965,
01611920133629,1965,
01611920135319,1965,
01611920137646,1965,
01611920138339,1965,
01611926000905,1965,
01611926000913,1965,
01611926000921,1965,
01611926000947,1965,
01611926000962,1965,
01611926000988,1965,
01611926000996,1965,
01611926001044,1965,
01611926001051,1965,
01611926001093,1965,
01611926001101,1965,
01611926001127,1965,
01611926001135,1965,
01611926001176,1965,
01611926001192,1965,
01611926056931,1965,
01611926056949,1965,
01611926056956,1965,
01611926056972,1965,
01611926066476,1965,
01611926090583,1965,
01611926104566,1965,
01611926113815,1965,
01612000130393,1965,
01612000132670,1965,
01612000133397,1965,
01612000134536,1965,
01612000135376,1965,
01612006001234,1965,
01612006001242,1965,
01612006001259,1965,
01612006001283,1965,
01612006001291,1965,
01612006001317,1965,
01612006001341,1965,
01612006071906,1965,
01612006085773,1965,
01612006089338,1965,
01612006097661,1965,
01612006110332,1965,
01612006117543,1965,
01612186001358,1965,
01612340130054,1965,
01612340130484,1965,
01612340135426,1965,
01612346001440,1965,
01612346001481,1965,
01612346001499,1965,
01612346001507,1965,
01612346001523,1965,
01612346001531,1965,
01612346102917,1965,
01612420110460,1965,
01612420110478,1965,
01612420126763,1965,
01612420134668,1965,
01612426001572,1965,
01612426001606,1965,
01612426001622,1965,
01612426068266,1965,
01612426097679,1965,
01612426101604,1965,
01612426115505,1965,
01612426115554,1965,
01612426118525,1965,
01612590100065,1965,
01612590100701,1965,
01612590100792,1965,
01612590102988,1965,
01612590106906,1965,
01612590108944,1965,
01612590109819,1965,
01612590110189,1951,
01612590110239,1958,
01612590110247,1965,
01612590110254,1948,
01612590111476,1965,
01612590111856,1965,
01612590112763,1948,
01612590112789,1926,
01612590112797,1944,
01612590112813,1965,
01612590114363,1965,
01612590114868,1965,
01612590115014,1965,
01612590115204,1953,
01612590115238,1965,
01612590115584,1960,
01612590115592,1965,
01612590115600,1935,
01612590115618,1956,
01612590115626,1958,
01612590115667,1965,
01612590118224,1965,
01612590118653,1965,
01612590119859,1965,
01612590121228,1965,
01612590121376,1965,
01612590125161,1959,
01612590125716,1939,
01612590126748,1965,
01612590128413,1965,
01612590129635,1965,
01612590129932,1965,
01612590130146,1958,
01612590130179,1965,
01612590130575,1965,
01612590130633,1965,
01612590130666,1965,
01612590130732,1965,
01612590132514,1965,
01612590132688,1965,
01612590134015,1965,
01612590135905,1965,
01612590136051,1913,
01612590137943,1965,
01612590141804,1965,
01612593030772,1965,
01612596001630,1958,
01612596001648,1935,
01612596001655,1948,
01612596001663,1949,
01612596001689,1948,
01612596001697,1961,
01612596001713,1965,
01612596001739,1965,
01612596001754,1965,
01612596001812,1965,
01612596001820,1955,
01612596001838,1949,
01612596001846,1960,
01612596001853,1965,
01612596001879,1957,
01612596001903,1959,
01612596001911,1950,
01612596001929,1960,
01612596001945,1949,
01612596001994,1927,
01612596002018,1961,
01612596002042,1965,
01612596002059,1948,
01612596002075,1958,
01612596002083,1941,
01612596002109,1965,
01612596002117,1965,
01612596002125,1957,
01612596002141,1948,
01612596002174,1958,
01612596002182,1965,
01612596002190,1965,
01612596002216,1958,
01612596002273,1965,
01612596056998,1965,
01612596057004,1951,
01612596057020,1958,
01612596057046,1965,
01612596057061,1965,
01612596057079,1957,
01612596057087,1935,
01612596057095,1965,
01612596066450,1958,
01612596072235,1965,
01612596096523,1965,
01612596111660,1965,
01612596113807,1965,
01612596114011,1965,
01612596117568,1965,
01612596118608,1965,
01612596118616,1965,
01612596118640,1936,
01612596118657,1960,
01612750130286,1965,
01612750136515,1965,
01612756002281,1965,
01612756002299,1965,
01612756002307,1965,
01612756066492,1965,
01612910134528,1965,
01612910137588,1965,
01612910141473,1965,
01612916002372,1965,
01612916002398,1965,
01612916002414,1965,
01612916002422,1965,
01612916002430,1965,
01612916002448,1965,
01612916002455,1965,
01612916002463,1965,
01612916057111,1965,
01612916066518,1965,
01613090101212,1965,
01613090111799,1965,
01613090114421,1965,
01613090130849,1965,
01613090137745,1965,
01613090137810,1965,
01613096002505,1965,
01613096002513,1965,
01613096002521,1965,
01613096002539,1965,
01613096002547,1965,
01613096002554,1965,
01613096002562,1965,
01613096002604,1965,
01613096002612,1965,
01613096002620,1965,
01613096002653,1965,
01613096002703,1965,
01750930114579,1965,
01750930123935,1965,
01750930125930,1965,
01750930131615,1965,
01750930132704,1965,
01750930136929,1965,
01750930138164,1965,
01750930138453,1965,
01750930141515,1965,
01750930141937,1965,
01750936001374,1965,
01750936001390,1965,
01750936001424,1965,
01750936066484,1965,
01750936118038,1965,
01751010130096,1965,
01751010130252,1965,
01751010130583,1965,
01751010141432,1965,
01751016001366,1965,
01751016001416,1965,
01751016002315,1965,
01751016002323,1965,
01751016002349,1965,
01751016002356,1965,
01751016066500,1965,
01751016089361,1965,
01751016108971,1965,
01751016114318,1965,
01751016117592,1965,
01751016117600,1965,
01751196002711,1965,
01771800138289,1965,
03100330330035,1965,
03100330330068,1965,
03739810330019,1965,
03739810330050,1965,
03739810330753,1965,
03739810334755,1965,
03739816002810,1965,
03739816002828,1965,
03739816002844,1965,
03739816002851,1965,
03739816002869,1965,
03739816002877,1965,
03739816107387,1965,
03739816107395,1965,
04100410114991,1965,
04100410129817,1965,
04100410134213,1965,
04100410139493,1965,
04100410430066,1965,
04100410430090,1965,
04100416069256,1965,
04613826002919,1965,
04614240110551,1965,
04614240111039,1965,
04614240118042,1965,
04614240120394,1965,
04614240121475,1965,
04614240123976,1965,
04614240137828,1965,
04614240141069,1965,
04614240141085,1965,
04614240430199,1965,
04614240431502,1965,
04614240431676,1965,
04614240437558,1965,
04614246002968,1965,
04614246002976,1965,
04614246003008,1965,
04614246003024,1965,
04614246003032,1965,
04614246003040,1965,
04614246003073,1965,
04614246003081,1965,
04614246003099,1965,
04614246003107,1965,
04614246057129,1965,
04614246057137,1965,
04614246109722,1965,
04614246111116,1965,
04614246116610,1965,
04614320433201,1965,
04614326003115,1965,
04614326105761,1965,
04614576003131,1965,
04614996003198,1962,
04615070110072,1965,
04615070121509,1965,
04615070129577,1965,
04615076003255,1965,
04615076003263,1965,
04615150430140,1965,
04615150434803,1965,
04615150435602,1965,
04615150437566,1965,
04615230110510,1965,
04615236003289,1965,
04615236003297,1965,
04615236089080,1965,
04615236115034,1965,
04615310110338,1965,
04615310121715,1965,
04615310139329,1965,
04615310430108,1965,
04615310432856,1965,
04615310437350,1965,
04615316003313,1965,
04615316003321,1965,
04615316003339,1965,
04615316105522,1965,
04615316112585,1965,
04615316112999,1965,
04615316113526,1965,
04615316113765,1965,
04615490102327,1965,
04615490141341,1965,
04615496003354,1965,
04615496003362,1965,
04615496003370,1965,
04615496121016,1965,
04733796002927,1965,
04755070433946,1965,
04755070433953,1965,
04755076003156,1965,
04755076003164,1965,
04755076003172,1965,
05100580530048,1965,
05100580530154,1965,
05100586077150,1965,
05100589010745,1965,
05615560530014,1965,
05615560532507,1965,
05615640530022,1965,
05615640530055,1965,
05615640531509,1965,
05615646003404,1965,
05615646003438,1965,
05615646003446,1965,
05615646003453,1965,
05615646105431,1965,
05615646108518,1965,
05615720141820,1965,
05615726003388,1965,
05615726003461,1965,
05615806003396,1965,
05615806088975,1965,
05615806111884,1965,
05615806115000,1965,
06100660136580,1965,
06100660630111,1965,
06615980630012,1965,
06615980630046,1965,
06615980631259,1965,
06615986003495,1965,
06615986057152,1965,
06616140630087,1965,
06616140635250,1965,
06616146003511,1965,
06616146003537,1965,
06616146103576,1965,
06616220118729,1965,
06616220630038,1965,
06616220637504,1965,
06616226003552,1965,
07100740114470,1965,
07100740129528,1965,
07100740129684,1965,
07100740137026,1965,
07100740730614,1965,
07100740731380,1965,
07100746118368,1965,
07616300107524,1965,
07616300730283,1965,
07616300731125,1965,
07616300733725,1965,
07616300734244,1965,
07616480100461,1965,
07616480100479,1965,
07616480106583,1965,
07616480110494,1965,
07616480113761,1965,
07616480115063,1965,
07616480117218,1965,
07616480137430,1965,
07616480141028,1965,
07616480730101,1965,
07616480730259,1965,
07616480730465,1965,
07616480730861,1965,
07616486003578,1965,
07616486003594,1965,
07616486003602,1965,
07616486003610,1965,
07616486003628,1965,
07616486003636,1965,
07616486057178,1965,
07616486061154,1965,
07616486084941,1965,
07616486108989,1965,
07616486110514,1965,
07616486113104,1965,
07616486115380,1965,
07616486115703,1965,
07616486117501,1965,
07616550102376,1965,
07616550108019,1965,
07616550110528,1965,
07616550127464,1965,
07616556003644,1965,
07616556003651,1965,
07616556070981,1965,
07616556109730,1965,
07616556112718,1965,
07616556117410,1965,
07616556119754,1965,
07616630130930,1965,
07616630139667,1965,
07616636003669,1965,
07616636101943,1965,
07616636119838,1965,
07616970737023,1965,
07616970737619,1965,
07616976003685,1965,
07616976003701,1965,
07617136003727,1965,
07617136003743,1965,
07617136003750,1965,
07617136003768,1965,
07617136003792,1965,
07617210107797,1965,
07617210730457,1965,
07617210730572,1965,
07617210733980,1965,
07617210733998,1965,
07617390730440,1965,
07617390730473,1965,
07617390730549,1965,
07617396003826,1965,
07617396003834,1965,
07617396003842,1965,
07617396003875,1965,
07617396057186,1965,
07617476003909,1965,
07617476003917,1965,
07617476003925,1965,
07617476003933,1965,
07617540106088,1965,
07617540134072,1965,
07617540135822,1965,
07617540138115,1965,
07617540140442,1965,
07617540730044,1965,
07617540730317,1965,
07617540730358,1965,
07617540730655,1965,
07617540731646,1965,
07617540731836,1965,
07617540734566,1965,
07617540734764,1965,
07617540737809,1965,
07617546003958,1965,
07617546003966,1965,
07617546003974,1965,
07617546003982,1965,
07617546004030,1965,
07617546004048,1965,
07617546004055,1965,
07617546004063,1965,
07617546004097,1965,
07617546004105,1965,
07617546004154,1965,
07617546004162,1965,
07617546004170,1965,
07617546004188,1965,
07617546004196,1965,
07617546004220,1965,
07617546004238,1965,
07617546004246,1965,
07617546004253,1965,
07617546004261,1965,
07617546004295,1965,
07617546004303,1965,
07617546004311,1965,
07617546004329,1965,
07617546004337,1965,
07617546004345,1965,
07617546004352,1965,
07617546004360,1965,
07617546004378,1965,
07617546004394,1965,
07617546004402,1965,
07617546004410,1965,
07617546096226,1965,
07617546105357,1965,
07617546111504,1965,
07617546112395,1965,
07617546114904,1965,
07617546118087,1965,
07617620110684,1965,
07617620129064,1965,
07617620138859,1965,
07617626004428,1965,
07617626096234,1965,
07617626108765,1965,
07617626110803,1965,
07617626110811,1965,
07617626119226,1965,
07617706004444,1965,
07617706004451,1965,
07617706004477,1965,
07617706004501,1965,
07617706066583,1965,
07617880116863,1965,
07617880125435,1965,
07617880730184,1965,
07617880735407,1965,
07617886004527,1965,
07617886004535,1965,
07617886004543,1965,
07617886004568,1965,
07617886004576,1965,
07617886061162,1965,
07617886084966,1965,
07617886098578,1965,
07617886109383,1965,
07617960101477,1965,
07617960110973,1965,
07617960126805,1965,
07617960129643,1965,
07617960132100,1965,
07617960132118,1965,
07617960133637,1965,
07617960135434,1965,
07617960136903,1965,
07617960730291,1965,
07617960730325,1965,
07617960730598,1965,
07617960732164,1965,
07617960732941,1965,
07617960733253,1965,
07617960733659,1965,
07617960735316,1965,
07617960735902,1965,
07617966004600,1965,
07617966004659,1965,
07617966004667,1965,
07617966004691,1965,
07617966004733,1965,
07617966004741,1965,
07617966004758,1965,
07617966004766,1965,
07617966004774,1965,
07617966004782,1965,
07617966004808,1965,
07617966004824,1965,
07617966004832,1965,
07617966004840,1965,
07617966004857,1965,
07617966004865,1965,
07617966004873,1965,
07617966004881,1965,
07617966004899,1965,
07617966004907,1965,
07617966004915,1965,
07617966004931,1965,
07617966004956,1965,
07617966004964,1965,
07617966004972,1965,
07617966004980,1965,
07617966004998,1965,
07617966005003,1965,
07617966005011,1965,
07617966005037,1965,
07617966005045,1965,
07617966057210,1965,
07617966057228,1965,
07617966057236,1965,
07617966057244,1965,
07617966061170,1965,
07617966097141,1965,
07617966099717,1965,
07617966112015,1965,
07617966114086,1965,
07617966114094,1965,
07617966119515,1965,
07617966120885,1965,
07618040102566,1965,
07618040108324,1965,
07618040109173,1965,
07618040113118,1965,
07618040113589,1965,
07618040116541,1965,
07618040119032,1965,
07618040132902,1965,
07618040730051,1965,
07618040730218,1965,
07618040734368,1965,
07618040736504,1965,
07618040736819,1965,
07618046005060,1965,
07618046005078,1965,
07618046005086,1965,
07618046005094,1965,
07618046005102,1965,
07618046005110,1965,
07618046005128,1965,
07618046005136,1965,
07618046005144,1965,
07618046005151,1965,
07618046066591,1965,
07618046071039,1965,
07618046089130,1965,
07618046096036,1965,
07618046097158,1965,
07618046097166,1965,
07618046100952,1965,
07618046108161,1965,
07618046110449,1965,
07618046113336,1965,
07618046114326,1965,
07618046117451,1965,
07618046117485,1965,
07618120131714,1965,
07618126005169,1965,
07618126005177,1965,
07618126005185,1965,
07618126005193,1965,
07618126005235,1965,
07618126005243,1965,
07773540132233,1965,
08100820830042,1965,
08100820830059,1965,
08618200137729,1965,
08618200833004,1965,
08618200836205,1965,
08618206005375,1965,
08618206005383,1965,
08618206005391,1965,
08618206005417,1965,
08618206005425,1965,
08618206005433,1965,
08618206005441,1965,
08618206005458,1965,
08618206113013,1965,
09100900106047,1965,
09100900123521,1965,
09100900136036,1965,
09100900930123,1965,
09100900930131,1965,
09100906069470,1965,
09618380100024,1965,
09618380107227,1965,
09618380111724,1965,
09618380129965,1965,
09618380136200,1965,
09618380137919,1965,
09618380139006,1965,
09618386005466,1965,
09618386005474,1965,
09618386096614,1965,
09618386107361,1965,
09618386110456,1965,
09618386112361,1965,
09618460123125,1965,
09618466005482,1965,
09618530930081,1965,
09618530930164,1965,
09618530930214,1965,
09618530932756,1965,
09618530934554,1965,
09618530936302,1965,
09618796005508,1965,
09618796109698,1965,
09618956005524,1965,
09619030110155,1965,
09619030140459,1965,
09619030930040,1965,
09619030937805,1965,
09619036005540,1965,
09619036005565,1965,
09619036005573,1965,
09619036095301,1965,
09619116005581,1965,
09619116103857,1965,
09619296005599,1965,
09619296005615,1965,
09619296106678,1965,
09619456005631,1965,
09619456112569,1965,
09619456114664,1965,
09619606005680,1965,
09619606107437,1965,
09619780101519,1965,
09619780108258,1965,
09619786005706,1965,
09619786005714,1958,
09619786098693,1965,
09619786103527,1965,
09619786109441,1965,
09619866005722,1965,
09737830121566,1965,
09737830930073,1965,
09737830930099,1965,
09737836005490,1965,
09737836005623,1965,
09737836110498,1965,
10101080109991,1965,
10101080111682,1965,
10101080119628,1965,
10101080136291,1965,
10101080140186,1965,
10101081030337,1965,
10101081030899,1965,
10101086069488,1965,
10101086085112,1965,
10619946005730,1965,
10621096005839,1965,
10621580120246,1965,
10621581031954,1965,
10621581032150,1965,
10621586006027,1965,
10621586006043,1965,
10621586006050,1965,
10621586115190,1965,
10621660106740,1965,
10621660108100,1965,
10621660108118,1965,
10621660108555,1965,
10621660113811,1965,
10621660113829,1965,
10621660114355,1965,
10621660114553,1965,
10621660119339,1965,
10621660120964,1965,
10621660121533,1965,
10621660129338,1965,
10621660132134,1965,
10621660133942,1965,
10621660136150,1965,
10621660140038,1965,
10621660140764,1965,
10621660140806,1965,
10621660141127,1965,
10621661030279,1965,
10621661030287,1965,
10621661030295,1965,
10621661030584,1965,
10621661030642,1965,
10621661030675,1965,
10621661030717,1965,
10621661030840,1965,
10621661031632,1965,
10621661031897,1965,
10621661032507,1965,
10621661032911,1965,
10621661034214,1965,
10621661035831,1965,
10621666006068,1965,
10621666006076,1965,
10621666006084,1965,
10621666006092,1965,
10621666006100,1965,
10621666006118,1965,
10621666006126,1965,
10621666006142,1965,
10621666006159,1965,
10621666006183,1965,
10621666006191,1965,
10621666006217,1965,
10621666006225,1965,
10621666006233,1965,
10621666006258,1965,
10621666006266,1965,
10621666006274,1965,
10621666006282,1965,
10621666006290,1965,
10621666006308,1965,
10621666006316,1965,
10621666006324,1965,
10621666006332,1965,
10621666006357,1965,
10621666006365,1965,
10621666006373,1965,
10621666006381,1965,
10621666006407,1965,
10621666006415,1965,
10621666006423,1965,
10621666006431,1965,
10621666006449,1965,
10621666006456,1965,
10621666006464,1965,
10621666006472,1965,
10621666006480,1965,
10621666006514,1965,
10621666006522,1965,
10621666006530,1965,
10621666006548,1965,
10621666006555,1965,
10621666006563,1965,
10621666006571,1965,
10621666006589,1965,
10621666006597,1965,
10621666057285,1965,
10621666057293,1965,
10621666057327,1965,
10621666057335,1965,
10621666057343,1965,
10621666061188,1965,
10621666061196,1965,
10621666061204,1965,
10621666068704,1965,
10621666085120,1965,
10621666085138,1965,
10621666088538,1965,
10621666088546,1965,
10621666088934,1965,
10621666088942,1965,
10621666101091,1965,
10621666101109,1965,
10621666102016,1965,
10621666103832,1965,
10621666103840,1965,
10621666105746,1965,
10621666109961,1965,
10621666111231,1965,
10621666111249,1965,
10621666111256,1965,
10621666112619,1965,
10621666112882,1965,
10621666116651,1965,
10621666117477,1965,
10621666120125,1965,
10621666120703,1965,
10622400113142,1965,
10622400114587,1965,
10622406006704,1965,
10622406006712,1965,
10622406006720,1965,
10622406108328,1965,
10622406114805,1965,
10622570124727,1965,
10622571033695,1965,
10622571033729,1965,
10622650105692,1965,
10622650106815,1965,
10622650108092,1965,
10622650116640,1965,
10622650116657,1965,
10622650126292,1965,
10622651030378,1965,
10622651033703,1965,
10622651035310,1965,
10622656006738,1965,
10622656006746,1965,
10622656006753,1965,
10622656006761,1965,
10622656006787,1965,
10622656006795,1965,
10622656006803,1965,
10622656006829,1965,
10622656006837,1965,
10622656006845,1965,
10622656006878,1965,
10622656088959,1965,
10623310137661,1965,
10623316007009,1965,
10623566007025,1965,
10623640107409,1965,
10623640126870,1965,
10623641034990,1965,
10623646007033,1965,
10623646007041,1965,
10623646007058,1965,
10623646115224,1965,
10623800136499,1965,
10623806007074,1965,
10624140113043,1965,
10624140123463,1965,
10624140141291,1965,
10624141030451,1965,
10624141030824,1965,
10624141036086,1965,
10624141036094,1965,
10624146007108,1965,
10624146007116,1965,
10624146007124,1965,
10624146007132,1965,
10624146007140,1965,
10624146007157,1965,
10624146007165,1965,
10624146007173,1965,
10624146007181,1965,
10624146007207,1965,
10624146007215,1965,
10624301030758,1965,
10624301036607,1965,
10624301036672,1965,
10624306007231,1965,
10624306007256,1965,
10624306007280,1965,
10624306007298,1965,
10624306007314,1965,
10624306007322,1965,
10624306007348,1965,
10624306111124,1965,
10625136007405,1965,
10625396007413,1965,
10625396112387,1965,
10625470135103,1965,
10625470136523,1965,
10738090123950,1965,
10738091030121,1965,
10738091030147,1965,
10738096005995,1965,
10738096006001,1965,
10738096006019,1965,
10739650106476,1965,
10739650113993,1965,
10739650114751,1965,
10739650123943,1965,
10739650125682,1965,
10739650130690,1965,
10739650140269,1965,
10739650140509,1965,
10739651030386,1965,
10739651030626,1965,
10739651030790,1965,
10739651035112,1965,
10739656005789,1965,
10739656006654,1965,
10739656006662,1965,
10739656006910,1965,
10739656006936,1965,
10739656006944,1965,
10739656006951,1965,
10739656007389,1965,
10739656112023,1965,
10739656112775,1965,
10739656115521,1965,
10739656120521,1965,
10739656120539,1965,
10739990123596,1965,
10739990141036,1965,
10739991033422,1965,
10739991033430,1965,
10739996006688,1965,
10739996006696,1965,
10739996007371,1965,
10739996119978,1965,
10751270129163,1965,
10751271030261,1965,
10751271030493,1965,
10751271030725,1965,
10751276006969,1965,
10751276006977,1965,
10751276006985,1965,
10754080142166,1965,
10754081030253,1965,
10754081035575,1965,
10754086007082,1965,
10754086007090,1965,
10755981030535,1965,
10755981030543,1965,
10755986005813,1965,
10767780122473,1965,
10767781030774,1965,
10767781038298,1965,
10767781038306,1965,
10767786005748,1965,
10767786006605,1965,
10767786006613,1965,
11101160124909,1965,
11101160130724,1965,
11625960139550,1965,
11625966007454,1965,
11626386007504,1965,
11626531130046,1965,
11626531132109,1965,
11626536007546,1965,
11626536007553,1965,
11626611130038,1965,
11626611132851,1965,
11626616007603,1965,
11626616007611,1965,
11754811130012,1965,
11754811130145,1965,
11754811135656,1965,
11754816007470,1965,
11754816007488,1965,
11754816007496,1965,
12101240106153,1965,
12101240106161,1965,
12101240106179,1965,
12101240106203,1965,
12101240134163,1965,
12101240137364,1965,
12101246008221,1965,
12101246077192,1965,
12626790111708,1965,
12626790137653,1965,
12626796007660,1965,
12626796007678,1965,
12626796120562,1965,
12626870107110,1965,
12626870124263,1965,
12626871230044,1965,
12626871230051,1965,
12626871230705,1965,
12626871235209,1965,
12626956007686,1965,
12627036007694,1965,
12627296007710,1965,
12627376007728,1965,
12627456007736,1965,
12627456007744,1965,
12627946007850,1965,
12628100108688,1965,
12628101233352,1965,
12628101233402,1965,
12628286007884,1965,
12628286116289,1965,
12628366007892,1965,
12628516007918,1965,
12628936007959,1965,
12629196008015,1965,
12629276008023,1965,
12629356008031,1965,
12629686008080,1965,
12629760115154,1965,
12629766008098,1965,
12629846008106,1965,
12630246008155,1965,
12630320111203,1965,
12630320124289,1965,
12630326008163,1965,
12630326008171,1965,
12630400129114,1965,
12630400140376,1965,
12630401230010,1965,
12630401230069,1965,
12630401237007,1965,
12630406008197,1965,
12630406008213,1965,
12630406008239,1965,
12630576008247,1965,
12753741232909,1965,
12753746007843,1965,
12753821230085,1965,
12753826008049,1965,
12753826107874,1965,
12755151230150,1965,
12768020124164,1965,
12768026007868,1965,
12768026007876,1965,
12768026008130,1965,
12768026008148,1965,
13101320131094,1965,
13101320134379,1965,
13101321330117,1965,
13101326069272,1965,
13630736008262,1965,
13630736008270,1965,
13630736008288,1965,
13630736008296,1965,
13630736008304,1965,
13630811330141,1965,
13630811331354,1965,
13630811331404,1965,
13630990112318,1965,
13630990113985,1965,
13630991332154,1965,
13630991332204,1965,
13630996008346,1965,
13630996008361,1965,
13630996008379,1965,
13630996008387,1965,
13630996099485,1965,
13630996106975,1965,
13630996111587,1965,
13631071332501,1965,
13631076008395,1965,
13631076008403,1965,
13631076103535,1965,
13631150131243,1965,
13631150140954,1965,
13631151330133,1965,
13631151333004,1965,
13631151333558,1965,
13631230118455,1965,
13631230122663,1965,
13631236008411,1965,
13631236008429,1965,
13631236008437,1965,
13631236008445,1965,
13631236008452,1965,
13631236008460,1965,
13631236008478,1965,
13631236008486,1965,
13631236008494,1965,
13631236108823,1965,
13631236113658,1965,
13631310135657,1965,
13631316008502,1952,
13631490125922,1965,
13631491335306,1965,
13631491337138,1965,
13631496008510,1965,
13631496008528,1965,
13631496008536,1965,
13631640138917,1965,
13631641331115,1965,
13631641335900,1965,25863
13631646008551,1965,
13631646008569,1965,
13631646117808,1965,
13631726008585,1965,
13631806008593,1965,
13632066008627,1965,
13632140120881,1965,
13632141330018,1965,
13632141337609,1965,
13632146008635,1965,
13632146106298,1965,
13632226008643,1965,
13632306008650,1965,
14101400117994,1965,
14101401430073,1965,
14632481431352,1965,
14632486008692,1965,
14632711430065,1965,
14632711438308,1965,
14632716008742,1965,
14632716008759,1965,
14632891434901,1965,
14632896008775,1965,
14632971436203,1965,
14632976008791,1965,
14633056008809,1965,
14766870110031,1965,
14766870118299,1965,
14766870119081,1965,
14766870125047,1965,
14766871430057,1965,
14766871430107,1965,
14766871431600,1965,
14766876008700,1965,
14766876008726,1965,
15101570119669,1965,
15101570124040,1965,
15101570135467,1965,
15101571530302,1965,
15101571530310,1965,
15101571530492,1965,
15101571530500,1965,
15633130113027,1965,
15633136008817,1965,
15633136008833,1965,
15633136110464,1965,
15633210129171,1965,
15633210129189,1965,
15633210138149,1965,
15633210139808,1965,
15633216008841,1965,
15633216008858,1965,
15633216008866,1965,
15633216008874,1965,
15633216008882,1965,
15633216008890,1965,
15633216008916,1965,
15633216008924,1965,
15633216008932,1965,
15633216008940,1965,
15633216008957,1965,
15633216008965,1965,
15633216008973,1965,
15633216008981,1965,
15633216008999,1965,
15633216009005,1965,
15633216009013,1965,
15633216009021,1965,
15633216009047,1965,
15633216009062,1965,
15633216009070,1965,
15633216009088,1965,
15633216009096,1965,
15633216009104,1965,
15633216009120,1965,
15633216009138,1965,
15633216009146,1965,
15633216009153,1965,
15633216009161,1965,
15633216009179,1965,
15633216009187,1965,
15633216009195,1965,
15633216009203,1965,
15633216109052,1965,
15633216109060,1965,
15633216109078,1965,
15633216111264,1965,
15633216111900,1965,
15633216114284,1965,
15633216116719,1965,
15633390108589,1965,
15633396009211,1965,
15633396009229,1965,
15633396009237,1965,
15633546009252,1965,
15633620110775,1965,
15633620113951,1965,
15633620119099,1965,
15633620136713,1965,
15633620140731,1965,
15633626009260,1965,
15633626009922,1965,
15633626009930,1965,
15633626009948,1965,
15633626009955,1965,
15633626066674,1965,
15633626095012,1965,
15633626096986,1965,
15633626099428,1965,
15633626099436,1965,
15633626104632,1965,
15633626105423,1965,
15633626107619,1965,
15633626107627,1965,
15633626108187,1965,
15633626110001,1965,
15633626112262,1965,
15633626113401,1965,
15633626115257,1965,
15633626119994,1965,
15633706009278,1965,
15633886104772,1965,
15634040106575,1965,
15634040112185,1965,
15634040120139,1965,
15634040127712,1965,
15634046009344,1965,
15634046009351,1965,
15634046009369,1965,
15634046009377,1965,
15634046009393,1965,
15634046111355,1965,
15634046115471,1965,
15634046117915,1965,
15634120100529,1965,
15634120116384,1965,
15634121531656,1965,
15634121531672,1965,
15634206009419,1965,
15634386009435,1965,
15634386009443,1965,
15634466009450,1965,
15634610106690,1965,
15634610107987,1965,
15634610129130,1965,
15634616009500,1965,
15634796101588,1965,
15634796104004,1965,
15634796109987,1965,
15634796112783,1965,
15634796112791,1965,
15635030100685,1965,
15635030101014,1965,
15635030110767,1965,
15635030116715,1965,
15635030120865,1965,
15635030141903,1965,
15635036009559,1965,
15635036009567,1965,
15635036009583,1965,
15635036009591,1965,
15635036108468,1965,
15635036111157,1965,
15635036112270,1965,
15635290100198,1965,
15635290110999,1965,
15635290116392,1965,
15635290116400,1965,
15635290125062,1965,
15635290141101,1965,
15635291530021,1965,
15635291530047,1965,
15635291530112,1965,
15635291530252,1965,
15635291530344,1965,
15635291530369,1965,
15635291530385,1965,
15635291530476,1965,
15635291530708,1965,
15635291532290,1965,
15635291532605,1965,
15635291533330,1965,
15635291533538,1965,
15635291534775,1965,
15635291535087,1965,
15635291535392,1965,
15635291536325,1965,
15635291536606,1965,
15635606009674,1965,
15635606009682,1965,
15635606009690,1965,
15635606009708,1965,
15635780107771,1965,
15635780135186,1965,
15635786009989,1965,
15635786010003,1965,
15635786090591,1965,
15635946060420,1965,
15635946102792,1965,
15636106009732,1965,
15636280122853,1965,
15636280127209,1965,
15636280128504,1965,
15636280134312,1965,
15636280137687,1965,
15636280138131,1965,
15636281533843,1965,
15636286009740,1965,
15636696009781,1965,
15636770113837,1965,
15636770114512,1965,
15636770136259,1965,
15636776009799,1965,
15636776009823,1965,
15636776111272,1965,
15636930113738,1965,
15636936009914,1965,
15636936103493,1965,
15636936108575,1965,
15636936118681,1965,
15637196009963,1965,
15637500111245,1965,
15637506010029,1965,
15637506096127,1965,
15637506108781,1965,
15637506110431,1965,
15637506111686,1965,
15637506113484,1965,
15637506117717,1965,
15637506120398,1965,
15637686010037,1965,
15637760111377,1965,
15637761530039,1965,
15637761530377,1965,
15637761534957,1965,
15637766010045,1965,
15637766010052,1965,
15637846010060,1965,
15637926010078,1965,
15637926010086,1965,
15637926010094,1965,
15637926010102,1965,
15638006010110,1965,
15638006010128,1965,
15638006010136,1965,
15638006010144,1965,
15638006010151,1965,
15638006010169,1965,
15638260141663,1965,
15638261530245,1965,
15638261536135,1965,
15638266010201,1965,
15638266057426,1965,
15638266105415,1965,
15638266108898,1965,
15638346010227,1965,
15638346010235,1965,
15638420113167,1965,
15638420138701,1965,
15638426010243,1965,
15638426010250,1965,
15638426010268,1965,
15638426110340,1965,
15638591530351,1965,
15638591536440,1965,
15735446010011,1965,
15735446117816,1965,
15737421530054,1965,
15737421531367,1965,
15737426009294,1965,
15737426009310,1965,
15737426009328,1965,
15737426009609,1965,
15737426009617,1965,
15737426009625,1965,
15737426009633,1965,
15737426110712,1965,
15739080133504,1965,
15739081530146,1965,
15739081530229,1965,
15739081534155,1965,
15739086009757,1965,
15739086009765,1965,
15739086106306,1965,
15751681530401,1965,
15751686009468,1965,
15751686009476,1965,
16101651630102,1965,
16101656069298,1965,
16638750101717,1965,
16638750112698,1965,
16638756010276,1965,
16638756010284,1965,
16638836010292,1965,
16638836010300,1965,
16638836010318,1965,
16638836010326,1965,
16638910110858,1965,
16638910122820,1965,
16638911632140,1965,
16638911632207,1965,
16638916010334,1965,
16638916010342,1965,
16638916010359,1965,
16638916010367,1965,
16639170110981,1965,
16639176010391,1965,
16639176010409,1965,
16639176010417,1965,
16639176010425,1965,
16639176010433,1965,
16639176010458,1965,
16639176108815,1965,
16639176112379,1965,
16639176113609,1965,
16639176118459,1965,
16639176118798,1965,
16639250118919,1965,
16639251630151,1965,
16639251630169,1965,
16639251634245,1965,
16639251634401,1965,
16639336010466,1965,
16639416010474,1965,
16639580136556,1965,
16639586010482,1965,
16639586113120,1965,
16639666010508,1965,
16639740128702,1965,
16639740140368,1965,
16639746010532,1965,
16639746066666,1965,
16639746069140,1965,
16639746111934,1965,
16639746118590,1965,
16639820110205,1965,
16639820136234,1965,
16639821630011,1965,
16639821635606,1965,
16639900116699,1965,
16639906010557,1965,
16639906110233,1965,
16739321630078,1965,
16739321630185,1965,
16739321630953,1965,
16739326010565,1965,
16739326010573,1965,
16739326109888,1965,
16739326118566,1965,
17101730128231,1965,
17101731730167,1965,
17640140138537,1965,
17640141730043,1965,
17640141730159,1965,
17640141734359,1965,
17640146010607,1965,
17640146107791,1965,
17640146112759,1965,
17640220107706,1965,
17640220142158,1965,
17640221730027,1965,
17640221730118,1965,
17640221735000,1937,
17640226010615,1965,
17640226010623,1965,
17640226057434,1965,
17640226084990,1965,
17640226109706,1965,
17640300114215,1965,
17640301730019,1965,
17640301730142,1965,
17640301732304,1965,
17640306010631,1965,
17640306010649,1965,
17640486010656,1965,
17640550108340,1965,
17640550129601,1965,
17640551730035,1965,
17640551736008,1965,
17640556010672,1965,
17640556105456,1965,
17640556107049,1965,
17640556110761,1965,
17769761730050,1965,
17769761737006,1965,
17769766010680,1965,
17769766108773,1965,
18101816069934,1965,
18641056010730,1965,
18641136010748,1965,
18641390131953,1965,
18641391833805,1965,
18641391833813,1965,
18641626010789,1965,
18641706010797,1965,
18641960135756,1965,
18641966010813,1965,
18641966010821,1965,
18641966109748,1965,
18642041838507,1965,
18642046010847,1965,
18750366010763,1965,
19101990106880,1965,
19101990109660,1965,
19101990112128,1965,
19101990115030,1965,
19101990115212,1965,
19101990121772,1965,
19101990121822,1965,
19101990121871,1965,
19101990121905,1965,
19101990121921,1965,
19101990121939,1965,
19101990121954,1965,
19101990127498,1965,
19101990128025,1965,
19101990132605,1965,
19101990134346,1965,
19101990134361,1965,
19101990135368,1965,
19101990135582,1953,
19101990136119,1965,
19101990137166,1965,
19101990137679,1965,
19101990138669,1965,
19101990139170,1965,
19101990139345,1965,
19101990140681,1965,40000
19101990140772,1965,
19101990140798,1965,
19101990140962,1965,
19101991933399,1965,
19101991995869,1965,
19101991996214,1965,
19101996116883,1965,
19101996119945,1965,
19642460100081,1965,
19642460108407,1965,
19642460111872,1965,
19642460126003,1965,
19642461930213,1965,
19642461931732,1965,
19642461936624,1965,
19642461937051,1965,
19642461995398,1965,
19642461995406,1965,
19642461995844,1965,
19642461995968,1965,
19642461996537,1965,
19642461996644,1965,
19642611930288,1965,
19642611995299,1965,
19642616011134,1965,
19642616011159,1965,
19642616011167,1965,
19642616011175,1965,
19642616011183,1965,
19642616011191,1965,
19642616057467,1965,
19642616057475,1965,
19642616061246,1965,
19642791930528,1965,
19642791931765,1965,
19642791933449,1965,
19642796011233,1965,
19642796011241,1965,
19642796011274,1965,
19642796011290,1965,
19642796011316,1965,
19642796011332,1965,
19642796011340,1965,
19642871930601,1965,
19642871936384,1965,
19642871938166,1965,
19642871996479,1965,
19642876011373,1965,
19642876011381,1965,
19642876011399,1965,
19642876011407,1965,
19642876011423,1965,
19642876011431,1965,
19642876011449,1965,
19642876011456,1965,
19642876011472,1965,
19642876011498,1965,
19642876011506,1965,
19642876011514,1965,
19642876096135,1965,
19642951930700,1965,
19642951936491,1965,
19642956011530,1965,
19642956011563,1965,
19642956011571,1965,
19642956057483,1965,
19642956057491,1965,
19643030128306,1965,
19643031930775,1965,
19643031935618,1965,
19643031938190,1965,
19643031995679,1965,
19643036011605,1965,
19643036011613,1965,
19643036011621,1965,
19643036011639,1965,
19643036011647,1965,
19643036011654,1965,
19643036011696,1965,
19643036011704,1965,
19643036011712,1965,
19643036057517,1965,
19643111930981,1965,
19643111931021,1965,
19643116011746,1965,
19643116011753,1965,
19643116011761,1965,
19643116011779,1965,
19643291931088,1965,
19643291937598,1965,
19643291937739,1965,
19643291995893,1965,
19643296011787,1965,
19643296011795,1965,
19643296011803,1965,
19643296011811,1965,
19643296011829,1965,
19643296011837,1965,
19643296011845,1937,
19643296011860,1965,
19643296071385,1965,
19643296110035,1965,
19643370131573,1965,
19643371931187,1965,
19643371931237,1965,
19643371933332,1965,
19643371995877,1965,
19643371996230,1965,
19643376011878,1965,
19643376011886,1965,
19643376011894,1965,
19643376011910,1965,
19643376011928,1965,
19643376011951,1965,
19643376011969,1965,
19643376011993,1965,
19643376012009,1965,
19643376012017,1965,
19643376012025,1965,
19643376057525,1965,
19643376057533,1965,
19643376066724,1965,
19643450101600,1965,
19643456012033,1965,
19643456106215,1965,
19643456107353,1965,
19643520118521,1965,
19643521930239,1965,
19643521933951,1965,
19643521934926,1965,
19643521935048,1965,
19643941931807,1965,
19643941931823,1965,
19643946012157,1965,
19643946012165,1965,
19643946012173,1965,
19643946012181,1965,
19643946012199,1965,
19643946012207,1965,
19643946012215,1965,
19643946012223,1965,
19643946057541,1965,
19644360140525,1965,
19644361931617,1965,
19644361932086,1965,
19644361936418,1965,
19644366012439,1965,
19644366012447,1965,
19644366012470,1965,
19644366012512,1965,
19644366012538,1965,
19644366012546,1965,
19644366012553,1965,
19644366012561,1965,
19644366012587,1965,
19644366012595,1965,
19644366012611,1965,
19644366012645,1965,
19644441932201,1965,
19644446012660,1965,
19644446012678,1965,
19644446012686,1965,
19644446012694,1965,
19644446012702,1965,
19644446057608,1965,
19644690128736,1965,
19644690139535,1965,
19644691932482,1965,
19644691936079,1965,
19644696012926,1965,
19644696012934,1965,
19644696012942,1965,
19644696012959,1965,
19645016013130,1965,
19645016013148,1965,
19645016013155,1965,
19645016013163,1965,
19645016013171,1965,
19645016013189,1965,
19645016013197,1965,
19645016013205,1965,
19645016013221,1965,
19645016013247,1965,
19645016013254,1965,
19645016013262,1965,
19645016013270,1965,
19645016013288,1965,
19645016013296,1965,
19645191930320,1965,
19645191932664,1965,
19645191932680,1965,
19645191937481,1965,
19645191938919,1965,
19645191995661,1965,
19645191996123,1965,
19645271932698,1965,
19645271932706,1965,
19645276013304,1965,
19645276013312,1965,
19645276013338,1952,
19645276013353,1965,1090
19645276013379,1965,
19645276013387,1965,
19645276013403,1965,
19645276013411,1965,
19645276057681,1965,
19645276061287,1956,
19645276061295,1965,
19645500138172,1965,
19645506013510,1965,
19645506013528,1965,
19645506013536,1965,
19645506013544,1965,
19645506013551,1965,
19645506013585,1965,
19645506013593,1965,
19645506013601,1965,
19645506101497,1965,
19645506105886,1965,
19645681932144,1965,
19645681933472,1965,
19645681933530,1965,
19645681934082,1965,
19645681995497,1965,
19645681996131,1965,
19645681996156,1965,
19645686013619,1965,
19645686013627,1965,
19645686013635,1965,
19645686013643,1949,
19645686013650,1965,
19645686013676,1927,
19645686013684,1965,
19645686013692,1965,
19645686013718,1930,
19645686013726,1965,
19645686013734,1965,
19645686013742,1965,
19645686013767,1965,
19645686013775,1965,
19645686013783,1965,
19645686013809,1965,
19645686013817,1926,
19645686013825,1965,
19645686013833,1965,
19645686013841,1965,
19645686057715,1965,
19645686057723,1965,
19645686061303,1965,
19645686061311,1954,
19645686099022,1965,
19645761933597,1965,
19645761939677,1965,
19645766013866,1965,
19645766013882,1965,
19645766013908,1965,
19645766013916,1965,
19645766013924,1965,
19645766057731,1965,
19645766061329,1965,
19645841996305,1965,
19645920100354,1965,
19645926013957,1965,
19645926013965,1965,
19645926013973,1965,
19645926013981,1965,
19645926013999,1965,
19645926014013,1965,
19645926014021,1965,
19645926014039,1965,
19645926115265,1965,
19645926117246,1965,
19646000140582,1965,
19646006014047,1965,
19646006095434,1965,
19646266014427,1965,
19646340101667,1965,
19646340116822,1965,
19646340128991,1965,
19646341934231,1965,
19646341934249,1965,
19646341936046,1965,
19646341996529,1965,
19646341996586,1965,
19646346014435,1955,
19646346014443,1965,
19646346014450,1965,
19646346014476,1965,
19646346014492,1925,
19646346014518,1965,
19646346014534,1965,
19646346014542,1960,
19646346014559,1965,
19646346014575,1954,
19646346057749,1965,
19646346098768,1965,
19646420136127,1965,
19646591934611,1965,
19646596014633,1965,
19646596014658,1965,
19646596014666,1965,
19646670106070,1965,
19646670119313,1965,
19646670123174,1965,
19646670124099,1965,
19646670125559,1965,
19646670133462,1965,
19646670140863,1965,
19646670140970,1965,
19646671996420,1965,
19646676014674,1965,
19646676014682,1965,
19646676014690,1965,
19646676014708,1965,
19646676014716,1965,
19646676014724,1965,
19646676014740,1965,
19646676014757,1965,
19646676014765,1965,
19646676108393,1965,
19646676108401,1965,
19646676108419,1965,
19646676108526,1965,
19646676109276,1965,
19646676113294,1965,
19646676117022,1965,
19646830101154,1965,
19646830116129,1965,
19646830140996,1965,
19646831930080,1965,
19646831931781,1965,
19646836014781,1965,
19646836014799,1965,
19646836014807,1965,
19646836014815,1965,
19646836014823,1965,
19646836066765,1965,
19646836085658,1965,
19646836093025,1965,
19646836099030,1965,
19646836110563,1965,
19646910112144,1965,
19646911996438,1965,
19646916014831,1965,
19646916014856,1965,
19646916014898,1965,
19646916014906,1965,
19646916014914,1965,
19646916014922,1965,
19646916014930,1965,
19647090100602,1965,
19647090100610,1965,
19647090107508,1965,
19647091996313,1965,
19647096014948,1965,
19647096014955,1965,
19647096014963,1965,
19647096014971,1965,
19647096106736,1965,
19647176014997,1965,
19647176015036,1965,
19647176015044,1965,
19647176015051,1965,
19647176015069,1965,
19647176015077,1965,
19647176015085,1965,
19647176015093,1965,
19647176015101,1965,
19647250107458,1965,65000
19647250114603,1965,
19647250115535,1965,
19647250127381,1965,
19647250127506,1965,
19647250131938,1965,
19647250132324,1965,
19647250132381,1965,
19647250135525,1965,
19647251930411,1965,
19647251934470,1965,
19647251934678,1965,
19647251935758,1965,
19647251936947,1965,
19647251937176,1965,
19647251939875,1965,
19647251995539,1965,
19647251995570,1965,
19647251995935,1965,
19647251996503,1896,
19647256015119,1965,
19647256015135,1965,
19647256015143,1965,
19647256015150,1965,
19647256015168,1965,
19647256015184,1965,
19647256015192,1965,
19647256015200,1965,
19647256015242,1965,
19647256015259,1965,
19647256015267,1965,
19647256015275,1965,
19647256015283,1965,
19647256015309,1935,
19647256015317,1965,
19647256015325,1965,
19647256015333,1965,
19647256015341,1965,
19647256015358,1965,
19647256015366,1965,
19647256015374,1965,
19647256015382,1965,
19647256015408,1965,
19647256015416,1965,
19647256015424,1965,
19647256015432,1935,
19647256015440,1965,
19647256015457,1965,
19647256015465,1965,
19647256015473,1965,
19647256015481,1965,
19647256015499,1965,
19647256015507,1965,
19647256015515,1965,
19647256015531,1965,
19647256015549,1965,
19647256015556,1965,
19647256015572,1965,
19647256015580,1965,
19647256015598,1965,
19647256015606,1965,
19647256015614,1965,
19647256015622,1965,
19647256015648,1965,
19647256015663,1965,
19647256015671,1965,
19647256015689,1965,
19647256015697,1926,
19647256057780,1965,
19647256057798,1965,
19647256057806,1965,
19647256057814,1965,
19647256057822,1965,
19647256057830,1965,
19647256057848,1965,
19647256061337,1965,
19647256061345,1965,
19647256061360,1965,
19647256061378,1965,
19647256061386,1965,
19647256108013,1965,
19647256109292,1965,
19647256112056,1965,
19647256116933,1965,
19647330100289,1965,
19647330100669,1965,
19647330100677,1965,
19647330100800,1965,
19647330100867,1965,
19647330101329,1965,
19647330101444,1965,
19647330101618,1965,
19647330101659,1965,
19647330101675,1965,
19647330101683,1965,
19647330102137,1965,
19647330102335,1965,
19647330102426,1965,
19647330102434,1965,
19647330102442,1965,
19647330102483,1965,
19647330102491,1965,
19647330102541,1965,
19647330102764,1965,
19647330102913,1965,
19647330102921,1965,
19647330106351,1965,
19647330106427,1965,
19647330106831,1965,
19647330106849,1965,
19647330106864,1965,
19647330106872,1965,
19647330106914,1965,
19647330106922,1965,
19647330106930,1965,
19647330106948,1965,
19647330106955,1965,
19647330106971,1965,
19647330106989,1965,
19647330106997,1965,
19647330107003,1965,
19647330107011,1965,
19647330107755,1965,
19647330108886,1965,
19647330108894,1965,
19647330108910,1965,
19647330108928,1965,
19647330108936,1965,
19647330109181,1965,
19647330109199,1965,
19647330109207,1965,
19647330109223,1965,
19647330109231,1965,
19647330109249,1965,
19647330109256,1965,
19647330109264,1965,
19647330109272,1965,
19647330109280,1965,
19647330109298,1965,
19647330109306,1965,
19647330109314,1965,
19647330109322,1965,
19647330109330,1965,
19647330109348,1965,
19647330109355,1965,
19647330109363,1965,
19647330109371,1965,
19647330109389,1965,
19647330109397,1965,
19647330109405,1965,
19647330109413,1965,
19647330109421,1965,
19647330109439,1965,
19647330109447,1965,
19647330109454,1965,
19647330109462,1965,
19647330109512,1965,
19647330109884,1965,
19647330109934,1965,
19647330110304,1965,
19647330110668,1965,
19647330111211,1965,
19647330111484,1965,
19647330111492,1965,
19647330111500,1965,
19647330111518,1965,
19647330111575,1965,
19647330111583,1965,
19647330111625,1965,
19647330111641,1965,
19647330111658,1965,
19647330111955,1965,
19647330111971,1965,
19647330111989,1965,
19647330111997,1965,
19647330112003,1965,
19647330112011,1965,
19647330112029,1965,
19647330112037,1965,
19647330112045,1965,
19647330112052,1965,
19647330112060,1965,
19647330112201,1965,
19647330112235,1965,
19647330112508,1965,
19647330112870,1965,
19647330114199,1965,
19647330114850,1965,
19647330114884,1965,
19647330114959,1965,
19647330114967,1965,
19647330115048,1965,
19647330115113,1965,
19647330115139,1965,
19647330115253,1965,
19647330116509,1965,
19647330116954,1965,
19647330117028,1965,
19647330117036,1965,
19647330117044,1965,
19647330117051,1965,
19647330117069,1965,
19647330117598,1965,
19647330117606,1965,
19647330117614,1965,
19647330117622,1965,
19647330117648,1965,
19647330117655,1965,
19647330117721,1965,
19647330117747,1965,
19647330117762,1965,
19647330117846,1965,
19647330117895,1965,
19647330117903,1965,
19647330117911,1965,
19647330117978,1965,
19647330118588,1965,
19647330119685,1965,
19647330119693,1965,
19647330119701,1965,
19647330119727,1965,
19647330119735,1965,
19647330119966,1965,
19647330119982,1965,
19647330120014,1965,
19647330120022,1965,
19647330120030,1965,
19647330120071,1965,
19647330120097,1965,
19647330120360,1965,
19647330120477,1965,
19647330120527,1965,
19647330120808,1965,
19647330121079,1965,
19647330121095,1965,
19647330121103,1965,
19647330121137,1965,
19647330121285,1965,
19647330121293,1965,
19647330121699,1965,
19647330121707,1965,
19647330121848,1965,
19647330122101,1965,
19647330122119,1965,
19647330122127,1965,
19647330122135,1965,
19647330122143,1965,
19647330122150,1965,
19647330122168,1965,
19647330122176,1965,
19647330122184,1965,
19647330122192,1965,
19647330122200,1965,
19647330122218,1965,
19647330122226,1965,
19647330122234,1965,
19647330122242,1965,
19647330122333,1965,
19647330122341,1965,
19647330122358,1965,
19647330122366,1965,
19647330122374,1965,
19647330122382,1965,
19647330122390,1965,
19647330122408,1965,
19647330122416,1965,
19647330122481,1965,
19647330122556,1965,
19647330122564,1965,
19647330122606,1965,
19647330122614,1965,
19647330122622,1965,
19647330122630,1965,
19647330122655,1965,
19647330122721,1965,
19647330122739,1965,
19647330122747,1965,
19647330122754,1965,
19647330122838,1965,
19647330122861,1965,
19647330123133,1965,
19647330123141,1965,
19647330123158,1965,
19647330123166,1965,
19647330123984,1965,
19647330123992,1965,
19647330124008,1965,
19647330124016,1965,
19647330124198,1965,
19647330124222,1965,
19647330124362,1965,
19647330124370,1965,
19647330124388,1965,
19647330124396,1965,
19647330124404,1965,
19647330124412,1965,
19647330124453,1965,
19647330124479,1965,
19647330124487,1965,
19647330124495,1965,
19647330124503,1965,
19647330124511,1965,
19647330124529,1965,
19647330124560,1965,
19647330124784,1965,
19647330124792,1965,
19647330124800,1965,
19647330124818,1965,
19647330124826,1965,
19647330124891,1965,
19647330124933,1965,
19647330124941,1965,
19647330125096,1965,
19647330125609,1965,
19647330125625,1965,
19647330125641,1965,
19647330125864,1965,
19647330125971,1965,
19647330125989,1965,
19647330126136,1965,
19647330126169,1965,
19647330126177,1965,
19647330126193,1965,
19647330126375,1965,
19647330126383,1965,
19647330126391,1965,
19647330126409,1965,
19647330126417,1965,
19647330126425,1965,
19647330126433,1965,
19647330126441,1965,
19647330126458,1965,
19647330126466,1965,
19647330126474,1965,
19647330126482,1965,
19647330126516,1965,
19647330126524,1965,
19647330126532,1965,
19647330126540,1965,
19647330126557,1965,
19647330126573,1965,
19647330126581,1965,
19647330126599,1965,
19647330126607,1965,
19647330126615,1965,
19647330126623,1965,
19647330126797,1965,
19647330127670,1965,
19647330127787,1965,
19647330127795,1965,
19647330127803,1965,
19647330127886,1965,
19647330127894,1965,
19647330127910,1965,
19647330127985,1965,
19647330128009,1965,
19647330128033,1965,
19647330128041,1965,
19647330128058,1965,
19647330128132,1965,
19647330128371,1965,
19647330128512,1965,
19647330128710,1965,
19647330129270,1965,
19647330129460,1965,
19647330129536,1965,
19647330129585,1965,
19647330129593,1965,
19647330129619,1965,
19647330129627,1965,
19647330129650,1965,
19647330129833,1965,
19647330129858,1965,
19647330129866,1965,
19647330130997,1965,
19647330131466,1965,
19647330131722,1965,
19647330131771,1965,
19647330131797,1965,
19647330131821,1965,
19647330131904,1965,
19647330132027,1965,
19647330132084,1965,
19647330132126,1965,
19647330132282,1965,
19647330132928,1965,
19647330133272,1965,
19647330133280,1965,
19647330133298,1965,
19647330133603,1965,
19647330133686,1965,
19647330133694,1965,
19647330133702,1965,
19647330133710,1965,
19647330133736,1965,
19647330133744,1965,
19647330133868,1965,
19647330134023,1965,
19647330134205,1965,
19647330135509,1965,
19647330135517,1965,
19647330135616,1965,
19647330135632,1965,
19647330135681,1965,
19647330135707,1965,
19647330135715,1965,
19647330135723,1965,
19647330135855,1965,
19647330135921,1965,
19647330135954,1965,
19647330135996,1965,
19647330136986,1965,
19647330136994,1965,
19647330137083,1965,
19647330137091,1965,
19647330137463,1965,
19647330137471,1965,
19647330137513,1965,
19647330137521,1965,
19647330137562,1965,
19647330137604,1965,
19647330138305,1965,
19647330138883,1965,
19647330139071,1965,
19647330139089,1965,
19647330139097,1965,
19647330139121,1965,
19647330139832,1965,
19647330140004,1965,
19647330140046,1965,
19647330140111,1965,
19647330140129,1965,
19647330140749,1965,
19647330141481,1965,
19647330141523,1965,
19647330141531,1965,
19647330141549,1965,
19647330141556,1965,
19647330141564,1965,
19647330141572,1965,
19647330141630,1965,
19647331930064,1965,
19647331930296,1965,
19647331930387,1965,
19647331930403,1965,
19647331930429,1965,
19647331930486,1965,
19647331930551,1965,
19647331930577,1965,
19647331930619,1965,
19647331930650,1965,
19647331930692,1965,
19647331930734,1965,
19647331930783,1965,
19647331930791,1965,
19647331930866,1965,
19647331930924,1965,
19647331930940,1965,
19647331930973,1965,
19647331931047,1965,
19647331931054,1965,
19647331931070,1965,
19647331931336,1965,
19647331931377,1965,
19647331931385,1965,
19647331931393,1965,
19647331931435,1965,
19647331931450,1965,
19647331931468,1965,
19647331931476,1965,
19647331931484,1965,
19647331931500,1965,
19647331931518,1965,
19647331931526,1965,
19647331931534,1965,
19647331931559,1965,
19647331931633,1965,
19647331931682,1965,
19647331931690,1965,
19647331931708,1965,
19647331931716,1965,
19647331931856,1965,
19647331931864,1965,
19647331931930,1965,
19647331931955,1965,
19647331931971,1965,
19647331931989,1965,
19647331931997,1965,
19647331932128,1965,
19647331932250,1965,
19647331932318,1965,
19647331932334,1965,
19647331932342,1965,
19647331932383,1965,
19647331932540,1965,
19647331932623,1965,
19647331932821,1965,
19647331932847,1965,
19647331932888,1965,
19647331932896,1965,
19647331932920,1965,
19647331932987,1965,
19647331933001,1965,
19647331933043,1965,
19647331933118,1965,
19647331933233,1965,
19647331933241,1965,
19647331933381,1965,
19647331933746,1965,
19647331933795,1965,
19647331933852,1965,
19647331934033,1965,
19647331934157,1965,
19647331934371,1965,
19647331934454,1965,
19647331935121,1965,
19647331935352,1965,
19647331935519,1965,
19647331935568,1965,
19647331935717,1965,
19647331935865,1965,
19647331936160,1965,
19647331936350,1965,
19647331937085,1965,
19647331937226,1965,
19647331937424,1965,
19647331937622,1965,
19647331937838,1965,
19647331938307,1965,
19647331938554,1965,
19647331938612,1965,
19647331938885,1965,
19647331938968,1965,
19647331939040,1965,
19647331939107,1965,
19647331939305,1965,
19647331939479,1965,
19647331939784,1965,
19647331939859,1965,
19647331939941,1965,
19647331995448,1965,
19647331995794,1965,
19647331995836,1965,
19647331996073,1965,
19647331996115,1965,
19647331996610,1965,
19647331996651,1965,
19647336015705,1965,
19647336015713,1965,
19647336015721,1965,
19647336015739,1965,
19647336015747,1965,
19647336015754,1965,
19647336015762,1965,
19647336015770,1965,
19647336015796,1965,
19647336015804,1965,
19647336015812,1965,
19647336015820,1965,
19647336015838,1965,
19647336015846,1965,
19647336015853,1965,
19647336015861,1965,
19647336015879,1965,
19647336015887,1965,
19647336015895,1965,
19647336015903,1965,
19647336015929,1965,
19647336015945,1965,
19647336015952,1965,
19647336015960,1965,
19647336015978,1965,
19647336015986,1965,
19647336015994,1965,
19647336016018,1965,
19647336016026,1965,
19647336016034,1965,
19647336016042,1965,
19647336016059,1965,
19647336016067,1965,
19647336016075,1965,
19647336016083,1965,
19647336016091,1965,
19647336016109,1965,
19647336016117,1965,
19647336016125,1965,
19647336016133,1965,
19647336016141,1965,
19647336016158,1965,
19647336016166,1965,
19647336016174,1965,
19647336016182,1965,
19647336016208,1965,
19647336016216,1965,
19647336016224,1965,
19647336016232,1965,
19647336016240,1965,
19647336016257,1965,
19647336016265,1965,
19647336016273,1965,
19647336016281,1965,
19647336016299,1965,
19647336016307,1965,
19647336016315,1965,
19647336016323,1965,
19647336016331,1965,
19647336016349,1965,
19647336016356,1965,
19647336016364,1965,
19647336016372,1965,
19647336016380,1965,
19647336016398,1965,
19647336016406,1965,
19647336016414,1965,
19647336016422,1965,
19647336016430,1965,
19647336016448,1965,
19647336016455,1965,
19647336016463,1965,
19647336016471,1965,
19647336016489,1965,
19647336016497,1965,
19647336016505,1965,
19647336016513,1965,
19647336016521,1965,
19647336016539,1965,
19647336016547,1965,
19647336016554,1965,
19647336016562,1965,
19647336016570,1965,
19647336016604,1965,
19647336016612,1965,
19647336016620,1965,
19647336016638,1965,
19647336016646,1965,
19647336016653,1965,
19647336016661,1965,
19647336016679,1965,
19647336016687,1965,
19647336016695,1965,
19647336016703,1965,
19647336016711,1965,
19647336016729,1965,
19647336016737,1965,
19647336016745,1965,
19647336016752,1965,
19647336016778,1965,
19647336016786,1965,
19647336016794,1965,
19647336016802,1965,
19647336016810,1965,
19647336016828,1965,
19647336016836,1965,
19647336016844,1965,
19647336016851,1965,
19647336016869,1965,
19647336016877,1965,
19647336016885,1965,
19647336016893,1965,
19647336016901,1965,
19647336016935,1965,
19647336016943,1965,
19647336016950,1965,
19647336016968,1965,
19647336016976,1965,
19647336016984,1965,
19647336016992,1965,
19647336017008,1965,
19647336017024,1965,
19647336017032,1965,
19647336017040,1965,
19647336017057,1965,
19647336017065,1965,
19647336017073,1965,
19647336017081,1965,
19647336017099,1965,
19647336017115,1965,
19647336017123,1965,
19647336017131,1965,
19647336017149,1965,
19647336017156,1965,
19647336017164,1965,
19647336017172,1965,
19647336017180,1965,
19647336017198,1965,
19647336017206,1965,
19647336017214,1965,
19647336017222,1965,
19647336017230,1965,
19647336017248,1965,
19647336017255,1965,
19647336017263,1965,
19647336017271,1965,
19647336017289,1965,
19647336017297,1965,
19647336017305,1965,
19647336017313,1965,
19647336017321,1965,
19647336017339,1965,
19647336017347,1965,
19647336017354,1965,
19647336017362,1965,
19647336017388,1965,
19647336017396,1965,
19647336017404,1965,
19647336017412,1965,
19647336017420,1965,
19647336017438,1965,
19647336017446,1965,
19647336017453,1965,
19647336017461,1965,
19647336017479,1965,
19647336017487,1965,
19647336017495,1965,
19647336017503,1965,
19647336017511,1965,
19647336017529,1965,
19647336017537,1965,
19647336017545,1965,
19647336017552,1965,
19647336017586,1965,
19647336017594,1965,
19647336017602,1965,
19647336017610,1965,
19647336017628,1965,
19647336017636,1965,
19647336017644,1965,
19647336017651,1965,
19647336017669,1965,
19647336017677,1965,
19647336017685,1965,
19647336017693,1965,
19647336017701,1965,
19647336017719,1965,
19647336017727,1965,
19647336017735,1965,
19647336017743,1965,
19647336017750,1965,
19647336017768,1965,
19647336017776,1965,
19647336017784,1965,
19647336017792,1965,
19647336017800,1965,
19647336017818,1965,
19647336017826,1965,
19647336017834,1965,
19647336017842,1965,
19647336017859,1965,
19647336017867,1965,
19647336017875,1965,
19647336017883,1965,
19647336017891,1965,
19647336017909,1965,
19647336017917,1965,
19647336017925,1965,
19647336017933,1965,
19647336017941,1965,
19647336017958,1965,
19647336017966,1965,
19647336017974,1965,
19647336017982,1965,
19647336017990,1965,
19647336018006,1965,
19647336018014,1965,
19647336018022,1965,
19647336018030,1965,
19647336018048,1965,
19647336018055,1965,
19647336018063,1965,
19647336018071,1965,
19647336018089,1965,
19647336018097,1965,
19647336018105,1965,
19647336018113,1965,
19647336018121,1965,
19647336018139,1965,
19647336018147,1965,
19647336018154,1965,
19647336018162,1965,
19647336018170,1965,
19647336018188,1965,
19647336018196,1965,
19647336018204,1965,
19647336018212,1965,
19647336018220,1965,
19647336018238,1965,
19647336018246,1965,
19647336018253,1965,
19647336018261,1965,
19647336018279,1965,
19647336018287,1965,
19647336018295,1965,
19647336018303,1965,
19647336018311,1965,
19647336018337,1965,
19647336018345,1965,
19647336018352,1965,
19647336018360,1965,
19647336018378,1965,
19647336018386,1965,
19647336018394,1965,
19647336018402,1965,
19647336018410,1965,
19647336018428,1965,
19647336018436,1965,
19647336018444,1965,
19647336018469,1965,
19647336018477,1965,
19647336018485,1965,
19647336018493,1965,
19647336018501,1965,
19647336018519,1965,
19647336018527,1965,
19647336018535,1965,
19647336018543,1965,
19647336018550,1965,
19647336018568,1965,
19647336018576,1965,
19647336018592,1965,
19647336018618,1965,
19647336018626,1965,
19647336018634,1965,
19647336018642,1965,
19647336018659,1965,
19647336018667,1965,
19647336018675,1965,
19647336018683,1965,
19647336018691,1965,
19647336018709,1965,
19647336018717,1965,
19647336018725,1965,
19647336018741,1965,
19647336018758,1965,
19647336018766,1965,
19647336018774,1965,
19647336018790,1965,
19647336018808,1965,
19647336018816,1965,
19647336018824,1965,
19647336018832,1965,
19647336018840,1965,
19647336018857,1965,
19647336018873,1965,
19647336018881,1965,
19647336018907,1965,
19647336018915,1965,
19647336018923,1965,
19647336018931,1965,
19647336018949,1965,
19647336018956,1965,
19647336018964,1965,
19647336018972,1965,
19647336018980,1965,
19647336018998,1965,
19647336019004,1965,
19647336019012,1965,
19647336019020,1965,
19647336019038,1965,
19647336019046,1965,
19647336019053,1965,
19647336019061,1965,
19647336019079,1965,
19647336019087,1965,
19647336019095,1965,
19647336019111,1965,
19647336019129,1965,
19647336019137,1965,
19647336019145,1965,
19647336019152,1965,
19647336019160,1965,
19647336019178,1965,
19647336019186,1965,
19647336019194,1965,
19647336019202,1965,
19647336019210,1965,
19647336019228,1965,
19647336019236,1965,
19647336019244,1965,
19647336019251,1965,
19647336019269,1965,
19647336019277,1965,
19647336019285,1965,
19647336019293,1965,
19647336019301,1965,
19647336019319,1965,
19647336019327,1965,
19647336019335,1965,
19647336019343,1965,
19647336019350,1965,
19647336019368,1965,
19647336019376,1965,
19647336019384,1965,
19647336019392,1965,
19647336019400,1965,
19647336019418,1965,
19647336019426,1965,
19647336019434,1965,
19647336019442,1965,
19647336019459,1965,
19647336019467,1965,
19647336019475,1965,
19647336019483,1965,
19647336019491,1965,
19647336019509,1965,
19647336019517,1965,
19647336019525,1965,
19647336019533,1965,
19647336019541,1965,
19647336019558,1965,
19647336019566,1965,
19647336019574,1965,
19647336019582,1965,
19647336019590,1965,
19647336019608,1965,
19647336019616,1965,
19647336019624,1965,
19647336019632,1965,
19647336019640,1965,
19647336019657,1965,
19647336019665,1965,
19647336019673,1965,
19647336019681,1965,
19647336019699,1965,
19647336019707,1965,
19647336019715,1965,
19647336019723,1965,
19647336019731,1965,
19647336019749,1965,
19647336019756,1965,
19647336019764,1965,
19647336019772,1965,
19647336019780,1965,
19647336019798,1965,
19647336019806,1965,
19647336019814,1965,
19647336019822,1965,
19647336019830,1965,
19647336019848,1965,
19647336019855,1965,
19647336019863,1965,
19647336019871,1965,
19647336019889,1965,
19647336019905,1965,
19647336019913,1965,
19647336019921,1965,
19647336019939,1965,
19647336019947,1965,
19647336019954,1965,
19647336019962,1965,
19647336019970,1965,
19647336019988,1965,
19647336019996,1965,
19647336020002,1965,
19647336020010,1965,
19647336020028,1965,
19647336020036,1965,
19647336020044,1965,
19647336020051,1965,
19647336020069,1965,
19647336057855,1965,
19647336057871,1965,
19647336057889,1965,
19647336057897,1965,
19647336057905,1965,
19647336057913,1965,
19647336057921,1965,
19647336057939,1965,
19647336057947,1965,
19647336057954,1965,
19647336057962,1965,
19647336057988,1965,
19647336057996,1965,
19647336058002,1965,
19647336058028,1965,
19647336058036,1965,
19647336058044,1965,
19647336058051,1965,
19647336058069,1965,
19647336058077,1965,
19647336058085,1965,
19647336058093,1965,
19647336058101,1965,
19647336058127,1965,
19647336058135,1965,
19647336058143,1965,
19647336058150,1965,
19647336058168,1965,
19647336058176,1965,
19647336058184,1965,
19647336058192,1965,
19647336058200,1965,
19647336058218,1965,
19647336058226,1965,
19647336058242,1965,
19647336058267,1965,
19647336058275,1965,
19647336058283,1965,
19647336058291,1965,
19647336058309,1965,
19647336058317,1965,
19647336058325,1965,
19647336058333,1965,
19647336058341,1965,
19647336058358,1965,
19647336058366,1965,
19647336058374,1965,
19647336058382,1965,
19647336060461,1965,
19647336060495,1965,
19647336060503,1965,
19647336060511,1965,
19647336060529,1965,
19647336060545,1965,
19647336060578,1965,
19647336060586,1965,
19647336061394,1965,
19647336061402,1965,
19647336061410,1965,
19647336061436,1965,
19647336061444,1965,
19647336061451,1965,
19647336061469,1965,
19647336061477,1965,
19647336061485,1965,
19647336061501,1965,
19647336061519,1965,
19647336061527,1965,
19647336061535,1965,
19647336061543,1965,
19647336061550,1965,
19647336061568,1965,
19647336061576,1965,
19647336061584,1965,
19647336061600,1965,
19647336062699,1965,
19647336066278,1965,
19647336066286,1965,
19647336066294,1965,
19647336068431,1965,
19647336069157,1965,
19647336071435,1965,
19647336071443,1965,
19647336089700,1965,
19647336094726,1965,
19647336097927,1965,
19647336100069,1965,
19647336104814,1965,
19647336104822,1965,
19647336107064,1965,
19647336107403,1965,
19647336107411,1965,
19647336108641,1965,
19647336110266,1965,
19647336110274,1965,
19647336110951,1965,
19647336110969,1965,
19647336110977,1965,
19647336111512,1965,
19647336112411,1965,
19647336113419,1965,
19647336114722,1965,
19647336114912,1965,
19647336115794,1965,
19647336116750,1965,
19647336116842,1965,
19647336117667,1965,
19647336118186,1965,
19647336119044,1965,
19647336119093,1965,
19647336119531,1965,
19647336119903,1965,
19647336120471,1965,
19647336120489,1965,
19647336120679,1965,
19647336120794,1965,
19647336120810,1965,
19647586020077,1965,
19647586020085,1965,
19647586020093,1965,
19647586020101,1965,
19647740107912,1965,
19647740108381,1965,
19647740108399,1965,
19647740109538,1965,
19647740114777,1965,
19647741935428,1965,
19647741935436,1965,
19647746020234,1965,
19647746020242,1965,
19647746020259,1965,
19647746020267,1965,
19647746020275,1965,
19647746020283,1965,
19647746020291,1965,
19647746020309,1965,
19647746020317,1965,
19647746115539,1965,
19647746116685,1965,
19647901935899,1965,
19647901935923,1965,
19647901996404,1965,
19647906020424,1965,
19647906020432,1965,
19647906020457,1965,
19647906020465,1965,
19647906020473,1965,
19647906020481,1965,
19647906020499,1912,
19648166020697,1965,
19648166020721,1965,
19648166020747,1965,
19648166020754,1965,
19648166020762,1965,
19648166020770,1965,
19648166020788,1965,
19648166105407,1965,
19648320100636,1965,
19648320100644,1965,
19648320108027,1965,
19648326020796,1965,
19648326020804,1965,
19648326020812,1965,
19648326066773,1965,
19648326095442,1965,
19648326107171,1965,
19648326113047,1965,
19648401933647,1965,
19648401934728,1965,
19648401936467,1965,
19648401936475,1965,
19648406020838,1965,
19648406020846,1965,
19648406020887,1965,
19648406020895,1965,
19648406020903,1965,
19648406020911,1965,
19648406020929,1965,
19648406020937,1965,
19648406020945,1965,
19648406020952,1965,
19648406020994,1965,
19648406021000,1965,
19648406021018,1965,
19648406021026,1965,
19648406021034,1965,
19648406021042,1965,
19648406021075,1965,
19648406021083,1965,
19648406021091,1965,
19648406021125,1965,
19648406021133,1965,
19648570102269,1965,
19648570105981,1965,
19648570112714,1965,
19648570116558,1965,
19648570124156,1965,
19648570125377,1965,
19648570126268,1965,
19648570129973,1965,
19648570133173,1965,
19648570133611,1965,
19648570135301,1965,
19648576021141,1965,
19648576021158,1965,
19648576021190,1965,
19648576021208,1965,
19648576105613,1965,
19648576105621,1965,
19648576106793,1965,
19648576106900,1965,
19648576107635,1965,
19648576108609,1965,
19648576108625,1965,
19648576108633,1965,
19648576111538,1965,
19648576111546,1965,
19648576113906,1965,
19648576115273,1965,
19648576115281,1965,
19648576118749,1965,
19648576119143,1965,
19648650141002,1965,
19648651933308,1965,
19648651995588,1965,
19648651996552,1965,
19648656021240,1965,
19648656021257,1965,
19648656021273,1965,
19648656021299,1965,
19648656021307,1965,
19648656021315,1965,
19648656021323,1965,
19648656021331,1965,
19648656021349,1965,
19648656021356,1965,
19648656021372,1965,
19648656116172,1965,
19648656117584,1965,
19648730102681,1965,
19648730108779,1965,
19648730119438,1965,
19648730119446,1965,
19648730136705,1965,
19648730141739,1965,
19648731936749,1965,
19648731936756,1965,
19648731996107,1965,
19648736021380,1965,
19648736021398,1965,
19648736021414,1965,
19648736021430,1965,
19648736021448,1965,
19648736021455,1965,
19648736021463,1965,
19648736021471,1965,
19648736021489,1965,
19648736114615,1965,
19648736117444,1965,
19648810113464,1965,
19648810113472,1965,
19648810113894,1965,
19648810117440,1965,
19648810118075,1965,
19648810127746,1965,
19648810136945,1965,
19648811931062,1965,
19648811931674,1965,
19648811932409,1965,
19648811936103,1965,
19648811936806,1965,
19648811936822,1965,
19648816021505,1965,
19648816021554,1965,
19648816021570,1965,
19648816021612,1965,
19648816021620,1965,
19648816021679,1965,
19648816021687,1965,
19648816021729,1965,
19648816021737,1965,
19648816021752,1965,
19648816021760,1965,
19648816021778,1965,
19648816058465,1965,
19648816119549,1965,
19648816120265,1965,
19649070111047,1965,
19649070111054,1965,
19649071933175,1965,
19649071933324,1965,
19649071936772,1965,
19649071937028,1965,
19649071995547,1965,
19649071995901,1965,
19649071996495,1965,
19649076021786,1965,
19649076021794,1965,
19649076021802,1965,
19649076021836,1965,
19649076021851,1965,
19649076021869,1965,
19649076021877,1965,
19649076021885,1965,
19649076021893,1965,
19649076021901,1965,
19649076021927,1965,
19649076021935,1965,
19649076021943,1965,
19649076021950,1965,
19649076021968,1965,
19649076021976,1965,
19649076058507,1965,
19649076058515,1965,
19649076058523,1965,
19649076061634,1965,
19649076066781,1965,
19649076068787,1965,
19649076101133,1965,
19649076108914,1965,
19649076108922,1965,
19649076120653,1965,
19649316022164,1965,
19649316022172,1965,
19649316022180,1965,
19649316022198,1965,
19649316022206,1965,
19649641937754,1965,
19649646022495,1965,
19649646022503,1965,
19649646022529,1965,
19649800139311,1965,
19649801933373,1965,
19649801938000,1965,
19649801995737,1965,
19649806022545,1965,
19649806022552,1965,
19649806022560,1965,
19649806022578,1965,
19649806022594,1965,
19649806022602,1965,
19649806022610,1965,
19649806022636,1965,
19649806022644,1965,
19649806058531,1965,
19649806061659,1965,
19649806093538,1965,
19649980108597,1965,
19649980119230,1965,
19649986022651,1965,
19649986022669,1965,
19649986022685,1965,
19649986022693,1965,
19649986022701,1965,
19649986022727,1965,
19649986068860,1965,
19649986106876,1965,
19649986107924,1965,
19649986112528,1965,
19649986115513,1965,
19649986116495,1965,
19649986120257,1965,
19650291938455,1965,
19650296022768,1965,
19650296022776,1965,
19650296022784,1965,
19650296058556,1965,
19650376022800,1965,
19650376022818,1965,
19650376022826,1965,
19650376022834,1965,
19650376022842,1965,
19650376022859,1965,
19650450116616,1965,
19650456022677,1965,
19650456022883,1965,
19650456022891,1965,
19650456022917,1965,
19650456066807,1965,
19650456071682,1965,3000
19650456107205,1965,
19650456120513,1965,
19650521938679,1965,
19650521995745,1965,
19650521995976,1965,
19650526022925,1965,
19650526022933,1965,
19650526022941,1965,
19650526022958,1965,
19650526022966,1965,
19650600110320,1965,
19650601936277,1965,
19650601938083,1965,
19650601938356,1965,
19650601938752,1965,
19650601939602,1965,
19650606022974,1965,
19650606022982,1965,
19650606022990,1965,
19650606023006,1965,
19650606023014,1965,
19650606023022,1965,
19650606023030,1965,
19650606023063,1965,
19650606023071,1965,
19650606023089,1965,
19650606023105,1965,
19650606023121,1965,
19650606023147,1965,
19650606023162,1965,
19650606023170,1965,
19650606023196,1965,
19650606023220,1965,
19650606023238,1965,
19650606023261,1965,
19650606023279,1965,
19650606023287,1965,
19650606023295,1965,
19650606023303,1965,
19650606023329,1965,
19650606068878,1965,
19650786023337,1965,
19650786023345,1965,
19650940112706,1965,
19650940116566,1965,
19650940122432,1965,
19650940137042,1965,
19650941938513,1965,
19650941939537,1965,
19650946023410,1965,
19650946023428,1965,
19650946023477,1965,
19650946023485,1965,
19650946023493,1965,
19650946023501,1965,
19650946023519,1965,
19650946023527,1965,
19650946023535,1965,
19650946023543,1965,
19650946107296,1965,
19651020101543,1965,
19651020110098,1965,
19651020125690,1965,
19651026023568,1965,
19651026023576,1965,
19651026023584,1965,
19651026023592,1965,
19651026071690,1965,
19651026108245,1965,
19651026109664,1965,
19651026110837,1965,
19651026111520,1965,
19651100126953,1965,
19651106023626,1965,
19651106023634,1965,
19651106023659,1965,
19651106023667,1965,
19651106023675,1965,
19651106023683,1965,
19651106023691,1965,
19651106023709,1965,
19651106023717,1965,
19651106023725,1965,
19651106023733,1965,
19651360101022,1965,
19651360102459,1965,
19651360102467,1965,
19651360102475,1965,
19651360114439,1965,
19651360117234,1965,
19651360138727,1965,
19651361931492,1965,
19651361931740,1965,
19651361932532,1965,
19651361933902,1965,
19651361934421,1965,
19651361995802,1965,
19651361996263,1965,
19651361996321,1965,
19651366058564,1965,
19651366058572,1965,
19651366058580,1965,
19651366111926,1965,
19734370115725,1965,
19734370118760,1965,
19734370132845,1965,
19734370132969,1965,
19734370134338,1965,
19734370137240,1965,
19734370137893,1965,
19734370137984,1965,
19734370140533,1965,
19734370141648,1965,
19734371931567,1965,
19734371931963,1965,
19734371932326,1965,
19734371995695,1965,
19734371996040,1965,
19734371996057,1965,
19734376012231,1965,
19734376012256,1965,
19734376012264,1965,
19734376012272,1965,
19734376012280,1965,
19734376012298,1965,
19734376012306,1965,
19734376012314,1965,
19734376012322,1965,
19734376012348,1965,
19734376012355,1965,
19734376012389,1965,
19734376012397,1965,
19734376012405,1965,
19734376012413,1965,
19734376013478,1965,
19734376013494,1965,
19734376023741,1965,
19734376023758,1965,
19734376023782,1965,
19734376057558,1965,
19734376057566,1965,
19734376057582,1965,
19734376057590,1965,
19734376061279,1965,
19734376066732,1965,
19734376114441,1965,
19734376120877,1965,
19734450122465,1965,
19734450125351,1965,
19734451933316,1965,
19734451934801,1965,
19734451935246,1965,
19734451938935,1965,
19734451939834,1965,
19734451939925,1965,
19734451996560,1965,
19734456014112,1965,
19734456014120,1965,
19734456014138,1965,
19734456014153,1965,
19734456014179,1965,
19734456014203,1965,
19734456014237,1965,
19734456014252,1965,
19734456014260,1965,
19734456014278,1965,
19734456014286,1965,
19734456014294,1965,
19734456014302,1965,
19734456014310,1965,
19734456014328,1965,
19734456014336,1965,
19734456014351,1965,
19734456014369,1965,
19734456014377,1965,
19734456014385,1965,
19734456014419,1965,
19734456022263,1965,
19734456022396,1965,
19734456066757,1965,
19734456068811,1965,
19734456069710,1965,
19734520111070,1965,
19734520120600,1965,
19734520125005,1965,
19734520141465,1965,
19734521930106,1965,
19734521936228,1965,
19734521937564,1965,
19734521995943,1965,
19734526022214,1965,
19734526022222,1965,
19734526022248,1965,
19734526022271,1965,
19734526022289,1965,
19734526022297,1965,
19734526022305,1965,
19734526022321,1965,
19734526022347,1965,
19734526022354,1965,
19734526022362,1965,
19734526022388,1965,
19734526022404,1965,
19734526022412,1965,
19734526103352,1965,
19734601932862,1965,
19734601937747,1965,
19734601939149,1965,
19734606023352,1965,
19734606023360,1965,
19734606023378,1965,
19734606023386,1965,
19734606023402,1965,
19734606095467,1965,
19734606096358,1965,
19734606100309,1965,
19734606106918,1965,
19734606108336,1965,
19734606108344,1965,
19752911995810,1965,
19752911996016,1965,
19752911996081,1965,
19752916022420,1965,
19752916022438,1965,
19752916022453,1965,
19752916022461,1965,
19752916022479,1965,
19752916022487,1965,
19753090127100,1965,
19753090131383,1965,
19753090131987,1965,
19753090132654,1965,
19753090134619,1965,
19753090135145,1965,
19753090136531,1965,
19753090136648,1965,
19753090137703,1965,
19753090137786,1965,
19753090138297,1965,
19753091995786,1965,
19753096107494,1965,
19753096115679,1965,
19753331935808,1965,
19753336020325,1965,
19753336020358,1965,
19753336020390,1965,
19753336020408,1965,
19753336020416,1965,
19753336115307,1965,
19753410116285,1965,
19753410141721,1965,
19753411937143,1965,
19753411995752,1965,
19753416021992,1965,
19753416022008,1965,
19753416022024,1965,
19753416022032,1965,
19753416022081,1965,
19753416022099,1965,
19753416022107,1965,
19753416022115,1965,
19753416022149,1965,
19753416022156,1965,
19756636120158,1965,
19757131930163,1965,
19757131934553,1965,
19757131937697,1965,
19757136011001,1965,
19757136011019,1965,
19757136011027,1965,
19757136011035,1965,
19757136011043,1965,
19757136011050,1965,
19757136011068,1965,
19757136011076,1965,
19757136011084,1965,
19757136011092,1965,
19757136011100,1965,
19757136011118,1965,
19757136011126,1965,
19768690119016,1965,
19768690119636,1965,
19768690128728,1965,
19768690131128,1965,
19768690138545,1965,
19768696023808,1965,
19768696023816,1965,
19768696023824,1965,
19772890109942,1965,
20102070117184,1965,
20102072030153,1965,
20102072030229,1965,
20102076077200,1965,
20651776023865,1965,
20651776023923,1965,
20651850129015,1965,
20651856024087,1965,
20651856024111,1965,
20651856101521,1965,
20651856113922,1965,
20652012030047,1965,
20652430100016,1965,
20652430107938,1965,
20652430109694,1965,
20652430109702,1965,
20652430110957,1965,
20652430110965,1965,
20652430113050,1965,
20652430116970,1965,
20652430118950,1965,
20652430123620,1965,
20652430129544,1965,
20652430131086,1965,
20652430134510,1965,5250
20652430135079,1965,
20652430139691,1965,
20652432035640,1965,
20652432035707,1965,
20652436023949,1965,
20652436023964,1965,
20652436023972,1965,
20652436023980,1965,
20652436023998,1965,
20652436024004,1965,
20652436024012,1965,
20652436024020,1965,
20652436024046,1965,
20652436024053,1965,
20652436105951,1965,
20652436107122,1965,
20652436112312,1965,
20652436112973,1965,
20652766024095,1965,
20755800140665,1965,
20755802030161,1965,
20755802030203,1965,
20755802030211,1965,
20755806100820,1965,
20755806103824,1965,
20764140115527,1965,
20764140115550,1965,
20764142030013,1965,
20764142030039,1965,
20764142030070,1965,
20764142030104,1965,
20764142030237,1965,
20764146023915,1965,
20764146110019,1965,
20764146110076,1965,
20764146113914,1965,
21102150135350,1965,
21653186024160,1864,
21653186024194,1965,
21653186024202,1965,
21653186024244,1965,
21653346024319,1965,
21653346068308,1965,
21653596024335,1965,
21653596024343,1965,
21653670129148,1965,
21653676024350,1965,
21653676024376,1965,
21654096024483,1965,
21654170124081,1965,
21654172130045,1965,
21654172132264,1965,
21654172132272,1965,
21654172133056,1965,
21654176024491,1965,
21654176024509,1965,
21654176024517,1965,
21654176024525,1965,
21654176024558,1965,
21654176024574,1965,
21654176024582,1965,
21654176024590,1965,
21654176058614,1965,
21654176113229,1965,
21654256024616,1965,
21654256024632,1965,
21654256024657,1965,
21654336024673,1965,
21654586024756,1965,
21654586024764,1965,
21654586024772,1965,
21654586024780,1965,
21654586024814,1965,
21654586024830,1965,
21654586024863,1965,
21654586058622,1965,
21654662133254,1965,
21654662133262,1965,
21654662134005,1965,
21654746024889,1965,
21654822130078,1965,
21654822131340,1965,
21654822132587,1965,
21654822133692,1965,
21654822134419,1965,
22102232230050,1965,
22102232230100,1965,
22102236105308,1965,
22655320125823,1965,
22655320132258,1965,
22655322230035,1965,
22655322230068,1965,
22655322230076,1965,
22655322230084,1965,
22655322235356,1965,
22655326025001,1965,
22655326025035,1965,
22655326025050,1965,
22655326025068,1965,
22655326103477,1965,
23102310110023,1965,
23102312330124,1965,
23102312330447,1965,
23655402330900,1965,
23655406025084,1958,
23655576025092,1965,
23655576116669,1965,
23655652330215,1965,
23655652330355,1965,
23655652331361,1965,
23655656025100,1965,
23655656025126,1965,
23655656061667,1965,
23655656119184,1965,
23655812330090,1965,
23655812330306,1965,
23655812333185,1965,
23655816025142,1965,
23655816025167,1965,
23655816116149,1965,
23655992333649,1965,
23656072330033,1965,
23656072330272,1965,
23656072334563,1965,
23656076025175,1965,
23656150101147,1965,
23656150115055,1965,
23656150128280,1965,
23656150140814,1965,
23656152330413,1965,
23656152330454,1965,
23656152334704,1965,
23656152335024,1965,
23656156025183,1965,
23656156025191,1965,
23656156025217,1965,
23656156025225,1965,
23656156025233,1965,
23656156025274,1965,
23656156114581,1965,
23656156117386,1965,
23656230112300,1965,
23656230125658,1965,
23656230136887,1965,
23656232330363,1965,
23656232335487,1965,
23656236025282,1965,
23656236025290,1965,
23656236104590,1965,
23656236108369,1965,
23738660107250,1965,
23738662330041,1965,
23738662330116,1965,
23738666025241,1965,
23739162330223,1965,
23739162332260,1965,
23739166025308,1965,
23752180141747,1965,
23752182330207,1965,
23752182332724,1965,
23752186025118,1965,
23752186111074,1965,
24102490106518,1965,
24102490138032,1965,
24102492430056,1965,
24102492430148,1965,
24102492430163,1965,
24102492430171,1965,
24102496068498,1965,
24102496069199,1965,
24656310101402,1965,
24656310126771,1965,
24656310141911,1965,
24656316025316,1965,
24656316025324,1965,
24656316025332,1965,
24656316025340,1965,
24656316025357,1965,
24656316025365,1965,
24656316025373,1965,
24656316113161,1965,
24656496025381,1965,
24656496025399,1965,
24656806025456,1965,
24656982430080,1965,
24656982430106,1965,
24656982432409,1965,
24656986025464,1965,
24656986025472,1965,
24656986109458,1965,
24657226025498,1965,
24657302430064,1965,
24657302433001,1965,
24657486025506,1965,
24657486025514,1965,
24657486025522,1965,
24657486109649,1965,
24657550102624,1965,
24657550119073,1965,
24657550120923,1965,
24657550127597,1965,
24657550133413,1965,
24657550136895,1965,
24657550139675,1965,
24657552431492,1965,
24657552434207,1965,
24657556025530,1965,
24657556025548,1965,
24657556025555,1965,
24657556025563,1965,
24657556025571,1965,
24657556058689,1965,
24657556116156,1965,
24657890107672,1965,
24657890127373,1965,
24657892430049,1965,
24657892430098,1965,
24657892430205,1965,
24657892430601,1965,
24657892433605,1965,
24657892435204,1965,
24657892439602,1965,
24658136025779,1965,
24658396025795,1965,
24658620114074,1965,
24658626025811,1965,
24658626111991,1965,
24658700111294,1965,
24658706025829,1965,
24658706025837,1965,
24658706109425,1965,
24736192430031,1965,
24736192431807,1965,
24736196025720,1965,
24736196025746,1965,
24736196103766,1965,
24737266025803,1965,
24753170123091,1965,
24753172430015,1965,
24753172431203,1965,
24753176025423,1965,
24753176025431,1965,
24753176112940,1965,
24753660105817,1965,
24753660131862,1965,
24753662430114,1965,
24753666025407,1965,
24753666025415,1965,
25102566069314,1965,
25658962537702,1965,
25658966025902,1965,
25735852530020,1965,
25735852530111,1965,
25735852535409,1965,
25735856025845,1965,
25735856025886,1965,
25735856058697,1965,
25735934737250,1965,
25735936025894,1965,
26102640128645,1965,
26102642630028,1965,
26736682633006,1965,
26736682635001,1965,
26736686025910,1965,
26736686025928,1965,
26736686025936,1965,
26736686025951,1965,
27102720112177,1965,
27102720116491,1965,
27102720124297,1965,
27102722730232,1965,
27102722730265,1965,
27102726069512,1965,
27102726119663,1965,
27659610127456,1965,
27659610141507,1965,
27659616025977,1965,
27659616025985,1965,
27659616025993,1965,
27659616026009,1965,
27659616101802,1965,
27659616106959,1965,
27659616109466,1965,
27659616113542,1965,
27659616115232,1965,
27659616117691,1965,
27659616120273,1965,
27659870118687,1965,
27659872730018,1965,
27659872730414,1965,
27659876026025,1965,
27659876026033,1965,
27659876026041,1965,
27659876026074,1965,
27659956026082,1965,
27660276026108,1965,
27660500107292,1965,
27660506026124,1965,
27660506026132,1965,
27660506106777,1965,
27660680141010,1965,
27660682730083,1965,
27660682730174,1965,
27660682732170,1965,
27660766026140,1965,
27660920111435,1965,
27660920112896,1965,
27660920115642,1965,
27660920124602,1965,
27660920129239,1965,
27660922730240,1965,
27660922732253,1965,
27660922732808,1965,
27660922735348,1965,
27660926026181,1965,
27660926026207,1965,
27660926026249,1965,
27660926026256,1965,
27660926026280,1965,
27660926026314,1965,
27660926026355,1965,
27660926058713,1965,
27660926058721,1965,
27660926058739,1965,
27660926118962,1965,
27661342731115,1965,
27661342733657,1965,
27661346026470,1965,
27661346026496,1965,
27661346058754,1965,
27661676026629,1965,
27661756026637,1965,
27661836026645,1965,
27662256026694,1965,
27662256115182,1965,
27662336026702,1965,
27662336026710,1965,
27662336092688,1965,
27738252730034,1965,
27738252730125,1965,
27738252730141,1965,
27738256026397,1965,
27738256026405,1965,
27738256026413,1965,
27738256026421,1965,
27738256026447,1965,
27751500118349,1965,
27751502730133,1965,
27754400106112,1965,
27754400106336,1965,
27754400111088,1965,
27754402730190,1965,
27754406026678,1965,
27754406026686,1965,
27754406105472,1965,
27754406118756,1965,
27754732730885,1965,
27754736026090,1965,
27754736066955,1965,
28102800142034,1965,
28102802830073,1965,
28102802830099,1965,
28662586026751,1965,
28662660101964,1965,
28662660108605,1965,
28662660109140,1965,
28662660121087,1965,
28662660137992,1965,
28662662830016,1965,
28662662830115,1965,
28662662830149,1965,
28662662835601,1965,
28662666026769,1965,
28662666026777,1965,
28662666026785,1965,
28662666026827,1965,
28662666026850,1965,
28662666026876,1965,
28662666026892,1965,
28662666026900,1965,
28662666026918,1965,
28662666026934,1965,
28662666026942,1965,
28662666026967,1965,
28662666026975,1965,
28662666026983,1965,
28662666058788,1965,
28662666058796,1965,
28662666113302,1965,
28662666115240,1965,
28662826027015,1965,
28662900142216,1965,
28662902837102,1965,
28662906027031,1965,
28662906027049,1965,
28662906117964,1965,
29102980114314,1965,
29102980114322,1965,
29102980114330,1965,
29102980116681,1965,
29102980126219,1965,
29102980126227,1965,
29102980130823,1965,
29102982930147,1965,
29102986077226,1965,
29663160125013,1965,
29663166027080,1965,
29663246027098,1965,
29663320125955,1965,
29663326027122,1965,
29663326106157,1965,
29663326111140,1965,
29663406027148,1965,
29663406097315,1965,
29663570112367,1965,
29663570124834,1965,
29663572930030,1965,
29663572930048,1965,
29663572930071,1965,
29663572935500,1965,
29663730136424,1965,
29663736094981,1965,
29663736101018,1965,
29663736105811,1965,
29664070128629,1965,
29664076027197,1965,
29664156089403,1965,
29768776027189,1965,
29768776110746,1965,
29768776111371,1965,
30103060126037,1965,
30103060132613,1965,
30103060132910,1965,
30103060133785,1965,
30103060133959,1965,
30103060133983,1965,
30103060134056,1965,
30103060134239,1965,
30103060134288,1965,
30103060134841,1965,
30103060134940,1965,
30103060137000,1965,
30103060137976,1965,
30103060138800,1965,
30103060139352,1965,
30103060139469,1965,
30103060140822,1965,
30103060141978,1965,
30103060142026,1965,
30103063030426,1965,
30103063030632,1965,
30103063030723,1965,
30103063030764,1965,
30103066069553,1965,
30647666020127,1965,
30647666020150,1965,
30647666020176,1965,
30647666020192,1965,
30647666020200,1965,
30647666020218,1965,
30664230113712,1965,
30664230121053,1965,
30664230131417,1965,
30664230140236,1965,
30664236027221,1965,
30664236027239,1965,
30664236027247,1965,
30664236027254,1965,
30664236027262,1965,
30664236027270,1965,
30664236027288,1965,
30664236027312,1965,
30664236027320,1965,
30664236027338,1965,
30664236027346,1965,
30664236027353,1965,
30664236027361,1965,
30664236027379,1965,
30664236027387,1965,
30664236027395,1965,
30664236027403,1965,
30664236027411,1965,
30664236027429,1965,
30664236027437,1965,
30664236113393,1965,
30664236116123,1965,
30664310140707,1965,
30664313030038,1965,
30664313030228,1965,
30664313030384,1965,
30664313030616,1965,
30664313032786,1965,
30664313033057,1965,
30664313033115,1965,
30664313033784,1965,
30664313034204,1965,
30664313036712,1965,
30664313038239,1965,
30664316058812,1965,
30664316058820,1965,
30664316058861,1965,
30664316058887,1965,
30664316058895,1965,
30664316058903,1965,
30664316061683,1965,
30664316066815,1965,
30664316085260,1965,
30664490140350,1965,
30664493030624,1965,
30664493030640,1965,
30664496027445,1965,
30664496027452,1965,
30664496027460,1965,
30664496027478,1965,
30664496058911,1965,
30664496068571,1965,
30664496101901,1965,
30664566027486,1965,
30664566027494,1965,
30664566027510,1965,
30664566027536,1965,
30664566027551,1965,
30664566027569,1965,
30664566027577,1965,
30664640100735,1965,
30664640100883,1965,
30664640100891,1965,
30664640100909,1965,
30664640100917,1965,
30664640106765,1965,
30664640108704,1965,
30664640111914,1965,
30664640112748,1965,
30664640113381,1965,
30664640115501,1965,
30664640123729,1965,
30664640124131,1965,
30664640124743,1965,
30664640136762,1965,
30664640138941,1965,
30664640140061,1965,
30664643030210,1965,
30664643030574,1965,
30664643030756,1965,
30664643030798,1965,
30664643035987,1965,
30664643036001,1965,
30664643038569,1965,
30664646027585,1965,
30664646027601,1965,
30664646027627,1965,
30664646027635,1965,
30664646027643,1965,
30664646058929,1965,
30664646068589,1965,
30664646089452,1965,
30664646094619,1965,
30664646095087,1965,
30664646095095,1965,
30664646097398,1965,
30664646097406,1965,
30664646098495,1965,
30664646101125,1965,
30664646106801,1965,
30664646106819,1965,
30664646108740,1965,
30664646109474,1965,
30664646110852,1965,
30664646111397,1965,
30664646111793,1965,
30664646111801,1965,
30664646111819,1965,
30664646111827,1965,
30664646111835,1965,
30664646113344,1965,
30664646114516,1965,
30664646114524,1965,
30664646115406,1965,
30664646117634,1965,
30664646117642,1965,
30664646117725,1965,
30664646117733,1965,
30664646117741,1965,
30664646117758,1965,
30664646118947,1965,
30664646118954,1965,
30664646120281,1965,
30664646120356,1965,
30664726027668,1965,
30664726027676,1965,
30664726027684,1965,
30664726027692,1965,
30664726027700,1965,
30664726027734,1965,
30664726027742,1965,
30664726066823,1965,
30664986027916,1965,
30664986027924,1965,
30664986027973,1965,
30664986027999,1965,
30664986066922,1965,
30664986068605,1965,
30664986071096,1965,
30664986085278,1965,
30664986094627,1965,
30664986094635,1965,
30665060102582,1965,
30665066028005,1957,
30665066028013,1965,
30665066028021,1956,
30665066028039,1954,
30665066028054,1951,
30665066028062,1953,
30665066028070,1960,
30665066028088,1961,
30665066028104,1956,
30665066028112,1951,
30665066028120,1957,
30665066028138,1953,
30665066028146,1958,
30665066028153,1962,
30665066028161,1965,
30665066028179,1949,
30665066028195,1959,
30665066085286,1965,
30665066113617,1936,
30665143030335,1965,
30665143030855,1965,
30665143032505,1965,
30665143033362,1965,
30665143033610,1965,
30665143037090,1965,
30665143037348,1965,
30665143037496,1965,
30665223030103,1965,
30665223030434,1965,
30665223032752,1965,
30665223033578,1965,
30665223033933,1965,
30665223035581,1965,
30665223035706,1965,
30665223036555,1965,
30665226028211,1965,
30665226028229,1965,
30665226028237,1965,
30665226028252,1965,
30665226028260,1965,
30665226028278,1965,
30665226028294,1965,
30665226028302,1965,
30665226028310,1965,
30665226028328,1965,
30665226028336,1965,
30665226028344,1965,
30665226028369,1965,
30665226028377,1965,
30665226028385,1965,
30665226028393,1965,
30665226028401,1965,
30665226028419,1965,
30665226028427,1965,
30665226028435,1965,
30665226028443,1965,
30665226028450,1965,
30665226028468,1965,
30665226028476,1965,
30665226028484,1965,
30665226028500,1965,
30665226028518,1965,
30665226028526,1965,
30665226028534,1965,
30665226028542,1965,
30665226028559,1965,
30665226028575,1965,
30665226028583,1965,
30665226028609,1965,
30665226028625,1965,
30665226028633,1965,
30665226028641,1965,
30665226028658,1965,
30665226028666,1965,
30665226028674,1965,
30665226028682,1965,
30665226028690,1965,
30665226028708,1965,
30665226028716,1965,
30665226028724,1965,
30665226028732,1965,
30665226028740,1965,
30665226028765,1965,
30665226028773,1965,
30665226028781,1965,
30665226028799,1965,
30665226028807,1965,
30665226028815,1965,
30665226028823,1965,
30665226085294,1965,
30665300134221,1965,
30665306028831,1965,
30665306028849,1965,
30665306028864,1965,
30665306028872,1965,
30665306089072,1965,
30665306094643,1965,
30665306095111,1965,
30665306116065,1965,
30665483030145,1965,
30665483030368,1965,
30665483031895,1965,
30665483032158,1965,
30665483032943,1965,
30665483034410,1965,
30665483038445,1965,
30665483038551,1965,
30665553033206,1965,
30665556028906,1965,
30665556028914,1965,
30665556028922,1965,
30665636028930,1965,
30665636028948,1965,
30665636028955,1965,
30665636028963,1965,
30665636028971,1965,
30665636028989,1965,
30665636028997,1965,
30665636029029,1965,
30665636029037,1965,
30665896029110,1965,
30665896029128,1965,
30665896029136,1965,
30665896029144,1965,
30665896029151,1965,
30665896029169,1965,
30665896029177,1965,
30665896029185,1965,
30665896029193,1965,
30665970111666,1965,
30665973030186,1965,
30665973031697,1965,
30665973031853,1965,
30665973032000,1965,
30665973034907,1965,
30665973035045,1965,
30665976029219,1965,
30665976029227,1965,
30665976029268,1965,
30665976029284,1965,
30665976029300,1965,
30665976029326,1965,
30665976029334,1965,
30665976029359,1965,
30665976029367,1965,
30665976029375,1965,
30665976029391,1965,
30665976029409,1965,
30665976029433,1965,
30665976029441,1965,
30665976029458,1965,
30665976029466,1965,
30665976029482,1965,
30665976029490,1965,
30665976029516,1965,
30665976029524,1965,
30665976068399,1965,
30665976089460,1965,
30665976107833,1965,
30665976118236,1965,
30666210102814,1965,
30666210114769,1965,
30666210118174,1965,
30666210140293,1965,
30666213030046,1965,
30666213031952,1965,
30666213035409,1965,
30666213035748,1965,
30666213038098,1965,
30666216029748,1965,
30666216029755,1965,
30666216029763,1965,
30666216029771,1965,
30666216029789,1965,
30666216029797,1965,
30666216029805,1965,
30666216029821,1965,
30666216029854,1965,
30666216029862,1965,
30666216029870,1965,
30666216029888,1965,
30666216029896,1965,
30666216029912,1965,
30666216029920,1965,
30666216029938,1965,
30666216029953,1965,
30666216029961,1965,
30666216029979,1965,
30666216029987,1965,
30666216058937,1965,
30666216058945,1965,
30666216061725,1965,
30666216061733,1965,
30666216071112,1965,
30666216071120,1965,
30666216096333,1965,
30666216097364,1965,
30666216107767,1965,
30666216114565,1965,
30666216116586,1965,
30666470102897,1965,
30666470109678,1965,
30666470116525,1965,
30666470119404,1965,
30666473030053,1965,
30666473030483,1965,
30666473031929,1965,
30666473031945,1965,
30666473038023,1965,
30666476029995,1965,
30666476030001,1965,
30666476030019,1965,
30666476030027,1965,
30666476030035,1965,
30666476030043,1965,
30666476030050,1965,
30666476030076,1965,
30666476030084,1965,
30666476030092,1965,
30666476030100,1965,
30666476030936,1965,
30666476030951,1965,
30666476030969,1965,
30666476068621,1965,
30666476071146,1965,
30666476085633,1965,
30666476085641,1965,
30666476089478,1965,
30666476095160,1965,
30666476097000,1965,
30666476097018,1965,
30666476106009,1965,
30666476109102,1965,
30666476119556,1965,
30666700101626,1965,
30666700106567,1965,
30666700108365,1965,
30666700108373,1965,
30666700109066,1965,
30666700114736,1965,
30666700116582,1965,
30666700135897,1965,
30666703030475,1965,
30666703030491,1965,
30666703030608,1965,
30666703034998,1965,
30666703035821,1965,
30666703036357,1965,
30666703036456,1965,
30666706030209,1965,
30666706030217,1965,
30666706030225,1965,
30666706030233,1965,
30666706030241,1965,
30666706030266,1965,
30666706030282,1965,
30666706030308,1965,
30666706030316,1965,
30666706030324,1965,
30666706030332,1965,
30666706030357,1965,
30666706030365,1965,
30666706030399,1965,
30666706030407,1965,
30666706030415,1965,
30666706030431,1965,
30666706030449,1965,
30666706058978,1965,
30666706058986,1965,
30666706061741,1965,
30666706061758,1965,
30666706071195,1965,
30666706095152,1965,
30666706098552,1965,
30666706099816,1965,
30666706102826,1965,
30666706107692,1965,
30666706108484,1965,
30666706109904,1965,
30666706110175,1965,
30666706110183,1965,
30666706113377,1965,
30666706114631,1965,
30666706115133,1965,
30666706115836,1965,
30666706116917,1965,
30666706117899,1965,
30666706119127,1965,
30666966030456,1965,
30666966030464,1965,
30666966030472,1965,
30666966030506,1965,
30667460119925,1965,
30667466030712,1965,
30667466030720,1965,
30667466030738,1965,
30667466030753,1965,
30667466030761,1965,
30667466030787,1965,
30667466030795,1965,
30667466030811,1965,
30667466030829,1965,
30667466030837,1965,
30667466030852,1965,
30667466030860,1965,
30667466030878,1965,
30667466030886,1965,
30667466030928,1965,
30736353030061,1965,
30736353030079,1965,
30736353030244,1965,
30736353030392,1965,
30736353030509,1965,
30736353034956,1965,
30736356030142,1965,
30736356030159,1965,
30736356030175,1965,
30736356030183,1965,
30736356030530,1965,
30736356066872,1965,
30736356071153,1965,
30736356071161,1965,
30736356085336,1965,
30736356085351,1965,
30736356089494,1965,
30736356089502,1965,
30736356089510,1965,
30736356094668,1965,
30736356094676,1965,
30736356095145,1965,
30736356096044,1965,
30736356097372,1965,
30736356101059,1965,
30736356106926,1965,
30736356109540,1965,
30736356110845,1965,
30736356110936,1965,
30736356111561,1965,
30736356112452,1965,
30736356112577,1965,
30736356114888,1965,
30736430102871,1965,
30736430102889,1965,
30736430121152,1965,
30736430133488,1965,
30736430139774,1965,
30736433030590,1965,
30736433032109,1965,
30736433032919,1965,
30736433037553,1965,
30736436030548,1965,
30736436030555,1965,
30736436030571,1965,
30736436030589,1965,
30736436030605,1965,
30736436030613,1965,
30736436030621,1965,
30736436030639,1965,
30736436030662,1965,
30736436030688,1965,
30736436030696,1965,
30736436030704,1965,
30736436066898,1965,
30736436085377,1965,
30736436113054,1965,
30736436114482,1965,
30736436116305,1965,
30736436118764,1965,
30736436118772,1965,
30736500127472,1965,
30736500129155,1965,
30736500129296,1965,
30736500133389,1965,
30736500133405,1965,
30736500135137,1965,
30736500136689,1965,
30736500138719,1965,
30736500140988,1965,
30736500141119,1965,
30736503030129,1965,
30736503030152,1965,
30736503030285,1965,
30736503030467,1965,
30736503030657,1965,
30736503035102,1965,
30736506030191,1965,
30736506068647,1965,
30736506071179,1965,
30736506085344,1965,
30736506089429,1965,
30736506089437,1965,
30736506089445,1965,
30736506094718,1965,
30736506095137,1965,
30736506096184,1965,
30736506096192,1965,
30736506096200,1965,
30736506097042,1965,
30736506098511,1965,
30736506098529,1965,
30736506100317,1965,
30736506100838,1965,
30736506100861,1965,
30736506100879,1965,
30736506102719,1965,
30736506106850,1965,
30736506107502,1965,
30736506108799,1965,
30736506111876,1965,
30736506115455,1965,
30736506115786,1965,
30736506120141,1965,
30739243033917,1965,
30739246029045,1965,
30739246029052,1965,
30739246029060,1965,
30739246029078,1965,
30739246029086,1965,
30739246030514,1965,
30739246058853,1965,
30739246058879,1965,
30768930130765,1965,
31667616031009,1965,
31667796031017,1965,
31667870126664,1965,
31667876031033,1965,
31667876109680,1965,
31667876112700,1965,
31667956031066,1965,
31668296031108,1965,
31668296101778,1965,
31668296109029,1965,
31668296111702,1965,
31668296113443,1965,
31668296113971,1965,
31668296116230,1965,
31668376031116,1965,
31668450117150,1965,
31668456031124,1965,
31668456031132,1965,
31668456031140,1965,
31668456031165,1965,
31668456031173,1965,
31668456117824,1965,
31668520120105,1965,
31668520121608,1965,
31668520127928,1965,
31668866031199,1965,
31668866111694,1965,
31668940102293,1965,
31668940138081,1965,
31668943131687,1965,
31668943131851,1965,
31668943132453,1965,
31668943135704,1965,
31669100102798,1965,
31669100102806,1965,
31669100116624,1965,
31669100125740,1965,
31669100127639,1965,
31669100135178,1965,
31669100139857,1965,
31669100142067,1965,
31669103130234,1965,
31669103130242,1965,
31669106031223,1965,
31669106031231,1965,
31669106031249,1965,
31669106031256,1965,
31669106031280,1965,
31669106106108,1965,
31669106109482,1965,
31669106111959,1965,
31669106111967,1965,
31669106116099,1965,
31669106117790,1965,
31669280116459,1965,
31669280121418,1965,
31669280139840,1965,
31669280141622,1965,
31669283130119,1965,
31669283130176,1965,
31669283130184,1965,
31669283130309,1965,
31669283135308,1965,
31669283136504,1965,
31669440106807,1965,
31669440121624,1965,
31669443130010,1965,
31669443130077,1965,
31669443130192,1965,
31669443138500,1965,
31669446031298,1965,
31669446031306,1965,
31669446031314,1965,
31669446031322,1965,
31669446094502,1965,
31669446113062,1965,
31669510106443,1965,
31669510108514,1965,
31669510111385,1965,
31669510113068,1965,
31669510135871,1965,
31669510139246,1965,
31669510139709,1965,
31669510140541,1965,
31669513130036,1965,
31669513130168,1965,
31669513134657,1965,
31669516031363,1965,
31669516085252,1965,
31669516098610,1965,
31669516108351,1965,
31669516117493,1965,
31750850108050,1965,
31750850108084,1965,
31750850117879,1965,
31750850119487,1965,
31750850121244,1965,
31750850141259,1965,
31750853130150,1965,
31750853130200,1965,
31750853130218,1965,
31750856031207,1965,
31750856031215,1965,
31750856100903,1965,
31750856109870,1965,
31750856110647,1965,
31750856111975,1965,
31750856115844,1965,
31750856116057,1965,
31750856118392,1965,
31750856118517,1965,
31750856118533,1965,
31750856119853,1965,
32103220100057,1965,
32103220108001,1965,
32103226117360,1965,
32669693230034,1965,
32669693230042,1965,
32669693230083,1965,
32669693232006,1965,
32669693233509,1965,
32669693235603,1965,
32669693236007,1965,
32669696031413,1965,
32669696031421,1965,
32669696031470,1965,
32669696110308,1965,
33103300110833,1965,
33103300125237,1965,
33103300125385,1965,
33103300128397,1965,
33103300128777,1965,
33103300136168,1965,
33103300137836,1965,
33103300137851,1965,
33103300137869,1965,
33103300138024,1965,
33103300138602,1965,
33103300139428,1965,
33103300140780,1965,
33103303330123,1965,
33103303331055,1965,
33103306069207,1965,
33316253330834,1965,
33669770113597,1965,
33669770113605,1965,
33669770125732,1965,
33669770134171,1965,
33669770134189,1965,
33669770135061,1965,
33669770136143,1965,
33669773330008,1965,
33669773334299,1965,
33669773337128,1965,
33669776031496,1965,
33669776031504,1965,
33669776031512,1965,
33669776031520,1965,
33669776031538,1965,
33669776031546,1965,
33669776031553,1965,
33669776031579,1965,
33669776031587,1965,
33669776031595,1965,
33669776098156,1965,
33669776106074,1965,
33669776107304,1965,
33669776108104,1965,
33669776116339,1965,
33669776120109,1965,
33669853330214,1965,
33669853330222,1965,
33669853330974,1965,
33669856031603,1965,
33669856031611,1965,
33669856031629,1965,
33669856031637,1965,
33669856112080,1965,
33669930101006,1965,
33669930102749,1965,
33669930106062,1965,
33669930113936,1965,
33669930116947,1965,
33669930127142,1965,
33669930129882,1965,
33669930136788,1965,
33669930139360,1965,
33669930140632,1965,
33669930141366,1965,
33669933330479,1965,
33669933330842,1965,
33669933331089,1965,
33669936031652,1965,
33669936031660,1965,
33670330100966,1965,
33670330100974,1965,
33670330100982,1965,
33670330105791,1965,
33670330105809,1965,
33670330110106,1965,
33670330110627,1965,
33670330110635,1965,
33670330110643,1965,
33670330110759,1965,
33670330113647,1965,
33670330113654,1965,
33670330119321,1965,
33670330123828,1965,
33670330131607,1965,
33670330135574,1965,
33670330139782,1965,
33670333330131,1965,
33670333330446,1965,
33670333330586,1965,
33670333330602,1965,
33670333330701,1965,
33670333331600,1965,
33670333334232,1965,
33670336031736,1965,
33670336031751,1965,
33670336031785,1965,
33670336031793,1965,
33670336031801,1965,
33670336031819,1965,
33670336031827,1965,
33670336031835,1965,
33670336031843,1965,
33670336031850,1965,
33670336031868,1965,
33670336031876,1965,
33670336031884,1965,
33670336059026,1965,
33670336059034,1965,
33670336059042,1965,
33670336061766,1965,
33670336068753,1965,
33670336084669,1965,
33670336107668,1965,
33670336107676,1965,
33670336110589,1965,
33670336112957,1965,
33670336114151,1965,
33670336116404,1965,
33670336116412,1965,
33670336117998,1965,
33670336120364,1965,
33670336120372,1965,
33670416031900,1965,
33670580100164,1965,
33670580107961,1965,
33670580108464,1965,
33670580110791,1965,
33670580111021,1965,
33670580114504,1965,
33670580118885,1965,
33670580119305,1965,
33670580136770,1965,
33670583330388,1965,
33670583330669,1965,
33670583330909,1965,
33670583331113,1965,
33670583333192,1965,
33670586031926,1965,
33670586031934,1965,
33670586031959,1965,
33670586031967,1965,
33670586031975,1965,
33670586031983,1965,
33670586031991,1965,
33670586032007,1965,
33670586032015,1965,
33670586106082,1965,
33670586107759,1965,
33670586108955,1965,
33670586109045,1965,
33670586109789,1965,
33670586109797,1965,
33670586113880,1965,
33670586116636,1965,
33670586118855,1965,
33670586118863,1965,
33670820101121,1965,
33670820101139,1965,
33670820102772,1965,
33670820102780,1965,
33670820106716,1965,
33670820107359,1965,
33670820113159,1965,
33670820116962,1965,
33670820120675,1965,
33670820135251,1965,
33670820141192,1965,
33670823330065,1965,
33670823330503,1965,
33670823330537,1965,
33670823332673,1965,
33670826032080,1965,
33670826032114,1965,
33670826032122,1965,
33670826032130,1965,
33670826032148,1965,
33670826032155,1965,
33670826084628,1965,
33670826106728,1965,
33670826109805,1965,
33670826110415,1965,
33670826112007,1965,
33670826118731,1965,
33670900114157,1965,
33670900136721,1965,
33670903330412,1965,
33670903334687,1965,
33670903337136,1965,
33670906032163,1965,
33670906032171,1965,
33670906032189,1965,
33670906032197,1965,
33670906032205,1965,
33670906032213,1965,
33670906032221,1965,
33670906032239,1965,
33670906032247,1965,
33670906059075,1965,
33670906061774,1965,
33670906104491,1965,
33670906105837,1965,
33670906106835,1965,
33670906106843,1965,
33670906110548,1965,
33670906111280,1965,
33670906112858,1965,
33670906113518,1965,
33671160100503,1965,
33671160108639,1965,
33671160109843,1965,
33671160110601,1965,
33671160116749,1965,
33671160116756,1965,
33671160119206,1965,
33671160125906,1965,
33671160134080,1965,
33671160136838,1965,
33671160140574,1965,
33671160141994,1965,
33671166107197,1965,
33671166108229,1965,
33671166110365,1965,
33671166113864,1965,
33671166119721,1965,
33671240102731,1965,
33671240105940,1965,
33671240108134,1965,
33671240128868,1965,
33671243330396,1965,
33671243330438,1965,
33671243330800,1965,
33671243330958,1965,
33671243331071,1965,
33671243333762,1965,
33671243333770,1965,
33671246032288,1965,
33671246032304,1965,
33671246032312,1965,
33671246032320,1965,
33671246032338,1965,
33671246103501,1965,
33671246103519,1965,
33671246104582,1965,
33671246105514,1965,
33671246106041,1965,
33671246106058,1965,
33671246106066,1965,
33671246106942,1965,
33671246106967,1965,
33671246107080,1965,
33671246107643,1965,
33671246107890,1965,
33671246108674,1965,
33671246108690,1965,
33671246108716,1965,
33671246108724,1965,
33671246108732,1965,
33671246109110,1965,
33671246109508,1965,
33671246109979,1965,
33671246110027,1965,
33671246110928,1965,
33671576032353,1965,
33671576109334,1965,
33671576111488,1965,
33671730105767,1965,
33671730118943,1965,
33671730123703,1965,
33671730127316,1965,
33671730133090,1965,
33671733330578,1965,
33671733330818,1965,
33671733331121,1965,
33671733335130,1965,
33671736032387,1965,
33671736032395,1965,
33671736032403,1965,
33671736032411,1965,
33671736032429,1965,
33671736032437,1965,
33671736032445,1965,
33671736032452,1965,
33671736059091,1965,
33671736059109,1965,
33671736102560,1965,
33671736106207,1965,
33671736107601,1965,
33671736108443,1965,
33671736108450,1965,
33671736111025,1965,
33671736112692,1965,
33671736115448,1965,
33671810138610,1965,
33671813331139,1965,
33671813335759,1965,
33671816032460,1965,
33671816032478,1965,
33671816032494,1965,
33671990110577,1965,
33671990110585,1965,
33671990133579,1965,
33671996032502,1965,
33671996032510,1965,
33671996105571,1965,
33671996111843,1965,
33671996120547,1965,
33672070101170,1965,
33672070113191,1965,
33672070134981,1965,
33672070137620,1965,
33672070140491,1965,
33672073330172,1965,
33672073330727,1965,
33672073335973,1965,
33672076106223,1965,
33672150100545,1965,
33672150111252,1965,
33672150114181,1965,
33672150115709,1965,
33672150119180,1965,
33672150126128,1965,
33672150131359,1965,
33672153330024,1965,
33672153330362,1965,
33672153330511,1965,
33672153330677,1965,
33672153330859,1965,
33672153334406,1965,
33672153336237,1965,
33672153336492,1965,
33672153336955,1965,
33672156032528,1965,
33672156032536,1965,
33672156032544,1965,
33672156032569,1965,
33672156032577,1965,
33672156032585,1965,
33672156032601,1965,
33672156032619,1965,
33672156032627,1965,
33672156032635,1965,
33672156032650,1965,
33672156032668,1965,
33672156032684,1965,
33672156032692,1965,
33672156032700,1965,
33672156032718,1965,
33672156032726,1965,
33672156032734,1965,
33672156032742,1965,
33672156032767,1965,
33672156032775,1965,
33672156032783,1965,
33672156059125,1965,
33672156059133,1965,
33672156059141,1965,
33672156059158,1965,
33672156061790,1965,
33672156099188,1965,
33672156107957,1965,
33672156109011,1965,
33672156112668,1965,
33672156112676,1965,
33672156120075,1965,
33672310113746,1965,
33672310114066,1965,
33672310127761,1965,
33672310141598,1965,
33672316032791,1965,
33672316109581,1965,
33672490102715,1965,
33672490102723,1965,
33672490121319,1965,
33672490123844,1965,
33672490138925,1965,
33672490140921,1965,
33672490142117,1965,
33672493331006,1965,
33672493337649,1965,
33672493337656,1965,
33672496032817,1965,
33672496059166,1965,
33672496106884,1965,
33672496109490,1965,
33672496114748,1965,
33672496115125,1965,
33736760100248,1965,
33736760100255,1965,
33736760100263,1965,
33736760112649,1965,
33736760113753,1965,
33736760121673,1965,
33736763330032,1965,
33736763330354,1965,
33736763330990,1965,
33736766031694,1965,
33736766031702,1965,
33736766031710,1965,
33736766031728,1965,
33736766032254,1965,
33736766032361,1965,
33736766032379,1965,
33736766032833,1965,
33736766032841,1965,
33736766108906,1965,
33736766112874,1965,
33736766114789,1965,
33736766117774,1965,
33751760107920,1965,
33751760108241,1965,
33751760113100,1965,
33751760116343,1965,
33751760120204,1965,
33751760122960,1965,
33751760139790,1965,
33751763330115,1965,
33751763330487,1965,
33751763332350,1965,
33751766032031,1965,
33751766032056,1965,
33751766032064,1965,
33751766071203,1965,
33751766105548,1965,
33751766107189,1965,
33751766108278,1965,
33751766109938,1965,
33751766111082,1965,
33751766111090,1965,
33751766112734,1965,
33751766115174,1965,
33751766118442,1965,
33751766120455,1965,
33751766120463,1965,
33751920101097,1965,
33751920101105,1965,
33751920105734,1965,
33751920105742,1965,
33751920105759,1965,
33751920108480,1965,
33751920108498,1965,
33751920108506,1965,
33751920113696,1965,
33751920140947,1965,
33751920142018,1965,
33751923330370,1965,
33751923330495,1965,
33751923330636,1965,
33751923330743,1965,
33751923330917,1965,
33751926032825,1965,
33751926096994,1965,
33751926106017,1965,
33751926107254,1965,
33751926108427,1965,
33751926109417,1965,
33751926110084,1965,
33751926112098,1965,
33751926112551,1965,
33751926112809,1965,
33751926113641,1965,
33751926114243,1965,
33751926116438,1965,
33751926116446,1965,
33751926116453,1965,
33751926118822,1965,
33752000100412,1965,
33752000100420,1965,
33752000102079,1965,
33752000108530,1965,
33752000114058,1965,
33752000117408,1965,
33752000118794,1965,
33752000141275,1965,
33752003330529,1965,
33752006032346,1965,
33752006106868,1965,
33752006107841,1965,
33752006107858,1965,
33752006108153,1965,
33752006108849,1965,
33752006112429,1965,
33752006113625,1965,
33752006117659,1965,
33752006118558,1965,
33752006120554,1965,
33752420100941,1965,
33752420100958,1965,
33752420106096,1965,
33752420109108,1965,
33752420109116,1965,
33752420109124,1965,
33752420109652,1965,
33752420112094,1965,
33752420112102,1965,
33752420117424,1965,
33752420123190,1965,
33752420133306,1965,
33752423330552,1965,
33752423330560,1965,
33752426032866,1965,
33752426032874,1965,
33752426108039,1965,
33752426108047,1965,
33752426109565,1965,
33752426111033,1965,
33752426111447,1965,
33752426114458,1965,
34103480106229,1965,
34103480106237,1965,
34103480106245,1965,
34103480106278,1965,
34103480106294,1965,
34103480118745,1965,
34103480136275,1965,
34103480140160,1965,
34672806032890,1965,
34673140101790,1965,
34673140105908,1965,
34673140105916,1965,
34673140105924,1965,
34673140105932,1965,
34673140108720,1965,
34673140108738,1965,
34673140108746,1965,
34673140108753,1965,
34673140111112,1965,
34673140111732,1965,
34673140114702,1965,
34673140116871,1965,
34673140116897,1965,
34673140131516,1965,
34673140135392,1965,
34673140135400,1965,
34673140137281,1965,
34673140141143,1965,
34673143430170,1965,
34673143430311,1965,
34673143430329,1965,
34673143430352,1965,
34673143430477,1965,
34673143430592,1965,
34673143430618,1965,
34673143430873,1965,
34673143432002,1965,
34673143432572,1965,
34673146032981,1965,
34673146032999,1965,
34673146033005,1965,
34673146033013,1965,
34673146033021,1965,
34673146033039,1965,
34673146033047,1965,
34673146033054,1965,
34673146033062,1965,
34673146033088,1965,
34673146033096,1965,
34673146033104,1965,
34673146033112,1965,
34673146059174,1965,
34673146061808,1965,
34673146077291,1965,
34673146098743,1965,
34673146098750,1965,
34673146101844,1965,
34673146106355,1965,
34673146107700,1965,
34673146107718,1965,
34673146107916,1965,
34673146109516,1965,
34673146109821,1965,
34673146110118,1965,
34673146110985,1965,
34673146112031,1965,
34673146112106,1965,
34673146113179,1965,
34673146113187,1965,
34673146113831,1965,
34673146116818,1965,
34673146118046,1965,
34673146118053,1965,
34673146120000,1965,
34673146120018,1965,
34673146120026,1965,
34673146120034,1965,
34673226033120,1965,
34673226033138,1965,
34673300100404,1965,
34673300111278,1965,
34673300113571,1965,
34673300113621,1965,
34673300129676,1965,
34673300140608,1965,
34673300140699,1965,
34673303430501,1965,
34673303430667,1965,
34673303430709,1965,
34673303431533,1965,
34673303433216,1965,
34673303434792,1965,
34673306033146,1965,
34673306033153,1965,
34673306033179,1965,
34673306033187,1965,
34673306033203,1965,
34673306033211,1965,
34673306033229,1965,
34673306033252,1965,
34673306033278,1965,
34673306033286,1965,
34673306059182,1965,
34673306059190,1965,
34673306059208,1965,
34673306106892,1965,
34673306107965,1965,
34673306109755,1965,
34673306112916,1965,
34673306115638,1965,
34673306118012,1965,
34673306118574,1965,
34673480100040,1965,
34673480107946,1965,
34673480119420,1965,
34673480141325,1965,
34673486033310,1965,
34673486110654,1965,
34673486114185,1965,
34673550119131,1965,
34673553432903,1965,
34673553433471,1965,
34674130107383,1965,
34674130112078,1965,
34674130114660,1965,
34674133430469,1965,
34674133430550,1965,
34674134835302,1965,
34674135731708,1965,
34674136033641,1965,
34674136033666,1965,
34674136033690,1965,
34674136033708,1965,
34674136033716,1965,
34674210132019,1965,
34674210137950,1965,
34674390101048,1965,
34674390101881,1965,
34674390101899,1965,
34674390101907,1965,
34674390101972,1965,
34674390102038,1965,
34674390102343,1965,
34674390106898,1965,
34674390108951,1965,
34674390111757,1963,
34674390113209,1965,
34674390114546,1965,
34674390121665,1965,
34674390123901,1965,
34674390131136,1965,
34674390133777,1965,
34674390135343,1965,
34674390137406,1965,
34674393430154,1965,
34674393430519,1965,
34674393430865,1965,
34674393431012,1965,
34674393434636,1965,
34674393434768,1965,
34674393435419,1965,
34674396033765,1965,
34674396033799,1965,
34674396033807,1965,
34674396033815,1965,
34674396033823,1965,
34674396033831,1965,
34674396033880,1965,
34674396033906,1965,
34674396033914,1965,
34674396033930,1965,
34674396033948,1965,
34674396033955,1965,
34674396033997,1965,
34674396034003,1965,
34674396034011,1965,
34674396034029,1965,
34674396034037,1965,
34674396034045,1965,
34674396034052,1965,
34674396034060,1965,
34674396034078,1965,
34674396034136,1965,
34674396034169,1965,
34674396034177,1965,
34674396034185,1965,
34674396034193,1965,
34674396034201,1965,
34674396034219,1965,
34674396034227,1965,
34674396034235,1965,
34674396034243,1965,
34674396034250,1965,
34674396034276,1965,
34674396034284,1965,
34674396034292,1965,
34674396034326,1965,
34674396034334,1965,
34674396059273,1965,
34674396059281,1965,
34674396059299,1965,
34674396059307,1965,
34674396059315,1965,
34674396059323,1965,
34674396059356,1965,
34674396059364,1965,
34674396061832,1965,
34674396066690,1965,
34674396071336,1965,
34674396096150,1965,
34674396096168,1965,
34674396097083,1965,
34674396099808,1965,
34674396107239,1965,
34674396110662,1965,
34674396111389,1965,
34674396117097,1965,
34674396119440,1965,
34674470112169,1958,
34674470114983,1965,
34674470120469,1965,
34674470121467,1965,
34674470128124,1965,
34674470132399,1965,
34674470135772,1965,
34674470140830,1965,
34674473430048,1965,
34674473430097,1965,
34674473430386,1965,
34674473430394,1965,
34674473430493,1965,
34674473430691,1965,
34674473430717,1965,
34674473430758,1965,
34674473431111,1965,
34674473432051,1965,
34674473432317,1965,
34674473432838,1965,
34674473435930,1965,
34674473436714,1965,
34674473438504,1965,
34674476034342,1965,
34674476034359,1965,
34674476034367,1965,
34674476034375,1965,
34674476034383,1965,
34674476034391,1965,
34674476034409,1965,
34674476034425,1965,
34674476034433,1965,
34674476034441,1965,
34674476034458,1965,
34674476034466,1965,
34674476034482,1965,
34674476034490,1965,
34674476034508,1965,
34674476034516,1965,
34674476034524,1965,
34674476034540,1965,
34674476034573,1965,
34674476034581,1965,
34674476034599,1965,
34674476034623,1965,
34674476034631,1965,
34674476034656,1965,
34674476034664,1965,
34674476034672,1965,
34674476034680,1965,
34674476034706,1965,
34674476034714,1965,
34674476034730,1965,
34674476034755,1965,
34674476034771,1965,
34674476034797,1965,
34674476034813,1965,
34674476034821,1965,
34674476034839,1965,
34674476034847,1965,
34674476034870,1965,
34674476034896,1965,
34674476034904,1965,
34674476034912,1965,
34674476034920,1965,
34674476034938,1965,
34674476034946,1965,
34674476034953,1965,
34674476034961,1965,
34674476068670,1965,
34674476097810,1965,
34674476103816,1965,
34674476105928,1965,
34674476111363,1965,
34739730108621,1965,
34739730142042,1965,
34739733430378,1965,
34739733430451,1965,
34739736032908,1965,
34739736032924,1965,
34739736107734,1965,
34739736108948,1965,
34752830102236,1965,
34752830102277,1965,
34752830108860,1965,
34752830111138,1965,
34752830112425,1965,
34752830116806,1965,
34752830120113,1965,
34752830126060,1965,
34752830134049,1965,
34752830135194,1965,84000
34752830140624,1965,
34752830141895,1965,
34752833430584,1965,
34752833430626,1965,
34752833430659,1965,
34752836100432,1965,
34752836104731,1965,
34752836107981,1965,
34752836117527,1965,
34752836117535,1965,
34752836118624,1965,
34765050100487,1965,
34765050101766,1965,
34765050101832,1965,
34765050106450,1965,
34765050108415,1965,
34765050108795,1965,
34765050108837,1965,
34765050113878,1965,
34765050114272,1965,
34765050130757,1965,
34765050139584,1965,
34765053430261,1965,
34765053430634,1965,
34765053430881,1965,
34765053433265,1965,
34765053433794,1965,
34765053434370,1965,
34765053436979,1965,
34765056032932,1965,
34765056032940,1965,
34765056032957,1965,
34765056033336,1965,
34765056033351,1965,
34765056033385,1965,
34765056033419,1965,
34765056033427,1965,
34765056033435,1965,
34765056033443,1965,
34765056033450,1965,
34765056033476,1965,
34765056033484,1965,
34765056033492,1965,
34765056033500,1965,
34765056033518,1965,
34765056033526,1965,
34765056033542,1965,
34765056033559,1965,
34765056033575,1965,
34765056033583,1965,
34765056033609,1965,
34765056033617,1965,
34765056033633,1965,
34765056059232,1965,
34765056059257,1965,
34765056059265,1965,
34765056066682,1965,
34765056069736,1965,
34765056102784,1965,
34765056105985,1965,
34765056112064,1965,
34765056112643,1965,
35103550132308,1965,
35103553530037,1965,
35103553530045,1965,
35674546035000,1965,
35674626035018,1965,
35674700115428,1965,
35674700121400,1965,
35674700127688,1965,
35674700140657,1965,
35674706035026,1965,
35674706035034,1965,
35674706035042,1965,
35674706071088,1965,
35674706104509,1965,
35674706107338,1965,
35674706112320,1965,
35674886035059,1965,
35675046095202,1965,
35675206035109,1965,
35675383530029,1965,
35675383537008,1965,
35675536035133,1965,
35675796035158,1965,
35752593530060,1965,
35752596035117,1797,
35752596049654,1965,
36103630107466,1965,
36103630115808,1965,
36103630139147,1965,
36103630140012,1965,
36103633630431,1965,
36103633630761,1965,
36103636069348,1965,
36103636111918,1965,
36675870107425,1965,
36675870107433,1965,
36675870107441,1965,
36675870109470,1965,
36675870112086,1965,
36675870125880,1965,
36675870125898,1965,
36675870128462,1965,
36675870131441,1965,
36675870138529,1965,
36675876035174,1965,
36675876106694,1965,
36675876109409,1965,
36675876115117,1965,
36675876116370,1965,
36675876120604,1965,
36675956035216,1965,
36675956035224,1965,
36675956035232,1965,
36675956094940,1965,
36675956098503,1965,
36675956101786,1965,
36675956104475,1965,
36675956107510,1965,
36675956108930,1965,
36675956114649,1965,
36676110107474,1965,
36676110112672,1965,
36676110124628,1965,
36676110129452,1965,
36676110138834,1965,
36676113630712,1965,
36676113630803,1965,
36676116035299,1965,
36676116035307,1965,
36676116035349,1965,
36676116035372,1965,
36676116035380,1965,
36676116035414,1965,
36676116098537,1965,
36676373630290,1965,
36676373631066,1965,
36676376035463,1965,
36676376035471,1965,
36676376067052,1965,
36676376112866,1965,
36676456035489,1965,
36676456035497,1965,
36676456035505,1965,
36676456099204,1965,
36676456104525,1965,
36676456106603,1965,
36676456110704,1965,
36676520126243,1965,
36676523630225,1965,
36676523630373,1965,
36676523630571,1965,
36676523630845,1965,
36676523631058,1965,
36676523631157,1965,
36676523632205,1965,
36676523633906,1965,
36676523634482,1965,
36676523637659,1965,
36676780100578,1965,
36676780100586,1965,
36676780100594,1965,
36676780110726,1965,
36676780120329,1965,
36676780137547,1965,
36676783630035,1965,
36676783630522,1965,
36676783631017,1965,
36676783631181,1965,
36676783631587,1965,
36676783631769,1965,
36676783632502,1965,
36676786035513,1965,
36676786035554,1965,
36676786035570,1965,
36676786035588,1965,
36676786059372,1965,
36676786061840,1965,
36676786098347,1965,
36676786098354,1965,
36676786098362,1965,
36676786101513,1965,
36676786102974,1965,
36676786105712,1965,
36676786106611,1965,
36676786106629,1965,
36676786107270,1965,
36676786107288,1965,
36676786108195,1965,
36676786108666,1965,
36676786109813,1965,
36676786111215,1965,
36676786111710,1965,
36676786112833,1965,
36676946035752,1965,
36676946035760,1965,
36676946097646,1965,
36676946109185,1965,
36677020102939,1965,
36677020102947,1965,
36677020113688,1965,
36677020117382,1965,
36677020135293,1965,
36677026035778,1965,
36677026035786,1965,
36677026106595,1965,
36677026107569,1965,
36677026108005,1965,
36677026112114,1965,
36677026112122,1965,
36677026112130,1965,
36677026116263,1965,
36677026117519,1965,
36677026118467,1965,
36677026119622,1965,
36677026119630,1965,
36677100100347,1965,
36677100102509,1965,
36677100102517,1965,
36677100108191,1965,
36677100113423,1965,
36677100113944,1965,
36677100120758,1965,
36677100133371,1965,
36677100141952,1965,
36677103630019,1965,
36677103630480,1965,
36677103630555,1965,
36677103630902,1965,
36677103633302,1965,
36677106035794,1965,
36677106035810,1965,
36677106035828,1965,
36677106035836,1965,
36677106035844,1965,
36677106035851,1965,
36677106035869,1965,
36677106035877,1965,
36677106035885,1965,
36677106035893,1965,
36677106035901,1965,
36677106035919,1965,
36677106059398,1965,
36677106059406,1965,
36677106061865,1965,
36677106068761,1965,
36677106102933,1965,
36677106106470,1965,
36677106106504,1965,
36677106106702,1965,
36677106108054,1965,
36677106108062,1965,
36677106108070,1965,
36677106110670,1965,
36677106110688,1965,
36677106111173,1965,
36677106113351,1965,
36677106114052,1965,
36677106115984,1965,
36677106119986,1965,
36677106120042,1965,
36677360116723,1965,
36677360128439,1965,
36677360130948,1965,
36677360136069,1965,
36677360136937,1965,
36677360139576,1965,
36677366035935,1965,
36677366107072,1965,
36677773630217,1965,
36677773636743,1965,
36677773638616,1965,
36677776035984,1965,
36677776035992,1965,
36677776036008,1965,
36677776036016,1965,
36677776036024,1965,
36677776036032,1965,
36677776036040,1965,
36677776105589,1965,
36677776106579,1965,
36677776106827,1965,
36677776109615,1965,
36677776109623,1965,
36677776113070,1965,
36677850141184,1965,
36677856036057,1965,
36677856102909,1965,
36677856105449,1965,
36677856110050,1965,
36678010131888,1965,
36678010132720,1965,
36678010141705,1965,
36678013630266,1965,
36678013634169,1965,
36678016036115,1965,
36678016100929,1965,
36678190100107,1965,
36678190100115,1965,
36678190137760,1965,
36678190141416,1965,
36678196036123,1965,
36678196036131,1965,
36678196036149,1965,
36678196036156,1965,
36678196036164,1965,
36678196036172,1965,
36678196036198,1965,
36678196036206,1965,
36678196036214,1965,
36678196036222,1965,
36678196036230,1965,
36678196036248,1965,
36678196036255,1965,
36678196036263,1965,
36678196036271,1965,
36678196036289,1965,
36678196036297,1965,
36678196036305,1965,
36678196036347,1965,
36678196036354,1965,
36678196036362,1965,
36678196036370,1965,
36678196036388,1965,
36678196036404,1965,
36678196036412,1965,
36678196036420,1965,
36678196036438,1965,
36678196036446,1965,
36678196113476,1965,
36678270113928,1965,
36678270137174,1965,
36678270137182,1965,
36678270137190,1965,
36678270137208,1965,
36678270137216,1965,
36678270137224,1965,
36678270137232,1965,
36678276036453,1965,
36678430102558,1965,
36678430107888,1965,
36678430110569,1965,
36678430118802,1965,
36678430123851,1965,
36678430127837,1965,
36678433630779,1965,
36678433630928,1965,
36678433634995,1965,
36678433635042,1965,
36678436036479,1965,
36678436036487,1965,
36678436036503,1965,
36678436036511,1965,
36678436036537,1965,
36678436036545,1965,
36678436036552,1965,
36678436036560,1965,
36678436036586,1965,
36678436036594,1965,
36678436059414,1965,
36678436059422,1965,
36678436061881,1965,
36678436067060,1965,
36678436108179,1965,
36678436111132,1965,
36678500102830,1965,
36678500116483,1965,
36678500121160,1965,
36678503630159,1965,
36678503630530,1965,
36678503630597,1965,
36678503633005,1965,
36678506036602,1965,
36678506036610,1965,
36678506036628,1965,
36678506036636,1965,
36678506036644,1965,
36678506036651,1965,
36678506036669,1965,
36678506036677,1965,
36678506036685,1965,
36678506036693,1965,
36678506059448,1965,
36678506059455,1965,
36678506061899,1965,
36678506105704,1965,
36678506106538,1965,
36678506107155,1965,
36678506108864,1965,
36678506111728,1965,
36678506111736,1965,
36678506111744,1965,
36678506114920,1965,
36678506114938,1965,
36678680133181,1965,
36678683630241,1965,
36678683635265,1965,
36678686036727,1965,
36678686036735,1965,
36678686036743,1965,
36678686068779,1965,
36678760107730,1965,
36678760109488,1965,
36678760109496,1965,
36678760109850,1965,
36678760110783,1965,
36678760116160,1965,
36678760116178,1965,
36678760117192,1965,
36678760120006,1965,
36678760120568,1965,
36678760121343,1965,
36678760122317,1965,
36678760125450,1965,
36678760126714,1965,
36678760127324,1965,
36678760127332,1965,
36678760127340,1965,
36678760127357,1965,
36678760128918,1965,
36678760128926,1965,
36678760133892,1965,
36678760136952,1965,
36678760141689,1965,
36678763630308,1965,
36678763630548,1965,
36678763630993,1965,
36678763631082,1965,
36678763631090,1965,
36678763632221,1965,
36678763632809,1965,
36678763634680,1965,
36678763635844,1965,
36678763636081,1965,
36678766036750,1965,
36678766036768,1965,
36678766036776,1965,
36678766036784,1965,
36678766036792,1965,
36678766036800,1965,
36678766036826,1965,
36678766036834,1965,
36678766036842,1965,
36678766036859,1965,
36678766036867,1965,
36678766036883,1965,
36678766036909,1965,
36678766036917,1965,
36678766036933,1965,
36678766036941,1965,
36678766036958,1965,
36678766036974,1965,
36678766036982,1965,
36678766037014,1965,
36678766037022,1965,
36678766037030,1965,
36678766037048,1965,
36678766037055,1965,
36678766037063,1965,
36678766037071,1965,
36678766037097,1965,
36678766037105,1965,
36678766037113,1965,
36678766037139,1965,
36678766037147,1965,
36678766037154,1965,
36678766037162,1965,
36678766037170,1965,
36678766059489,1965,
36678766059505,1965,
36678766059513,1965,
36678766061907,1965,
36678766061915,1965,
36678766061923,1965,
36678766067078,1965,
36678766067086,1965,
36678766068191,1965,
36678766068209,1965,
36678766068712,1965,
36678766068720,1965,
36678766098560,1965,
36678766109714,1965,
36678766110480,1965,
36678766112767,1965,
36678923636487,1965,
36678926037188,1965,
36679180106641,1965,
36679180108431,1965,
36679180108449,1965,
36679180113779,1965,
36679180138875,1965,
36679186037329,1965,
36679186037352,1965,
36679186037360,1965,
36679186037386,1965,
36679186101927,1965,
36679186105860,1965,
36679186106587,1965,
36679186109219,1965,
36679186109227,1965,
36679186110522,1965,
36679186113757,1965,
36679186117766,1965,
36679186118350,1965,
36679340110064,1965,
36679340125419,1965,
36679340137638,1965,
36679340138123,1965,
36679340140202,1965,
36679340142075,1965,
36679343630100,1965,
36679343630670,1965,
36679343630787,1965,
36679343638012,1965,
36679346059554,1965,
36679346114698,1965,
36679590101410,1965,
36679590101816,1965,
36679590114256,1965,
36679590117416,1965,
36679590119164,1965,
36679590124032,1965,
36679593633351,1965,
36679593638509,1965,
36679596037402,1965,
36679596037410,1965,
36679596037428,1965,
36679596108880,1965,
36679596110357,1965,
36679596114177,1965,
36738583630076,1965,
36738586035273,1965,
36738586109193,1965,
36738900111096,1965,
36738900118109,1965,
36738903630274,1965,
36738903630282,1965,
36738903631199,1965,
36738906035331,1965,
36738906035406,1965,
36738906035455,1965,
36738906104681,1965,
36739570110718,1965,
36739573630233,1965,
36739573630365,1965,
36739573630589,1965,
36739573631108,1965,
36739576036461,1965,
36739576037394,1965,
36739576106116,1965,
36739576106710,1965,
36739576108260,1965,
36739576112924,1965,
36739576112932,1965,
36750440112441,1965,
36750440114389,1965,
36750440116707,1965,
36750440118059,1965,
36750510115089,1965,
36750510136432,1965,
36750510136960,1965,
36750510137794,1965,
36750510138107,1965,
36750510139188,1965,
36750513630563,1965,
36750513630696,1965,
36750516035976,1965,
36750516106330,1965,
36750693630456,1965,
36750693637584,1965,
36750696037204,1965,
36750696037212,1965,
36750696037220,1965,
36750696037238,1965,
36750696037246,1965,
36750696037253,1965,
36750696037261,1965,
36750696037279,1965,
36750696037287,1965,
36750696037295,1965,
36750696037311,1965,
36750696109573,1965,
36750770108423,1965,
36750770110866,1965,
36750770122945,1965,
36750770141457,1965,
36750773630423,1965,
36750773630894,1965,
36750773631009,1965,
36750773631207,1965,
36750776035240,1965,
36750776035257,1965,
36750776035265,1965,
36750776037337,1965,
36750776107346,1965,
36750776110605,1965,
36750776112825,1965,
37103710108548,1965,
37103710115998,1965,
37103710120485,1965,
37103710120493,1965,
37103710124321,1965,
37103710128520,1965,
37103710128538,1965,
37103710134577,1965,
37103710136085,1965,
37103710137695,1965,
37103710137752,1965,
37103710138016,1965,
37103710138404,1965,
37103710138792,1965,
37103711996545,1965,
37103716069355,1965,
37103716119119,1965,
37679676037535,1965,
37679676106256,1965,
37679676109086,1965,
37679676109953,1965,
37679676118723,1965,
37679830134890,1965,
37679833730447,1965,
37679836037550,1965,
37679836115315,1965,
37679910108563,1965,
37679910111005,1965,
37679910119255,1965,
37679910136176,1965,
37679910139394,1965,
37679910140558,1965,
37679916037568,1965,
37679916037584,1965,
37679916037592,1965,
37679916037600,1965,
37679916037634,1965,
37679916037642,1965,
37679916037659,1965,
37679916037675,1965,
37679916037683,1965,
37679916037691,1965,
37679916037709,1965,
37679916037717,1965,
37679916037725,1965,
37679916037733,1965,
37679916037741,1965,
37679916069082,1965,
37679916093207,1965,
37679916101794,1965,
37679916106025,1965,
37679916110787,1965,
37679916112148,1965,
37679916112890,1965,
37679916118319,1965,
37680076037758,1965,
37680076037766,1965,
37680230101592,1965,
37680230105957,1965,
37680230105965,1965,
37680230108662,1965,
37680230114009,1965,
37680230119594,1965,
37680230127431,1965,
37680230135277,1965,
37680230138073,1965,
37680230141218,1965,
37680236037824,1965,
37680236037832,1965,
37680236037840,1965,
37680236037857,1965,
37680236037865,1965,
37680236037873,1965,
37680236037881,1965,
37680236037899,1965,
37680236037907,1965,
37680236037915,1965,
37680236037923,1965,
37680236037931,1965,
37680236037949,1965,
37680236037956,1965,
37680236037964,1965,
37680236037972,1965,
37680236037980,1965,
37680236037998,1965,
37680236038004,1965,
37680236038012,1965,
37680236038020,1965,
37680236038038,1965,
37680236038046,1965,
37680236066971,1965,
37680236069090,1965,
37680236070825,1965,
37680236095020,1965,
37680236095038,1965,
37680236107775,1965,
37680236108492,1965,
37680236109771,1965,
37680236111322,1965,
37680236113021,1965,
37680236115646,1965,
37680236115778,1965,
37680236116396,1965,
37680236116859,1965,
37680236118970,1965,
37680236118988,1965,
37680313731478,1965,
37680316038053,1965,
37680316038087,1965,
37680316059570,1965,
37680490127118,1965,
37680490129221,1965,
37680490132506,1965,
37680490136416,1965,
37680490136614,1965,
37680496038095,1965,
37680560110114,1965,
37680560114686,1965,
37680560141374,1965,
37680566038111,1965,
37680566088983,1965,
37680566110696,1965,
37680566115620,1965,
37680566117923,1965,
37680566120596,1965,
37680806038145,1965,
37680806038152,1965,
37680806066989,1965,
37680806095046,1965,
37680806099402,1965,
37680806106132,1965,
37680806108534,1965,
37680806112445,1965,
37680806117709,1965,
37680980101535,1965,50000
37680980102590,1965,
37680980102608,1965,
37680980107862,1965,
37680980107870,1965,
37680980131813,1965,
37680980141309,1965,
37680986038178,1965,
37680986038186,1965,
37680986038194,1965,
37680986038202,1965,
37680986038210,1965,
37680986038228,1965,
37680986038236,1965,
37680986038244,1965,
37680986038251,1965,
37680986038939,1965,
37680986038947,1965,
37680986066997,1965,
37680986093215,1965,
37680986102750,1965,
37680986105944,1965,
37680986107882,1965,
37680986110381,1965,
37680986111769,1965,
37680986116776,1965,
37681060111195,1965,
37681060127241,1965,
37681060137034,1965,
37681063730058,1965,
37681063731023,1965,
37681063732054,1965,
37681063732062,1965,
37681063735313,1965,
37681140115519,1965,
37681140131920,1965,
37681146038269,1965,
37681146038277,1965,
37681146038285,1965,
37681146038301,1965,
37681146096515,1965,
37681146096911,1965,
37681146109524,1965,
37681146116420,1965,
37681223730967,1965,
37681223732179,1965,
37681223732195,1965,
37681300128793,1965,
37681300128819,1965,
37681300132548,1965,
37681300139063,1965,
37681303730066,1965,
37681303730702,1965,
37681303731262,1965,
37681303731486,1965,
37681303731536,1965,
37681303731692,1965,
37681303731809,1965,
37681303732336,1965,
37681303732559,1965,
37681303732625,1965,
37681303732732,1965,
37681303734548,1965,
37681303734761,1965,
37681303737905,1965,
37681556117303,1965,
37681630128421,1965,
37681630137109,1965,
37681630138156,1965,
37681630138628,1965,
37681630139402,1965,
37681633731239,1965,
37681636038327,1965,
37681636105845,1965,
37681713733219,1965,
37681893731072,1965,
37681896038343,1965,
37681896038350,1965,
37681896038368,1965,
37681896038376,1965,
37681896038384,1965,
37681896038392,1965,
37681896085047,1965,
37681896107742,1965,
37681896110092,1965,
37681896120901,1965,
37681970132290,1965,
37681970132431,1965,
37681970132951,1965,
37681970134155,1965,
37681970136408,1965,
37681976038400,1965,
37681976038418,1965,
37681976038434,1965,
37681976038442,1965,
37681976038459,1965,
37681976038467,1965,
37681976038475,1965,
37681976038509,1965,
37681976038517,1965,
37681976038525,1965,
37681976038533,1965,
37681976038541,1965,
37681976038558,1965,
37681976038566,1965,
37681976038574,1965,
37681976070833,1965,
37681976098446,1965,
37681976111207,1965,
37682050141499,1965,
37682050141812,1965,
37682056038608,1965,
37682056038624,1965,
37682056038632,1965,
37682056038657,1965,
37682056038665,1965,
37682056038673,1965,
37682130123224,1965,
37682130126995,1965,
37682130127084,1965,
37682130136978,1965,
37682130138636,1965,
37682133730991,1965,
37682133734878,1965,
37682136038681,1965,
37682136038699,1965,
37682136085054,1965,
37682136097190,1965,
37682210101360,1965,
37682216038731,1965,
37682216038749,1965,
37682216038756,1965,
37682216038764,1965,
37682216038772,1965,
37682216038780,1965,
37682216038798,1965,
37682216038806,1965,
37682216038814,1965,
37682216108559,1965,
37682960102822,1965,
37682960108332,1965,
37682960111187,1965,
37682960116475,1965,
37682960116764,1965,
37682960118935,1965,
37682960129056,1965,
37682960141390,1965,
37682963730074,1965,
37682963730819,1965,
37682963731528,1965,
37682963735842,1965,
37682963735867,1965,
37682966038970,1965,
37682966038988,1965,
37682966038996,1965,
37682966039002,1965,
37682966039010,1965,
37682966070841,1965,
37682966070858,1965,
37682966070866,1965,
37682966085088,1965,
37682966093223,1965,
37682966093231,1965,
37682966095053,1965,
37682966097208,1965,
37682966097216,1965,
37682966099444,1965,
37682966106520,1965,
37682966107460,1965,
37682966109300,1965,
37682966109318,1965,
37682966109326,1965,
37682966110878,1965,
37682966110886,1965,
37682966111306,1965,
37682966111314,1965,
37682966114854,1965,
37682966117469,1965,
37683040102178,1965,
37683040131250,1965,
37683040131268,1965,
37683043735958,1965,
37683043735974,1965,
37683046039028,1965,
37683046039036,1965,
37683046105555,1965,
37683046105563,1965,
37683046107999,1965,
37683046110720,1965,
37683126039051,1965,
37683380101204,1965,
37683380101345,1965,
37683380106732,1965,
37683380106799,1965,
37683380107078,1965,
37683380107086,1965,
37683380107094,1965,
37683380107102,1965,
37683380107177,1965,
37683380107219,1965,
37683380107482,1965,
37683380107573,1965,
37683380108266,1965,
37683380108274,1965,
37683380108282,1965,
37683380108290,1965,
37683380108787,1965,
37683380109033,1965,
37683380109157,1965,
37683380111864,1965,
37683380111898,1965,
37683380111906,1965,
37683380114025,1965,
37683380114033,1965,
37683380114041,1965,
37683380114462,1965,
37683380116939,1965,
37683380117325,1965,
37683380118083,1965,
37683380118315,1965,
37683380118851,1965,
37683380119610,1965,
37683380120410,1965,
37683380121681,1965,
37683380122788,1965,
37683380123778,1965,
37683380124115,1965,
37683380124347,1965,
37683380126730,1965,
37683380126938,1965,
37683380127647,1965,
37683380129387,1965,
37683380129395,1965,
37683380131565,1965,
37683380131979,1965,
37683380132316,1965,
37683380135913,1965,
37683380136663,1965,
37683380140319,1965,
37683380140384,1965,
37683380141317,1965,
37683383730116,1965,
37683383730173,1965,
37683383730181,1965,
37683383730231,1965,
37683383730314,1965,
37683383730363,1965,
37683383730371,1965,
37683383730751,1965,
37683383730884,1965,
37683383730959,1965,
37683383731056,1965,
37683383731130,1965,
37683383731189,1965,
37683383731213,1965,
37683383731247,1965,
37683383731395,1965,
37683383731551,1965,
37683383732781,1965,
37683383732997,1965,
37683383733508,1965,
37683383733698,1965,
37683383734431,1965,
37683383734654,1965,
37683383735750,1965,
37683383737962,1965,
37683386039101,1965,
37683386039119,1965,
37683386039135,1965,
37683386039143,1965,
37683386039150,1965,
37683386039168,1965,
37683386039184,1965,
37683386039200,1965,
37683386039242,1965,
37683386039259,1965,
37683386039267,1965,
37683386039283,1965,
37683386039291,1965,
37683386039309,1965,
37683386039341,1965,
37683386039358,1955,
37683386039366,1965,
37683386039374,1965,
37683386039382,1965,
37683386039390,1965,
37683386039424,1965,
37683386039432,1965,
37683386039440,1965,
37683386039457,1965,
37683386039481,1965,
37683386039499,1965,
37683386039507,1965,
37683386039515,1965,
37683386039523,1965,
37683386039556,1965,41294
37683386039564,1965,
37683386039572,1965,
37683386039598,1965,
37683386039606,1965,
37683386039614,1965,
37683386039630,1965,
37683386039648,1965,
37683386039655,1965,
37683386039671,1965,
37683386039697,1965,
37683386039705,1965,
37683386039713,1965,
37683386039721,1965,
37683386039739,1965,
37683386039747,1965,
37683386039754,1965,
37683386039762,1965,
37683386039770,1965,
37683386039788,1965,
37683386039796,1965,
37683386039804,1965,
37683386039812,1965,
37683386039846,1965,
37683386039853,1965,
37683386039861,1965,
37683386039879,1965,
37683386039887,1965,
37683386039903,1965,
37683386039911,1965,
37683386039929,1965,
37683386039952,1965,
37683386039960,1965,
37683386039978,1965,
37683386040000,1965,
37683386040018,1965,
37683386040026,1965,
37683386040034,1965,
37683386040042,1965,
37683386040059,1965,
37683386040067,1965,
37683386040083,1965,
37683386040091,1965,
37683386040109,1965,
37683386040117,1965,
37683386040133,1965,
37683386040141,1965,
37683386040158,1965,
37683386040166,1965,
37683386040174,1965,
37683386040190,1965,
37683386040208,1954,
37683386040224,1965,
37683386040232,1965,
37683386040257,1965,
37683386040265,1965,
37683386040273,1965,
37683386040281,1965,
37683386040299,1965,
37683386040307,1965,
37683386059588,1965,
37683386059596,1965,
37683386059604,1965,
37683386059638,1965,
37683386059646,1965,
37683386059653,1965,
37683386059679,1965,
37683386059687,1965,
37683386059695,1965,
37683386059703,1965,
37683386059711,1965,
37683386061964,1965,
37683386061972,1965,
37683386061980,1965,
37683386069116,1965,
37683386071914,1965,
37683386077317,1965,
37683386089015,1965,
37683386089023,1965,
37683386089049,1965,
37683386089056,1965,
37683386089064,1965,
37683386093256,1965,
37683386096051,1965,
37683386096598,1965,
37683386096879,1965,
37683386097844,1965,
37683386099055,1965,
37683386099063,1965,
37683386099071,1965,
37683386099089,1965,
37683386106173,1965,
37683386106181,1965,
37683386106199,1965,
37683386107056,1965,
37683386109599,1965,
37683386112460,1965,
37683386112478,1965,
37683386112726,1965,
37683386113211,1965,
37683386114060,1965,
37683386114292,1965,
37683386114300,1965,
37683386114375,1965,
37683386115331,1965,
37683386115570,1965,
37683386117279,1965,
37683386117683,1965,
37683386119135,1965,
37683386119168,1965,
37683386119598,1965,
37683460106328,1965,
37683460131649,1965,
37683463730033,1965,
37683463731007,1965,
37683463737384,1965,
37683463737418,1965,
37683466059737,1965,
37683466061998,1965,
37683466104749,1965,
37683466117352,1965,
37683536040331,1965,
37683616040349,1965,
37683616040356,1965,
37683616040364,1965,
37683616040372,1965,
37683616040380,1965,
37683616040406,1965,
37683616068159,1965,
37683616085153,1965,
37683616085161,1965,
37683616111041,1965,
37683616120190,1965,
37683790123000,1965,
37683790137737,1965,
37683796085146,1965,
37683796089007,1965,
37683796093264,1965,
37683796098453,1965,
37683796119341,1965,
37683870105825,1965,
37683870129049,1965,
37683876040455,1965,
37683876070882,1965,
37683876106140,1965,
37683876111181,1965,
37683876112353,1965,
37683950140327,1965,
37683956040463,1965,
37683956040471,1965,
37683956040489,1965,
37683956040505,1965,
37683956040513,1965,
37683956040521,1965,
37683956040539,1965,
37683956067029,1965,
37683956094973,1965,
37683956098487,1965,
37683956116008,1965,
37684030125401,1965,
37684036040554,1876,
37684036120893,1965,
37684110111831,1965,
37684110115873,1965,
37684110126086,1965,
37684110140939,1965,
37684113730124,1965,
37684113730405,1965,
37684113730801,1965,
37684113730843,1965,
37684113731064,1965,
37684113731155,1965,
37684113731304,1965,
37684113731460,1965,
37684113731502,1965,
37684113731627,1965,
37684113732047,1965,
37684113732849,1965,
37684113733953,1965,
37684113738226,1965,
37684113738234,1965,
37684116059745,1965,
37684116059752,1965,
37684116059760,1965,
37684116059778,1965,
37684116059786,1965,
37684116059794,1965,
37684116062004,1965,
37684116062012,1965,
37684116070890,1965,
37684116114276,1965,
37684116117154,1965,
37684116120968,1965,
37684376040562,1965,
37684520100925,1965,
37684520100933,1965,
37684520105882,1965,
37684520106120,1965,
37684520111237,1965,
37684520114264,1965,
37684520114637,1965,
37684520115451,1965,
37684520118430,1965,
37684520124917,1965,
37684520126300,1965,
37684520128223,1965,
37684523730728,1965,
37684523730942,1965,
37684523732039,1965,
37684523738705,1965,
37684526040588,1965,
37684526040596,1965,
37684526040604,1965,
37684526040620,1965,
37684526040638,1965,
37684526040653,1965,
37684526059802,1965,
37684526059810,1965,
37684526069124,1965,
37684526107031,1965,
37684526107577,1965,
37684526107585,1965,
37684526108708,1965,
37684526110399,1965,
37684526110407,1965,
37684526112221,1965,
37735510107557,1965,
37735510113498,1965,
37735510127423,1965,
37735513730017,1965,
37735513730694,1965,
37735513731163,1965,
37735516037774,1965,
37735516037782,1965,
37735516037790,1965,
37735516037816,1965,
37735516099352,1965,
37735516106512,1965,
37735516109201,1965,
37735516116578,1965,
37735516118137,1965,
37735516120711,1965,
37735690136267,1965,
37735693731221,1965,
37737910105684,1965,
37737910105726,1965,
37737910111468,1965,
37737910116467,1965,
37737910131433,1965,
37737910138222,1965,
37737913730215,1965,
37737913730793,1965,
37737913737632,1965,
37737916039069,1965,
37737916039077,1965,
37737916039085,1965,
37737916039093,1965,
37737916095061,1965,
37737916105993,1965,
37737916107148,1965,
37737916108872,1965,
37737916114169,1965,
37737916115349,1965,
37737916116206,1965,
37754160132472,1965,
37754160138651,1965,
37754160139378,1965,
37754160139386,1965,
37754160139451,1965,
37754163730975,1965,
37754166040661,1965,
37756140100511,1965,
37756143731114,1965,
37756143731312,1965,
37756143731601,1965,
37756146038962,1965,
37756146093272,1965,
37756146106124,1965,
37756146112494,1965,
37764710114678,1965,
37764710114694,1965,
37764710119271,1965,
37764710123042,1965,
37764710123059,1965,
37764710127605,1965,
37764710137067,1965,
37764710138768,1965,
37764710138776,1965,
37768510110122,1965,
37768510129320,1965,
37768516037543,1965,
37768516108567,1965,
37768516113468,1965,
37770990136077,1965,
37771070136473,1965,
37771560137323,1965,
37771640137356,1965,
37771720138099,1965,
38103893830361,1965,
38103893830395,1965,
38103893830445,1965,
38103896069561,1965,
38684780101337,1965,
38684780101352,1965,
38684780101774,1965,
38684780102103,1965,
38684780107300,1965,
38684780111427,1965,
38684780118141,1965,
38684780119875,1965,
38684780119958,1965,
38684780120386,1965,
38684780123117,1965,
38684780123265,1965,
38684780123505,1965,
38684780127530,1965,
38684780132241,1965,
38684783830031,1965,
38684783830064,1965,
38684783830197,1965,
38684783830205,1965,
38684783830254,1965,
38684783830288,1965,
38684783830387,1965,
38684783830403,1965,
38684783830429,1965,
38684783830437,1965,500
38684783831765,1965,
38684783833241,1965,
38684783833407,1965,
38684783834082,1965,
38684783834769,1965,
38684783839081,1965,
38684786040695,1965,
38684786040703,1965,
38684786040737,1965,
38684786040752,1965,
38684786040760,1965,
38684786040778,1965,
38684786040828,1965,
38684786040836,1965,
38684786040851,1965,
38684786040877,1965,
38684786040893,1965,
38684786040919,1965,
38684786040935,1965,
38684786040943,1965,
38684786040950,1965,
38684786040968,1965,
38684786040984,1965,
38684786041008,1965,
38684786041016,1965,
38684786041040,1965,
38684786041065,1965,
38684786041073,1965,
38684786041115,1965,
38684786041123,1965,
38684786041131,1965,
38684786041149,1965,
38684786041156,1965,
38684786041206,1965,
38684786041230,1965,
38684786041255,1965,
38684786041271,1965,
38684786041289,1965,
38684786041305,1965,
38684786041321,1965,
38684786041339,1965,
38684786041347,1965,
38684786041362,1965,
38684786041412,1965,
38684786041420,1965,
38684786041438,1965,
38684786041446,1965,
38684786041487,1965,
38684786041503,1965,
38684786041511,1965,
38684786041529,1965,
38684786041545,1965,
38684786041560,1965,
38684786041578,1965,
38684786041586,1965,
38684786041594,1965,
38684786041602,1965,
38684786041610,1965,
38684786041644,1965,
38684786041685,1965,
38684786041701,1965,
38684786041727,1965,
38684786059828,1965,
38684786059844,1965,
38684786059851,1965,
38684786059869,1965,
38684786059885,1965,
38684786059901,1965,
38684786059919,1965,
38684786062020,1965,
38684786062038,1965,
38684786062046,1965,
38684786062053,1965,
38684786062061,1965,
38684786062079,1965,
38684786089569,1965,
38684786089585,1965,
38684786089775,1965,
38684786093488,1965,
38684786093496,1965,
38684786097919,1965,
38684786099154,1965,
38684786102479,1965,
38684786104673,1965,
38684786112601,1965,
38684786113245,1965,
38684786113252,1965,
38684786113997,1965,
38684786115901,1965,
38769270132183,1910,
38771310137307,1965,
39103970120717,1965,
39103970124958,1965,
39103973930195,1965,
39103973930468,1965,
39103973930476,1965,
39103976069215,1965,
39685020126011,1965,
39685023930054,1965,
39685023932308,1965,
39685026041784,1965,
39685026041792,1965,
39685026041800,1965,
39685026041834,1965,
39685026070957,1965,
39685440105718,1965,
39685446041875,1965,
39685446110373,1965,
39685446117618,1965,
39685690132415,1965,
39685693933793,1965,
39685693933801,1965,
39685696041891,1965,
39685696041909,1965,
39685696041917,1965,
39685696041925,1965,
39685696041933,1965,
39685696095210,1965,
39685696104020,1965,
39685696105738,1965,
39685696111462,1965,
39685770118307,1965,
39685773933959,1965,
39685776041966,1965,
39685776041974,1965,
39685776041990,1965,
39685776042006,1965,
39685850100560,1965,
39685850101956,1965,
39685850102632,1965,
39685850102640,1965,
39685850102657,1965,
39685850108209,1965,
39685850108217,1965,
39685850108225,1965,
39685850111286,1965,
39685850111419,1965,
39685850116608,1965,
39685850122580,1965,
39685850125369,1965,
39685850133678,1965,
39685850139261,1965,
39685853930237,1965,
39685853930278,1965,
39685853930344,1965,
39685853930443,1965,
39685853934759,1965,
39685853934767,1965,
39685853934783,1965,
39685856042055,1965,
39685856042063,1965,
39685856042071,1965,
39685856042097,1965,
39685856042121,1965,
39685856042139,1965,
39685856042147,1965,
39685856042154,1965,
39685856042170,1965,
39685856042188,1965,
39685856042196,1965,
39685856042204,1965,
39685856042220,1965,
39685856042295,1965,
39685856097760,1965,
39685856098057,1965,
39685856100341,1965,
39685856100366,1965,
39685856104038,1965,
39685856104426,1965,
39685856107114,1965,
39685856108807,1965,
39685856108856,1965,
39685856109839,1965,
39685856110944,1965,
39685856111983,1965,
39685856116594,1965,
39685856117675,1965,
39685856118921,1965,
39685856120059,1965,
39685930101576,1965,
39685930105973,1965,
39685930108613,1965,
39685930112565,1965,
39685930113357,1965,
39685930116376,1965,
39685930141424,1965,
39685933930310,1965,
39685933930328,1965,
39685933932001,1965,
39685933935103,1965,
39685933935111,1965,
39685936042311,1965,
39685936042329,1965,
39685936042337,1965,
39685936042345,1965,
39685936042360,1965,
39685936042378,1965,
39685936042386,1965,
39685936042394,1965,
39685936104533,1965,
39685936107429,1965,
39685936108237,1965,
39685936109532,1965,
39685936110555,1965,
39685936112197,1965,
39685936114847,1965,
39685936115414,1965,
39685936118509,1965,
39685936120505,1965,
39686196042428,1965,
39686270117796,1965,
39686270126755,1965,
39686270127191,1965,
39686270129890,1965,
39686270129916,1965,
39686270132050,1965,
39686270133116,1965,
39686270136028,1876,
39686270136135,1965,
39686276042436,1965,
39686276119309,1965,
39686356042444,1965,
39686500108035,1965,
39686500125849,1965,
39686500128215,1965,
39686503935756,1965,
39686506042477,1965,
39686506042485,1965,
39686506106322,1965,
39686506109284,1965,
39686760100206,1965,
39686760108159,1965,
39686760108647,1965,
39686760111310,1965,
39686760111328,1965,
39686760111344,1965,
39686760111351,1965,
39686760111369,1965,
39686760114876,1965,
39686760115303,1965,
39686760115402,1965,
39686760118497,1965,
39686760118752,1965,
39686760119784,1965,
39686760120725,1965,
39686760120733,1965,
39686760121541,1965,
39686760121798,1965,
39686760136283,1965,
39686760139865,1965,
39686760139907,1965,
39686760139923,1965,
39686760140020,1965,
39686760140616,1965,
39686760141358,1965,
39686763930211,1965,
39686763930427,1965,
39686763932100,1965,
39686763932654,1965,
39686763937406,1965,
39686766042501,1965,
39686766042519,1965,
39686766042535,1965,
39686766042543,1965,
39686766042550,1965,
39686766042568,1965,
39686766042576,1965,
39686766042600,1965,
39686766042618,1965,
39686766042626,1965,
39686766042634,1965,
39686766042667,1965,
39686766042683,1965,
39686766042691,1965,
39686766042709,1965,
39686766042717,1965,
39686766042741,1965,
39686766042758,1965,
39686766042766,1965,
39686766042774,1965,
39686766042790,1965,
39686766042808,1965,
39686766042824,1965,
39686766095236,1965,
39686766098651,1965,
39686766098677,1965,
39686766104368,1965,
39686766104665,1965,
39686766115422,1965,
39686766116115,1965,
39686766118871,1965,
39754990102384,1965,
39754990102392,1965,
39754990108357,1965,
39754990114140,1965,
39754990119040,1965,
39754990139949,1965,
39754993930302,1965,
39754993930393,1965,
39754993938008,1965,
39754996042832,1965,
39754996042840,1965,
39754996042857,1965,
39754996042865,1965,
39754996042881,1965,
39754996106488,1965,
39754996107973,1965,
39754996108997,1965,
39754996109003,1965,
39754996110530,1965,
39754996114490,1965,
39754996118665,1965,
39754996118699,1965,
39767600106484,1965,
39767600114645,1965,
39767600121046,1965,
39767600128967,1965,
39767600129312,1965,
39767600137075,1965,
39767600139956,1965,
39767600142059,1965,
39767606041883,1965,
39773880140392,1965,
39773886041750,1965,
40104050101725,1965,
40104050125807,1965,
40104054030078,1965,
40104054030250,1965,
40104056106769,1965,
40687004030102,1965,
40687004030151,1965,
40687004030755,1965,
40687006042907,1953,
40687006042915,1965,
40687006042931,1947,
40687006042949,1961,
40687006042956,1965,
40687006042964,1958,
40687006107544,1965,
40687006111058,1965,
40687006117980,1965,
40687266042998,1965,
40687590110486,1965,
40687590125328,1965,
40687590140194,1965,
40687594030268,1965,
40687594030557,1965,
40687594033205,1965,
40687596043012,1965,
40687596043020,1965,
40687596043038,1965,
40687596043046,1965,
40687596043053,1965,
40687596043061,1965,
40687596043079,1965,
40687596043087,1965,
40687596043095,1965,
40687596043103,1965,
40687596043111,1965,
40687596043129,1965,
40687596109342,1965,
40687916043186,1965,
40688090118695,1965,
40688094030045,1965,
40688094034807,1965,
40688094036703,1965,
40688096043194,1965,
40688096043202,1965,
40688096043210,1965,
40688096043236,1965,
40688096043244,1965,
40688096043269,1965,
40688096043277,1965,
40688096043285,1965,
40688096043301,1965,
40688096067102,1965,
40688096096325,1965,
40688096097349,1965,
40688096110621,1965,
40688250108522,1965,
40688256043319,1965,
40688334037008,1965,
40688336043335,1965,
40688336043343,1965,
40688414030128,1965,
40688414030185,1965,
40688414037701,1965,
40688416106371,1965,
40688416112155,1965,
40688416118145,1965,
40754654030144,1965,
40754654032009,1965,
40754656042972,1965,
40754656042980,1965,
41104130113332,1965,
41104130117143,1965,
41104130128652,1965,
41104130135269,1965,
41104134130076,1965,
41104136069363,1965,
41688660121111,1965,
41688666043434,1965,
41688666043442,1965,
41688666043459,1965,
41688666043475,1965,
41688666043483,1965,
41688666114771,1965,
41688820133157,1965,
41688826043525,1965,
41688826043541,1965,
41688826043566,1965,
41688826043574,1965,
41688826043590,1965,
41688826043608,1965,
41688906043616,1965,
41689086043673,1965,
41689086043681,1965,
41689086043699,1965,
41689086043707,1965,
41689160112284,1965,
41689166043723,1965,
41689166043756,1965,
41689166043772,1965,
41689166043780,1965,
41689166043798,1965,
41689166043806,1965,
41689166043822,1965,
41689166043848,1965,
41689166043855,1965,
41689166043871,1965,
41689166043897,1965,
41689166043905,1965,
41689166043913,1965,
41689166115364,1965,
41689240127548,1965,
41689244133393,1965,
41689244135075,1965,
41689244137535,1965,
41689244137592,1965,
41689244137790,1965,
41689320105874,1965,
41689320132217,1965,
41689324130126,1965,
41689326043939,1965,
41689326044044,1965,
41689326044051,1965,
41689326044069,1965,
41689404135331,1965,
41689406044077,1965,
41689406044085,1965,
41689576044093,1965,
41689576044127,1965,
41689656044135,1965,
41689656044150,1965,
41689656044168,1965,
41689656044176,1965,
41689816044275,1965,
41689816044283,1965,
41689990126649,1965,
41689990134197,1965,
41689990135608,1965,
41689990136093,1965,
41689996044309,1965,
41689996044325,1965,
41690050127282,1965,
41690050132068,1965,
41690050132076,1965,
41690056044424,1965,
41690056044432,1965,
41690056044473,1965,
41690056044499,1965,
41690056044507,1965,
41690056044531,1965,
41690056044556,1965,
41690056044572,1965,
41690056044580,1965,
41690056044598,1965,
41690056102941,1965,
41690056115026,1965,
41690136044010,1965,
41690136044614,1965,
41690136044648,1965,
41690136044671,1965,
41690136044697,1965,
41690210133645,1965,
41690210138685,1965,
41690216044721,1965,
41690216044739,1965,
41690216044747,1965,
41690216044754,1965,
41690216044770,1965,
41690216044788,1965,
41690216112213,1965,
41690390136242,1965,
41690390140137,1965,
41690396044796,1965,
41690396044804,1965,
41690396044812,1965,
41690396044838,1965,
41690396044846,1965,
41690396044853,1965,
41690396044861,1965,
41690396044887,1965,
41690396044895,1965,
41690396044903,1965,
41690396044911,1965,
41690396044945,1965,
41690396044952,1965,
41690396044960,1965,
41690396044978,1965,
41690396044986,1965,
41690396044994,1965,
41690396045017,1965,
41690396112650,1965,
41690470129759,1965,
41690470135814,1965,
41690474130217,1965,
41690474130472,1965,
41690474130738,1965,
41690474133070,1965,
41690474134557,1965,
41690474136370,1965,
41690620112722,1965,
41690620119503,1965,
41690620126722,1965,
41690620138420,1965,
41690620139915,1965,
41690624130993,1965,
41690624133716,1965,
41690624135687,1965,
41690624136693,1965,
41690624138053,1965,
41690700127563,1965,
41690700131730,1965,
41690704130324,1965,
41690704132551,1965,
41690704137279,1965,
41690706045041,1965,
41690706045082,1965,
41690706045090,1965,
41690706045108,1965,
41690706045116,1965,
41690706045132,1965,
41690706045140,1965,
41690706045157,1965,
41690706059976,1965,
41690706059984,1965,
41690706067128,1965,
41690706068282,1965,
41690886045165,1965,
42104214230157,1965,
42104214230207,1965,
42104216069223,1965,
42691046045256,1965,
42691120111773,1965,
42691120124255,1965,
42691120137877,1965,
42691120137885,1965,
42691126045264,1965,
42691200102848,1965,
42691200102855,1965,
42691200102863,1965,
42691200131623,1965,
42691200139824,1965,
42691206045272,1965,
42691206045959,1965,
42691206045967,1965,
42691206045975,1965,
42691206045991,1965,
42691206046007,1965,
42691206046015,1965,
42691206046023,1965,
42691206046031,1965,
42691206046049,1965,
42691206046056,1965,
42691206046064,1965,
42691206107007,1965,
42691206109268,1965,
42691206119812,1965,
42691206119820,1965,
42691386045280,1965,
42691386119804,1965,
42691460102129,1965,
42691464230587,1965,
42691466045298,1965,
42691466045306,1965,
42691466045322,1965,
42691466060008,1965,
42691616045348,1965,
42691796045355,1965,
42691796045371,1965,
42691796118434,1965,15015
42691956045405,1965,
42691956045421,1965,
42691956045447,1965,
42691956045462,1965,
42691956045470,1965,
42691956045488,1965,
42691956045496,1965,
42691956045504,1965,
42691956067110,1965,
42692036045512,1965,
42692036045520,1965,
42692116045538,1965,
42692116045546,1965,
42692116045553,1965,
42692290100651,1965,
42692290132738,1965,
42692294230454,1965,
42692294233029,1965,
42692294233060,1965,
42692296045561,1965,
42692296045579,1965,
42692296045587,1965,
42692296045595,1965,
42692296045611,1965,
42692296045629,1965,
42692296045645,1965,
42692296045660,1965,
42692296060016,1965,
42692296060024,1965,
42692296068902,1965,
42692526045728,1965,
42692600116434,1965,
42692600141168,1965,
42692606045702,1965,
42692606045736,1965,
42692606045744,1965,
42692606045751,1965,
42692606045777,1965,
42692606045785,1965,
42692606045793,1965,
42692606045801,1965,
42693100102285,1965,
42693104231452,1965,
42693104234613,1965,
42693104236030,1965,
42693284230074,1965,
42693284236345,1965,
42750100138891,1965,
42750104230173,1965,
42750104231205,1965,
42750106045389,1965,
42767860120402,1965,
42767860123885,1965,
42767864231726,1965,
42767864232690,1965,
42767864235230,1965,
42767864235727,1965,
42767866045819,1965,
42767866045827,1965,
42767866045835,1965,
42767866045850,1965,
42767866045884,1932,
42767866045892,1965,
42767866045918,1965,
42767866045926,1965,
42767866045934,1965,
42767866060032,1965,
42767866060040,1965,
42767866060057,1965,
42767866062095,1965,
42767866111603,1965,
42767866116875,1965,
42767866118202,1965,
42771980138362,1965,
42772060138370,1965,
42772140138388,1965,
42772220138396,1965,
43104390106534,1965,
43104390111880,1965,
43104390113431,1965,
43104390113704,1965,
43104390116814,1965,
43104390119024,1965,
43104390120642,1965,
43104390121483,1965,
43104390123257,1965,
43104390123281,1965,
43104390123794,1965,
43104390124065,1965,
43104390125781,1965,
43104390125799,1965,
43104390127969,1965,
43104390129213,1965,
43104390131110,1965,
43104390131748,1965,
43104390132530,1965,
43104390133496,1965,
43104390135087,1965,
43104394330254,1965,
43104394330320,1965,
43104396069371,1965,
43693690106633,1965,
43693690107748,1965,
43693690107763,1965,
43693690108167,1965,
43693690114900,1965,
43693690125526,1965,
43693690126284,1965,
43693690129924,1965,
43693690135749,1965,
43693696046114,1965,
43693696046122,1965,
43693696046155,1965,
43693696046189,1965,
43693696046213,1965,
43693696046221,1965,
43693696046239,1965,
43693696046247,1965,
43693696046254,1965,
43693696046270,1965,
43693696046304,1965,
43693696046312,1965,
43693696046320,1965,
43693696046338,1965,
43693696068910,1965,
43693696089270,1965,
43693776046361,1965,
43693776046379,1965,
43693776046387,1965,
43693776046395,1965,
43693776046403,1965,
43693776067177,1965,
43693776068928,1965,
43693776089288,1965,
43693776093033,1965,
43693776093041,1965,
43693776095335,1965,
43693776095343,1965,
43693776095350,1965,
43693776111348,1965,
43693850133439,1965,
43693856046411,1965,
43693856046445,1965,
43693856046452,1965,
43693856046486,1965,
43693856046494,1965,
43693930106005,1965,
43693930137273,1965,
43693936046510,1965,
43693936046536,1965,
43693936046544,1965,
43693936046577,1965,
43693936046601,1965,
43693936046619,1965,
43693936046627,1965,
43693936046668,1965,
43693936046676,1965,
43693936046692,1965,
43694014330239,1965,
43694014330759,1965,
43694014330866,1965,
43694014331955,1965,
43694014336137,1965,
43694014338505,1965,
43694190108126,1965,
43694196046718,1965,
43694196046742,1965,
43694196046759,1965,
43694196046767,1965,
43694196046775,1965,
43694196046809,1965,
43694196046841,1965,
43694196046882,1965,
43694196046890,1965,
43694196046908,1965,
43694196046932,1965,
43694196046940,1965,
43694196046957,1965,
43694196046965,1965,
43694196046981,1965,
43694196047005,1965,
43694196047039,1965,
43694196047088,1965,
43694196047096,1965,
43694196047104,1965,
43694196047112,1965,
43694196067185,1965,
43694270107151,1965,
43694270116889,1965,
43694270125427,1965,
43694270125617,1965,
43694270130856,1965,
43694270131995,1965,
43694270132274,1965,
43694274330015,1965,
43694274330023,1965,
43694274330031,1965,
43694274330312,1965,
43694274330353,1965,
43694274330361,1965,
43694274330668,1965,
43694274330676,1965,
43694274330692,1965,
43694274330726,1965,
43694274332318,1965,
43694274332995,1965,
43694274333639,1965,
43694274334900,1965,
43694274335204,1965,
43694274335428,1965,
43694274335907,1965,
43694274337903,1965,
43694350102616,1965,
43694356047120,1965,
43694356047138,1965,
43694356047146,1965,
43694356047153,1965,
43694356047161,1965,
43694356047179,1965,
43694356067193,1965,
43694356085690,1965,
43694356095988,1965,
43694356102081,1965,
43694356105787,1965,
43694356110159,1965,
43694356111942,1965,
43694356115851,1965,
43694356117956,1965,
43694500108696,1965,
43694500113662,1965,
43694500123299,1965,
43694500127225,1965,
43694500128108,1965,
43694500129205,1965,
43694500129247,1965,
43694506047195,1965,
43694506047203,1965,
43694506047211,1965,
43694506047229,1965,
43694506047237,1965,
43694506047245,1965,
43694506047252,1965,
43694506047260,1965,
43694506047278,1965,
43694506067201,1965,
43694506071542,1965,
43694506105795,1965,
43694506109433,1965,
43694506115943,1965,
43694684330569,1965,
43694684331799,1958,
43694684332474,1965,
43694684333316,1962,
43694684334421,1965,
43694684334462,1965,
43694840100990,1965,
43694840114496,1965,
43694840118380,1965,
43694840123760,1965,
43694844332839,1965,
43694844334850,1965,
43694846047286,1965,
43694846047294,1965,
43694846047302,1965,
43694846047310,1965,
43694846047328,1965,
43694846047336,1965,
43694846098214,1965,
43694846106991,1965,
43694846111785,1965,
43694926047351,1881,4600
43695006047369,1965,
43695006093058,1965,
43695186047377,1965,
43695186047385,1965,
43695186047401,1965,
43695186047427,1965,
43695186047435,1965,
43695186047450,1965,
43695186047468,1965,
43695186047492,1965,
43695186047500,1965,
43695266047518,1965,
43695266047526,1965,
43695266047534,1965,
43695266047542,1965,
43695266047567,1965,
43695344334371,1965,
43695344337762,1959,
43695426047575,1965,
43695750129940,1965,
43695756047740,1965,
43695756047765,1965,
43695756047781,1965,
43695756047799,1965,
43695756047807,1965,
43695756047831,1965,
43695830102368,1965,
43695834333951,1965,
43695834334488,1965,
43695836047914,1965,
43695836047922,1965,
43695836047948,1965,
43695836095384,1965,
43695836095392,1965,
43695836098263,1965,
43695836098271,1965,
43695836100325,1965,
43695836109375,1965,
43695836118376,1965,
43695836118541,1965,
43695910132373,1965,
43695910138750,1965,
43695916047955,1965,
43695916047963,1965,
43695916047971,1965,
43695916047989,1965,
43695916048003,1965,
43695916049464,1965,
43695916049472,1965,
43695916049480,1965,
43695916049514,1965,
43696094334116,1965,
43696094334728,1965,
43696094334736,1965,
43696176048037,1965,
43696176048045,1965,
43696176048060,1965,
43696176048078,1965,
43696176067227,1965,
43696250140590,1965,
43696256048086,1965,
43696256048094,1965,
43696256048102,1965,
43696256048110,1965,
43696256048128,1965,
43696256048177,1965,
43696256067243,1965,
43696256068167,1965,
43696256072144,1965,
43696256072151,1965,
43696256072177,1965,
43696256088306,1965,
43696256093066,1965,
43696256095400,1965,
43696256097430,1965,
43696256099451,1965,
43696256116081,1965,
43696336048185,1965,
43696414332904,1965,
43696414335782,1965,
43696416048193,1965,
43696416048201,1965,
43696416048235,1965,
43696416048243,1965,
43696416048250,1965,
43696416048268,1965,
43696416048292,1965,
43696416048300,1965,
43696416048326,1965,
43696416048359,1965,
43696416048409,1965,
43696416060065,1965,
43696416060081,1965,
43696416068241,1965,
43696416115562,1965,
43696416118707,1965,
43696660129718,1965,
43696660131656,1965,
43696664330080,1965,
43696664330502,1965,
43696664330585,1965,
43696664330593,1965,
43696664332110,1965,
43696664333522,1965,
43696664333795,1965,
43696664335949,1965,
43696664337200,1965,
43696664338950,1965,
43696666048417,1965,
43696666048425,1965,
43696666048433,1965,
43696666048474,1965,
43696666048490,1965,
43696666048516,1965,
43696666048532,1965,
43696666048540,1965,
43696666048565,1965,
43696666048599,1965,
43696666048649,1965,
43696666048656,1965,
43696666048664,1965,
43696666048672,1965,
43696666048680,1965,
43696666048698,1965,
43696666048706,1965,
43696666048714,1965,
43696666048722,1965,
43696666048730,1965,
43696666048748,1965,
43696666048755,1965,
43696666048763,1965,
43696666060099,1965,
43696666060107,1965,
43696666060115,1965,
43696666062103,1965,
43696666062111,1965,
43696666093074,1965,
43696666093082,1965,
43696666093090,1965,
43696666095418,1965,
43696666119010,1965,
43696740110700,1965,
43696740125443,1965,
43696740133363,1965,
43696740135970,1965,
43696740140475,1965,
43696740140483,1965,
43696740141283,1965,
43696744330122,1965,
43696744330247,1965,
43696744338406,1965,
43696744338802,1965,
43696746048797,1965,
43696746048805,1965,
43696746048813,1965,
43696746048821,1965,
43696746048847,1965,
43696746048854,1965,
43696746048870,1965,
43696746048896,1965,
43696746048904,1965,
43696746048920,1965,
43696746048938,1965,
43696746048987,1965,
43696746048995,1965,
43696746049019,1965,
43696746049027,1965,
43696746049035,1965,
43696746049043,1965,
43696746101752,1965,
43696746101760,1965,
43696826049068,1965,
43696826049084,1965,
43696826049092,1965,
43696826049100,1965,
43696906049142,1965,
43696906049159,1965,
43696906049167,1965,
43696906049175,1965,
43696906049191,1965,
43696906049217,1965,
43696906049233,1965,
43696906049241,1965,
43696906049258,1965,
43696906049282,1965,
43697086049290,1965,
43697086049316,1965,
43697086049332,1965,
43697086049357,1965,
43697086049373,1965,
43697086049407,1965,
43697086049415,1965,
43697086049449,1965,
43733870137505,1965,
43733870140673,1965,
43733874331039,1965,
43733874334470,1965,
43733876047583,1965,
43733876047591,1965,
43733876047609,1965,
43733876047625,1965,
43733876047633,1965,
43733876047641,1965,
43733876047666,1965,
43733876047674,1965,
43733876047682,1965,
43733876047690,1965,
43733876067219,1965,
43771490137315,1965,
44104470136572,1965,
44104474430146,1965,
44104474430252,1965,
44104474430278,1965,
44104476069397,1965,
44697326049563,1965,
44697576049571,1965,
44697650100388,1965,
44697656049597,1965,
44697656049605,1965,
44697656113559,1965,
44697656114102,1965,
44697656118673,1965,
44697736049613,1965,
44697816049621,1965,
44697990102665,1965,
44697990102673,1965,
44697990105858,1965,
44697990109595,1965,
44697990117804,1965,
44697990140335,1965,
44697994430203,1965,
44697994430518,1965,
44697994437794,1965,
44697996049639,1965,
44697996049647,1965,
44697996049662,1965,
44697996049670,1965,
44697996049688,1965,
44697996049696,1965,
44697996049704,1965,
44697996049712,1965,
44697996049720,1965,
44697996049738,1965,
44697996049746,1965,
44697996049753,1965,
44697996049779,1965,
44697996049787,1965,
44697996108138,1965,
44697996108146,1965,
44697996112841,1965,
44697996117253,1965,
44698070110007,1965,
44698074430179,1965,
44698074436754,1965,
44698076049837,1965,
44698076049852,1965,
44698076060644,1965,
44698156049860,1965,
44698156049886,1965,
44698156049894,1965,
44698156049928,1965,
44698156108203,1965,
44698234430096,1965,
44698234430187,1965,
44698234430195,1965,
44698234432340,1965,
44698234436960,1965,
44698234437109,1965,
44698234437406,1965,
44698236060149,1965,
44698236060156,1965,
44698490126920,1965,
44698496049977,1965,
44698496049985,1965,
44698496066542,1965,
44698496111421,1965,
44754320139410,1965,
44754324430211,1965,
44754326049936,1965,
44754326049944,1965,
44754326049951,1965,
44772480138909,1965,
45104540111674,1965,
45104540129957,1965,
45104540132944,1965,
45698564530028,1965,
45698564530051,1965,
45698564530192,1965,
45698564530333,1965,
45698564530762,1965,
45698564530804,1965,
45698726050074,1965,
45698806050082,1965,
45698806113260,1965,
45699140135624,1965,
45699146050124,1965,
45699146050132,1965,
45699146050140,1965,
45699146114144,1965,
45699226050165,1965,
45699480101113,1965,
45699480134122,1965,
45699480139543,1965,
45699480141580,1965,
45699486050181,1965,
45699486117857,1965,
45699550111393,1965,
45699550121640,1965,
45699556050207,1965,
45699710135830,1965,
45699710135848,1965,
45699716050215,1965,
45699716050223,1965,
45699716050231,1965,
45699716050249,1965,
45699716050256,1965,
45699716050264,1953,
45699716111470,1965,
45699894530010,1965,
45699894530226,1965,
45699894530234,1965,
45699894530242,1965,
45699894531000,1965,
45699894533600,1965,
45699896050272,1965,
45699896050280,1965,
45699896050314,1965,
45699896119382,1965,
45699896119390,1965,
45700036050330,1965,
45700110112656,1965,
45700116050348,1965,
45700116097703,1965,
45700296050355,1965,
45700456050397,1965,
45700526050405,1853,
45700786050421,1965,
45700946050447,1965,
45700946050454,1965,
45701100135889,1965,
45701106050462,1965,
45701106050470,1965,
45701106050488,1965,
45701106050512,1965,
45701106050520,1965,
45701106050538,1965,
45701106101612,1965,
45701106117147,1965,
45701286050546,1965,
45701364530044,1965,
45701364530200,1965,
45701364530267,1965,
45701364530309,1965,
45701364532750,1965,
45701364537304,1965,
45737006050413,1965,
45752670110221,1965,
45752670113407,1965,
45752674530077,1965,
45752674530101,1965,
45752674530176,1965,
45752674531901,1965,
45752676050090,1965,
45752676050579,1965,
47104700117168,1965,
47104700137372,1965,
47104706069405,1965,
47701856050652,1965,
47702016050678,1965,
47702276050694,1965,
47702436050710,1965,
47702504732707,1965,
47703186050769,1965,
47703266050777,1965,
47703596050801,1965,
47703676050819,1965,
47703836050835,1965,
47704096050850,1965,
47704250131102,1965,
47704256050884,1965,
47704586050926,1965,
47704664734356,1965,
47704664734901,1965,
47704664735403,1965,
47704664738753,1965,
47704826050942,1965,
47704906050959,1965,
47705086050967,1965,
47705086050975,1965,
47705086067136,1965,
47705086119259,1965,
47705164730024,1965,
47705164730156,1965,
47705164739207,1965,
47736844730081,1965,
47736844731253,1965,
47736846050843,1965,
47736846114607,1965,
47764554730107,1965,
47764554733309,1965,
47764556050728,1965,
47764556050751,1965,
47764556105480,1965,
48104880139030,1931,
48104884830071,1965,
48104886089668,1965,
48705320102012,1965,
48705320122267,1965,
48705324830055,1965,
48705324832259,1965,
48705326051023,1965,
48705326051049,1965,
48705326110282,1965,
48705326120240,1965,
48705400112664,1965,
48705400113084,1965,
48705400113092,1965,
48705400122093,1965,
48705400123356,1965,
48705400125310,1965,
48705400133595,1965,
48705400140210,1965,
48705400141671,1965,
48705404830170,1965,
48705404830451,1947,
48705404833000,1965,
48705404836003,1965,
48705406051064,1961,
48705406051098,1953,
48705406051106,1965,
48705406051114,1965,
48705406051148,1963,
48705406051163,1953,
48705406051189,1965,
48705406051197,1965,
48705406051221,1957,
48705406051239,1952,
48705406093397,1965,
48705406100754,1965,
48705406106405,1965,
48705406109128,1965,
48705406109136,1965,
48705406111405,1965,
48705406115752,1965,
48705654830022,1965,
48705654830154,1965,
48705654830162,1965,
48705654838801,1965,
48705656051254,1965,
48705656051262,1965,
48705656051270,1965,
48705656068290,1965,
48705656103154,1965,
48705656111652,1965,
48705730129494,1965,
48705730133553,1965,
48705730135095,1965,
48705730141150,1965,
48705734830089,1965,
48705734830113,1965,
48705734837803,1965,
48705736051288,1965,
48705736051296,1965,
48705736051320,1965,
48705736051338,1965,
48705736051346,1965,
48705736060180,1965,
48705736097950,1965,
48705736106363,1965,
48705736109094,1965,
48705736109672,1965,
48705736110241,1965,
48705810115469,1965,
48705810134262,1965,
48705810137380,1965,
48705810139816,1965,
48705814830147,1965,
48705814830196,1965,
48705814838058,1965,
48705814838504,1965,
48705816051379,1965,
48705816051395,1965,
48705816051411,1965,
48705816051429,1965,
48705816051437,1965,
48705816051445,1965,
48705816051478,1965,
48705816051494,1965,
48705816051502,1965,
48705816051544,1965,
48705816060206,1965,
48705816071302,1965,
48705816099667,1965,
48705816107684,1965,
48705816110134,1965,
48705816116255,1965,
49104964930079,1965,
49104964930343,1965,
49104966069413,1965,
49706150113506,1965,
49706156051585,1965,
49706156051593,1965,
49706156115695,1965,
49706236051619,1965,
49706236098248,1965,
49706490125724,1965,
49706496051635,1965,
49706564930848,1965,
49706564930855,1965,
49706566051643,1965,
49706566051650,1965,
49706720122440,1965,
49706726051700,1965,
49706800112987,1965,
49706806051718,1965,
49706986051726,1965,
49707060129981,1965,
49707064930053,1965,
49707066051734,1965,
49707140126888,1965,
49707146051742,1965,
49707146051759,1965,
49707146119655,1965,
49707220138248,1965,
49707220139048,1965,
49707226051767,1965,
49707306051775,1965,
49707306110639,1965,
49707306120588,1965,
49707636051809,1965,
49707896051825,1965,
49707970107284,1965,
49707970123422,1965,
49707970139568,1965,
49707976051833,1965,
49708050105890,1965,
49708056051841,1965,
49708056051858,1965,
49708056111066,1965,
49708136051866,1965,
49708216051874,1965,
49708390138065,1965,
49708396051882,1965,
49708470119750,1965,
49708540132357,1965,
49708546051940,1965,
49708546051957,1965,
49708546051965,1965,
49708546051973,1965,
49708546051999,1965,
49708546113112,1965,
49708620131961,1965,
49708624930012,1965,
49708624930103,1965,
49708624930111,1965,
49708624930236,1965,
49708624935151,1965,
49708624935862,1965,
49708626051932,1965,
49708626060230,1965,
49708626062137,1965,
49708700106344,1965,
49708706066344,1965,
49708706113492,1965,
49708960102525,1965,
49708960120980,1965,
49708966052021,1965,
49708966052039,1965,
49708966052047,1965,
49708966052054,1965,
49708966052070,1965,
49708966085229,1965,
49708966117907,1965,
49709040101923,1965,
49709040125336,1965,
49709046052088,1965,
49709046052096,1965,
49709120113530,1965,
49709120125831,1965,
49709120128074,1965,
49709126052104,1965,
49709126052112,1965,
49709126052153,1965,
49709126052161,1960,
49709126052179,1965,
49709126052195,1965,
49709126066385,1965,
49709126095459,1965,
49709126108500,1965,
49709126116958,1965,
49709200102533,1965,
49709200140855,1965,
49709204930160,1965,
49709204930244,1965,
49709204934154,1965,
49709204935292,1965,
49709204935607,1965,
49709204936803,1965,
49709206060263,1965,
49709206060271,1965,
49709206060289,1965,
49709206068977,1965,
49709386052211,1965,
49709386052229,1965,
49709386113039,1961,
49709530105866,1965,
49709534930152,1965,
49709534937256,1965,
49709536052245,1965,
49709536052260,1965,
49709536052278,1965,
49709536052286,1965,
49709536052294,1965,
49709536111678,1965,
49709536119069,1965,
49709614930319,1965,
49709614930350,1965,
49709616052302,1965,
49709616093140,1965,
49709796052310,1965,
49709956110324,1965,
49709956114409,1965,
49710016052336,1965,
49710196052344,1965,
49738820123786,1965,
49738820128330,1965,
49738820128348,1965,
49738820135053,1965,
49738824930046,1965,
49738824930384,1965,
49738824935482,1965,
49738826051676,1965,
49738826060669,1965,
49738826097059,1965,
49738826099246,1965,
49738826109169,1965,
49738826112981,1965,
49753580114934,1965,
49753580138263,1965,
49753584930228,1965,
49753586052351,1965,
49753586052369,1965,
49753586107221,1965,
49753586110993,1965,
49753904930251,1965,
49753904932554,1965,
49753906051791,1965,
49753906060222,1965,
50105040117457,1965,
50105045030069,1965,
50105045030085,1965,
50105045030226,1965,
50105046069546,1965,
50710430107128,1965,
50710430107136,1965,
50710430108076,1965,
50710430109074,1965,
50710430109082,1965,
50710430109090,1965,
50710430110734,1965,
50710430112292,1965,
50710430123679,1965,
50710430127613,1965,
50710430129106,1965,
50710430133827,1965,
50710435030168,1965,
50710435030200,1965,
50710435030879,1965,
50710436052427,1965,
50710436052435,1965,
50710436052443,1965,
50710436052450,1965,
50710436052468,1965,
50710436085013,1965,
50710436108435,1965,
50710436112338,1965,
50710436112346,1965,
50710506052484,1965,
50710506052492,1965,
50710680132662,1965,
50710685030267,1965,
50710685031521,1965,
50710686052500,1965,
50710686071575,1965,
50710760101493,1965,
50710766052518,1965,
50710766093504,1965,
50710766098180,1965,
50710766107932,1965,
50710766111892,1965,
50710840120089,1965,
50710846052534,1965,
50710926052542,1965,
50711006052559,1965,
50711006112627,1965,
50711006116388,1965,
50711346052591,1965,
50711346113286,1965,
50711346119002,1965,
50711426052609,1965,
50711670137265,1965,
50711670138057,1965,
50711676052625,1965,
50711676052633,1965,
50711676052641,1965,
50711676052658,1965,
50711676052666,1965,
50711676052674,1965,
50711676052682,1965,
50711676052690,1965,
50711676052708,1965,
50711676052716,1965,
50711676052724,1965,
50711676052740,1965,
50711676052765,1965,
50711676052773,1965,
50711676052781,1965,
50711676052799,1965,
50711676052807,1965,
50711676052815,1965,
50711676052823,1965,
50711676052849,1965,
50711676052872,1965,
50711676093512,1965,
50711676097752,1965,
50711676105670,1965,
50711676107023,1965,
50711676110068,1965,
50711750110593,1965,
50711750120212,1965,
50711750121129,1965,
50711755030010,1965,
50711755030135,1965,
50711755031380,1965,
50711755031802,1965,
50711755034905,1965,
50711755034913,1965,
50712170110080,1965,
50712170118927,1965,
50712170133124,1965,
50712170142257,1965,
50712175030127,1965,
50712175036256,1965,
50712176052922,1965,
50712176052948,1965,
50712176052955,1965,
50712176060297,1965,
50712660124768,1965,
50712660133660,1965,
50712666053037,1965,
50712666106934,1965,
50712666113823,1965,
50712666120844,1965,
50712740121558,1965,
50712746053045,1965,
50712820105700,1965,
50712826053060,1965,
50712826053078,1965,
50712826067250,1965,
50712826098297,1965,
50712826108302,1965,
50712900108761,1965,
50712900113795,1965,
50712900113803,1965,
50712906053086,1965,
50712906053094,1965,
50712906053102,1965,
50712906053110,1965,
50712906053128,1965,
50712906071583,1965,
50712906095517,1965,
50712906111009,1965,
50712906111017,1965,
50712906120430,1965,
50713246053201,1965,
50736010101188,1965,
50736010124073,1965,
50736015030036,1965,
50736015030184,1965,
50736015030333,1965,
50736015035902,1965,
50736016025712,1965,
50736016025753,1965,
50736016025761,1965,
50755560112573,1965,
50755560113852,1965,
50755560118810,1965,
50755565036850,1965,
50755566052971,1965,
50755566052989,1965,
50755640107979,1965,
50755645030176,1965,
50755645030192,1965,
50755645031950,1965,
50755645035654,1965,
50755646052880,1965,
50755646052898,1965,
50755646052906,1965,
50755646100390,1965,
50755720117689,1965,
50755720117770,1965,
50755720118513,1965,
50755725030259,1965,
50755725030317,1965,
50755726053219,1965,
50757390108175,1965,
50757390114561,1965,
50757390124669,1965,
50757390131185,1965,
50757395030283,1965,
50757395036884,1965,
50757395037700,1965,
50757396053136,1965,
50757396053151,1965,
50757396053169,1965,
50757396053177,1965,
50757396053185,1965,
50757396053193,1965,
50757396102743,1965,
50757396115208,1965,
50757396118814,1965,
51105120114207,1965,
51105120138040,1965,
51105120140152,1965,
51105126069454,1965,
51713576053235,1965,
51713656053243,1965,
51713735132758,1965,
51713816053250,1965,
51713995130059,1965,
51713995130067,1965,
51713995135256,1965,
51713996053268,1965,
51713996053276,1965,
51713996053284,1965,
51714070109793,1965,
51714076053292,1965,
51714150129007,1965,
51714156053300,1965,
51714230132977,1965,
51714236053318,1965,
51714316053326,1952,
51714495130042,1965,
51714495137500,1965,
51714560133934,1965,
51714566053433,1965,
51714640100537,1965,
51714640107318,1965,
51714640107722,1965,
51714640113134,1965,
51714645130018,1965,
51714645130075,1965,
51714645130125,1965,
51714645139001,1965,
51714646053342,1965,
51714646053359,1965,
51714646053367,1965,
51714646053383,1965,
51714646053391,1965,
51714646053409,1965,
51714646053417,1965,
51714646053425,1965,
51714646053441,1965,
51714646067268,1965,
52105205230016,1965,
52105206119606,1965,
52105206119671,1965,
52714720134403,1965,
52714726053466,1965,
52714726053615,1965,
52714726066328,1965,
52715065231709,1965,
52715306053524,1965,
52715486053532,1965,
52715556053540,1965,
52716216053623,1965,
52716216053631,1965,
52716216053656,1965,
52716216106686,1965,
52716216114250,1965,
52716546053672,1965,
53105380125633,1965,
53105380132423,1965,
53716626053680,1965,
53716966053722,1965,
53717386053771,1965,
53717466053789,1965,
53717616053813,1965,
53738335330030,1965,
53738335337423,1965,
53738336053755,1965,
53738336053805,1965,
53750285330022,1965,
53750285337407,1965,
53750286053730,1965,
53765135330014,1965,
53765135337456,1965,
53765136053821,1965,
54105460119602,1965,
54105460124057,1965,
54105460125542,1965,
54105460135459,1965,
54105465430061,1965,
54105465430327,1965,
54105465430343,1965,
54105466069439,1965,
54105466119291,1965,
54718030112458,1965,
54718035430301,1965,
54718036053847,1965,
54718110139477,1965,
54718116053854,1965,
54718296053862,1965,
54718370109009,1965,
54718370110452,1965,
54718376053870,1965,
54718376100267,1965,
54718376105506,1965,
54718376114078,1965,
54718376120232,1965,
54718605430095,1965,
54718605430244,1965,
54718605430806,1965,
54718605433230,1965,
54718606053904,1965,
54718606053938,1965,
54718606112684,1965,
54718606118111,1965,
54719025430335,1965,
54719026054027,1965,
54719026054035,1965,
54719446054092,1965,
54719516054100,1965,
54719696054126,1965,
54719856054134,1965,
54719930123646,1965,
54719930123653,1965,
54719930123661,1965,
54719935430194,1965,
54719935430236,1965,
54719935432414,1965,
54719936054142,1965,
54719936054159,1965,
54719936107262,1965,
54720096054167,1965,
54720176054175,1965,
54720256054183,1864,
54720410114165,1965,
54720416054209,1965,
54721086054332,1965,
54721326054365,1965,
54721400136507,1965,
54721570114595,1965,
54721576120646,1965,
54721736054399,1965,
54721816054407,1965,
54721996054415,1965,
54721996112510,1965,
54722076054423,1965,
54722156054431,1965,
54722310100495,1965,
54722310113639,1965,
54722310125211,1965,
54722310127621,1965,
54722310141713,1965,
54722316054456,1965,
54722316054464,1965,
54722316054472,1965,
54722316054480,1965,
54722316054498,1965,
54722316054506,1965,
54722316054514,1965,
54722316054522,1965,
54722316105381,1965,
54722316106553,1965,
54722316108385,1965,
54722316114656,1965,
54722316116768,1965,
54722560101857,1965,
54722560105783,1965,
54722560109751,1965,
54722560110940,1965,
54722560116517,1965,
54722560120659,1965,
54722560125708,1965,
54722560133819,1965,
54722560135863,1965,
54722560139105,1965,
54722560139212,1965,
54722565430046,1965,
54722565430368,1965,
54722565432828,1965,
54722565434527,1965,
54722565435839,1965,
54722566054530,1965,
54722566054548,1965,
54722566054555,1965,
54722566054563,1965,
54722566054589,1965,
54722566054597,1965,
54722566054605,1965,
54722566054613,1965,
54722566054621,1965,
54722566054639,1965,
54722566054647,1965,
54722566054654,1965,
54722566054670,1965,
54722566054688,1965,
54722566054704,1965,
54722566054712,1965,
54722566054720,1965,
54722566054746,1965,
54722566092373,1965,
54722566092795,1965,
54722566106249,1965,
54722566107536,1965,
54722566110902,1965,
54722566112049,1965,
54722566116909,1965,
54722646054753,1965,
54753250106021,1965,
54753255430210,1965,
54753255430277,1965,
54753256054076,1965,
54753256054084,1965,
54753256100275,1965,
54755230102574,1965,
54755230110692,1965,
54755230114348,1965,
54755230116590,1965,
54755230137968,1965,
54755235430228,1965,
54755235430251,1965,
54755235430624,1965,
54755235432786,1965,
54755235434113,1965,
54755235434931,1965,
54755236054225,1965,
54755236054233,1965,
54755236054241,1965,
54755236054258,1965,
54755236054266,1965,
54755236054274,1965,
54755236054282,1965,
54755236054290,1965,
54755236054308,1965,
54755236107379,1965,
54755236114193,1965,
54755310102186,1965,
54755310102707,1965,
54755315431119,1965,
54755315431184,1965,
54755316053961,1965,
54755316053979,1965,
54755316053987,1965,
54755316053995,1965,
54755316054001,1965,
54755316107650,1965,
54767945430285,1965,
54767945436258,1965,
54767945436282,1965,
54767946054761,1965,
54767946094569,1965,
54767946108286,1965,
54768365430087,1965,
54768365430319,1965,
54768365431598,1965,
54768365431614,1965,
54768366054043,1965,
54768366054050,1965,
54768366110290,1965,
55105530134569,1965,
55105535530118,1965,
55105535530142,1965,
55723066054829,1965,
55723486054860,1965,
55723556054894,1965,
55723636054852,1965,
55723636054902,1965,
55723716054910,1965,
55723895530019,1965,
55723895530043,1965,
55723895536503,1965,
55723976054928,1965,
55724056054936,1965,
55724130112276,1965,
55724135530050,1965,
55724135530092,1965,
55724135530100,1965,
55724135530175,1965,
55724135530191,1965,
55724135536750,1965,
55724216115018,1965,
55751845530076,1965,
55751845530084,1965,
55751846054837,1965,
56105610109900,1965,
56105610122713,1965,
56105610135780,1965,
56105610135798,1965,
56105615630223,1965,
56105615630397,1965,
56105616055974,1965,
56105616069231,1965,
56724540109520,1965,
56724540124750,1965,
56724545630173,1965,
56724545632021,1965,
56724546054985,1965,
56724546054993,1965,
56724546055008,1965,
56724546060321,1965,
56724626055016,1965,
56724626055024,1965,
56724626055032,1965,
56724626055040,1965,
56724626055057,1965,
56724626055065,1965,
56724626055073,1965,
56724626055081,1965,
56724626055099,1965,
56724626055107,1965,
56724626055115,1965,
56724705630363,1965,
56724706055123,1965,
56725046055156,1965,
56725126055164,1965,
56725126055172,1965,
56725126055180,1965,
56725126084891,1965,
56725200139626,1965,
56725205630405,1965,
56725205631817,1965,
56725205634076,1965,
56725206055198,1965,
56725206055206,1965,
56725206055248,1965,
56725206060339,1965,
56725380100362,1965,
56725380119412,1965,
56725386055263,1965,
56725386055271,1965,
56725386055289,1965,
56725386055297,1965,
56725386055305,1965,
56725386055313,1965,
56725386055321,1965,
56725386055339,1965,
56725386055347,1965,
56725386055354,1965,
56725386055362,1965,
56725386055370,1965,
56725386055388,1965,
56725386100333,1965,
56725386107551,1965,
56725386110738,1965,
56725386111850,1965,
56725386114029,1965,
56725460115105,1965,
56725460120634,1965,
56725460125674,1965,
56725460131698,1965,
56725460136804,1965,
56725460141838,1965,
56725460141929,1965,
56725465630066,1965,
56725465630389,1965,
56725465631619,1965,
56725465631742,1965,
56725465632849,1965,
56725465634548,1965,
56725465634761,1965,
56725530101378,1965,
56725530110502,1965,
56725530139592,1965,
56725536055396,1965,
56725536055404,1965,
56725536055412,1965,
56725536055438,1965,
56725536055461,1965,
56725536055990,1965,
56725536096838,1965,
56725536112171,1965,
56725536120117,1965,
56725536120620,1965,
56725610112631,1965,
56725610113977,1965,
56725610137018,1965,
56725616055495,1965,
56725616055503,1965,
56725616055511,1965,
56725616055529,1965,
56725616118061,1965,
56725616119242,1965,
56726035630249,1965,
56726035630322,1965,
56726035634993,1965,
56726035635008,1965,
56726035636188,1965,
56726036055636,1965,
56726036055651,1965,
56726036055669,1965,
56726036055685,1965,
56726036055693,1965,
56726036055701,1965,
56726036055719,1965,
56726036055727,1965,
56726036055743,1965,
56726036055750,1965,
56726036055768,1965,
56726036055776,1965,
56726036055792,1965,
56726036055800,1965,
56726036055818,1965,
56726036060354,1965,
56726036060362,1965,
56726036067292,1965,
56726036084917,1965,
56726036084925,1965,
56726036115653,1965,
56726116055834,1965,
56726525630272,1965,
56726525630298,1965,
56726525630348,1965,
56726525630793,1965,
56726525637822,1965,
56726526056030,1965,
56726526056055,1965,
56726526056063,1965,
56726526056089,1965,
56726526056097,1965,
56726526056105,1965,
56726526056113,1965,
56726526056121,1965,
56726526056147,1965,
56726526056154,1965,
56726526056170,1965,
56726526056188,1965,
56726526056204,1965,
56726526056212,1965,
56726526056238,1965,
56726526060370,1965,
56726526060388,1965,
56726526062145,1965,
56726526062152,1965,
56726526097034,1965,
56726526115687,1965,
56726526116040,1965,
56737590119396,1965,
56737590123349,1965,
56737595630108,1965,11975
56737595630116,1965,
56737595633748,1965,
56737595637004,1965,
56737596055842,1965,
56737596055859,1965,
56737596055867,1965,
56737596055875,1964,
56737596055891,1965,
56737596055909,1965,
56737596055917,1965,
56737596055925,1965,
56737596055933,1965,
56737596055941,1965,
56737596055966,1965,
56737596056022,1965,
56737596067300,1965,
56737596071286,1965,
56737596084933,1965,
56737596093165,1965,
56737596093173,1965,
56737596093181,1965,
56737596115760,1965,
56737596118582,1965,
56738745630132,1965,
56738745630199,1965,
56738745630256,1965,
56738746055677,1965,
56738746098255,1965,
56738746107528,1965,
56738746111496,1965,
56739400121426,1965,
56739405630371,1965,
56739405633250,1965,
56739406055131,1965,
56739406055149,1965,
56739406102230,1965,
56739406106439,1965,
56739406106447,1965,
56739406109847,1965,
56739406112189,1965,
56739406115430,1965,
56768280142190,1965,
56768285635776,1965,
56768285636170,1965,
56768286055545,1965,
56768286055552,1965,
56768286055578,1965,
56768286055586,1965,
56768286055594,1965,
56768286055602,1965,
56768286055610,1965,
57105790113787,1965,
57105790132464,1965,
57105795730106,1965,
57105796077275,1965,
57726780106674,1965,
57726780111401,1965,
57726785730098,1965,
57726785732201,1965,
57726785732219,1965,
57726786056246,1965,
57726786056253,1965,
57726786056261,1965,
57726786056279,1965,
57726786056295,1965,
57726786056303,1965,
57726786060396,1965,
57726786066245,1965,
57726786110894,1965,
57726786118905,1965,
57726860129726,1965,
57726865730056,1965,
57726865732904,1965,
57726866056311,1965,
57726940114710,1965,
57726940116996,1965,
57726940120238,1965,
57726940124875,1965,
57726940131706,1965,
57726940135939,1965,
57726940140715,1965,
57726945735154,1965,
57726945739552,1965,
57726946056352,1965,
57726946056394,1965,
57726946056402,1965,
57726946115463,1965,
57726946120745,1965,
57727020139436,1965,
57727100101162,1965,
57727100121749,1965,
57727100138180,1965,
57727105738802,1965,
57727105738810,1965,
57727106056444,1965,
57727106056469,1965,
57727106056477,1965,
57727106056485,1965,
57727106056519,1965,
57727106056527,1965,
57727106066252,1965,
57727106066260,1965,
57727106071278,1965,
57727106096671,1965,
57727106107163,1965,
57727106116677,1965,
58105870113274,1965,
58105870117242,1965,
58105875830047,1965,
58105875830112,1965,
58105876069249,1965,
58727286115935,1965,
58727360119362,1965,
58727360121632,1965,
58727360142109,1965,
58727365830013,1965,
58727365830054,1965,
58727365830096,1965,
58727365830138,1965,
58727365835202,1965,
58727366056626,1965,
58727366056634,1965,
58727366056659,1965,
58727366056667,1965,
58727366056675,1965,
58727366056683,1965,
58727366056691,1965,
58727366056709,1965,
58727366056717,1965,
58727366056725,1965,
58727366056733,1965,
58727366056741,1965,
58727366056774,1965,
58727366056782,1965,
58727366056790,1965,
58727366099014,1965,
58727440107375,1965,
58727440112623,1965,
58727440114652,1965,
58727516056816,1965,
58727516056832,1965,
58727516056840,1965,
58727516118806,1965,
58727690123570,1961,
58727690133751,1961,
58727695838305,1961,
