file,year,max_sqft
37680490129221.json,1965,
36678506036644.json,1965,
43104390135087.json,1965,
53738336053755.json,1965,
01611766090542.json,1965,
21653676024376.json,1965,
45699710135830.json,1965,
42692296045561.json,1965,
36677106035828.json,1965,
37684520114264.json,1965,
19647336017602.json,1965,
57726945739552.json,1965,
14766871430107.json,1965,
15634040127712.json,1965,
37682966110878.json,1965,
42691120111773.json,1965,
43694506105795.json,1965,
19647330112003.json,1965,
21654586024830.json,1965,
30665066028153.json,1962,
39103970120717.json,1965,
41689320132217.json,1965,
56726036115653.json,1965,
36678766061923.json,1965,
19650526022925.json,1965,
07617396057186.json,1965,
18750366010763.json,1965,
19643036011613.json,1965,
23102310110023.json,1965,
33671246106967.json,1965,
37684030125401.json,1965,
39685850133678.json,1965,
43696666048664.json,1965,
19734606108336.json,1965,
15635291530047.json,1965,
50710430110734.json,1965,
36678196036164.json,1965,
36676786098354.json,1965,
05615560532507.json,1965,
19651020101543.json,1965,
34752830120113.json,1965,
50710685031521.json,1965,
10621666006407.json,1965,
34674476034359.json,1965,
33672073330727.json,1965,
24657552431492.json,1965,
01613096002620.json,1965,
19642876011407.json,1965,
30736356089510.json,1965,
19643376066724.json,1965,
19647336019020.json,1965,
49709530105866.json,1965,
19647740108399.json,1965,
19647336019889.json,1965,
36678766037139.json,1965,
33670900136721.json,1965,
19734520111070.json,1965,
19768696023824.json,1965,
36677020102947.json,1965,
19647336018261.json,1965,
50712900113803.json,1965,
17640226109706.json,1965,
13631646008551.json,1965,
57726946056352.json,1965,
12626870124263.json,1965,
37683386040174.json,1965,
20652430123620.json,1965,
39685930116376.json,1965,
33670820113159.json,1965,
41689244133393.json,1965,
26736686025910.json,1965,
19647336018774.json,1965,
37679916093207.json,1965,
01612420110460.json,1965,
27660766026140.json,1965,
38684786041511.json,1965,
39685856042154.json,1965,
37681976038517.json,1965,
30666476030969.json,1965,
01611190134304.json,1965,
37756146038962.json,1965,
15638006010151.json,1965,
30666966030506.json,1965,
19647330117606.json,1965,
58727365830013.json,1965,
01611920135319.json,1965,
01611436090310.json,1965,
16638910110858.json,1965,
56725386055271.json,1965,
19644366012553.json,1965,
39685856097760.json,1965,
19647336016414.json,1965,
34674396033997.json,1965,
37683386039283.json,1965,
30665066028104.json,1956,
19650296022784.json,1965,
19648406020895.json,1965,
19647330106914.json,1965,
19647256015614.json,1965,
34765056112643.json,1965,
50711676052658.json,1965,
10622656006837.json,1965,
56739406109847.json,1965,
15635606009674.json,1965,
18641136010748.json,1965,
37681896038368.json,1965,
19647336016802.json,1965,
19647330135632.json,1965,
43733874334470.json,1965,
33670330100982.json,1965,
48705406051148.json,1963,
19647330102541.json,1965,
30666706110183.json,1965,
42750106045389.json,1965,
33672150115709.json,1965,
36678506105704.json,1965,
19645686013635.json,1965,
37683386039796.json,1965,
19647330134023.json,1965,
16639416010474.json,1965,
41690706045108.json,1965,
15634046009351.json,1965,
19645761939677.json,1965,
19646676014765.json,1965,
37683380129395.json,1965,
31669100127639.json,1965,
33672490102723.json,1965,
33672156032700.json,1965,
07617136003792.json,1965,
37683386039846.json,1965,
19648730102681.json,1965,
56725386100333.json,1965,
56737596084933.json,1965,
31669510111385.json,1965,
37683386039515.json,1965,
36677360116723.json,1965,
55723486054860.json,1965,
19647330122374.json,1965,
44697996049688.json,1965,
30664313030038.json,1965,
17640306010631.json,1965,
09618530930164.json,1965,
19648736021448.json,1965,
19647336061600.json,1965,
07616486003636.json,1965,
15637760111377.json,1965,
19647336015812.json,1965,
37679916037659.json,1965,
37764710114694.json,1965,
40688414037701.json,1965,
58727366056709.json,1965,
36678760133892.json,1965,
07617966057236.json,1965,
19647256061386.json,1965,
56726116055834.json,1965,
31669510139246.json,1965,
20102072030153.json,1965,
19647330137463.json,1965,
07616486113104.json,1965,
19650606023089.json,1965,
37683386039903.json,1965,
07617966005045.json,1965,
37681636038327.json,1965,
37683386096879.json,1965,
50712170118927.json,1965,
36677106035869.json,1965,
19647331930924.json,1965,
48705816051429.json,1965,
36750510139188.json,1965,
33752420109116.json,1965,
19647330131722.json,1965,
30665066028112.json,1951,
43696414335782.json,1965,
30736430133488.json,1965,
34674476034524.json,1965,
33670330113654.json,1965,
37684113732849.json,1965,
19648406020929.json,1965,
31669510113068.json,1965,
01612590114363.json,1965,
19647336016547.json,1965,
38684786040984.json,1965,
24102496068498.json,1965,
10624306007322.json,1965,
19647336016117.json,1965,
42691956045496.json,1965,
38684780132241.json,1965,
19734376013478.json,1965,
27102722730232.json,1965,
47704096050850.json,1965,
36679180106641.json,1965,
31669446031306.json,1965,
19647330126458.json,1965,
01612916002398.json,1965,
50711670138057.json,1965,
19647256015317.json,1965,
35674626035018.json,1965,
19647330107755.json,1965,
43695756047781.json,1965,
37756143731114.json,1965,
45698564530333.json,1965,
19647330109462.json,1965,
33671813331139.json,1965,
43696256048102.json,1965,
43696094334116.json,1965,
01612006089338.json,1965,
19647331937424.json,1965,
48705326051023.json,1965,
34673146033088.json,1965,
19647336019061.json,1965,
22655326025050.json,1965,
44698236060149.json,1965,
10624146007108.json,1965,
33672070113191.json,1965,
48705734830089.json,1965,
15635291535087.json,1965,
19647336018220.json,1965,
31750853130200.json,1965,
07617546004410.json,1965,
19647336019962.json,1965,
11754816007496.json,1965,
19647256015481.json,1965,
36678436036479.json,1965,
07617546004105.json,1965,
19734371996057.json,1965,
30736356094676.json,1965,
10767786005748.json,1965,
19734456014385.json,1965,
26736686025951.json,1965,
01611760134270.json,1965,
33671576109334.json,1965,
23655812333185.json,1965,
19647336019574.json,1965,
07616486117501.json,1965,
19645766013908.json,1965,
37754166040661.json,1965,
19734376023758.json,1965,
05615806111884.json,1965,
30736353030244.json,1965,
53738335337423.json,1965,
19647336015804.json,1965,
19648816021570.json,1965,
15638006010110.json,1965,
54718376053870.json,1965,
01611766104723.json,1965,
19644366012512.json,1965,
49706566051650.json,1965,
10622650108092.json,1965,
43733870137505.json,1965,
19647336061568.json,1965,
19647336016455.json,1965,
34674476034573.json,1965,
43694274330726.json,1965,
54755235430624.json,1965,
19647331930973.json,1965,
19647330106955.json,1965,
33671733330578.json,1965,
19647331934033.json,1965,
19753410141721.json,1965,
33751766109938.json,1965,
19647330129650.json,1965,
36678196036172.json,1965,
49709536052278.json,1965,
43696666048672.json,1965,
58105870113274.json,1965,
27102722730265.json,1965,
30664640111914.json,1965,
36750776035240.json,1965,
19643036011605.json,1965,
19647330128041.json,1965,
36679186117766.json,1965,
19647256057830.json,1965,
19646676014724.json,1965,
39685776041990.json,1965,
41690396044994.json,1965,
37681146038277.json,1965,
19650526022933.json,1965,
37681636105845.json,1965,
01612006001259.json,1965,
21654336024673.json,1965,
19647330117978.json,1965,
19734526022305.json,1965,
37683956098487.json,1965,
34765053430881.json,1965,
19647336060545.json,1965,
34674476111363.json,1965,
30666216029763.json,1965,
19647330119966.json,1965,
36676786106611.json,1965,
07616480113761.json,1965,
37680986105944.json,1965,
30739243033917.json,1965,
34673480141325.json,1965,
07618040113118.json,1965,
10621666117477.json,1965,
19647336015853.json,1965,
54722566054563.json,1965,
27660922732253.json,1965,
51714646053342.json,1965,
34673140111112.json,1965,
19650606023162.json,1965,
54755236054282.json,1965,
30103060133959.json,1965,
01611766000681.json,1965,
19734456014278.json,1965,
30736506071179.json,1965,
44698496111421.json,1965,
12629846008106.json,1965,
07617546004345.json,1965,
36676523630845.json,1965,
43694270125617.json,1965,
50710430109082.json,1965,
19647336016992.json,1965,
36750696037212.json,1965,
19647330126474.json,1965,
19644446012678.json,1965,
24658626111991.json,1965,
19648576021208.json,1965,
37684520128223.json,1965,
38684783830387.json,1965,
36679186110522.json,1965,
50710430107136.json,1965,
41690706045132.json,1965,
37683386039606.json,1965,
19647336016091.json,1965,
39685936042329.json,1965,
19647330141549.json,1965,
10739656120521.json,1965,
32669693230034.json,1965,
20652430107938.json,1965,
34674396033807.json,1965,
21653346068308.json,1965,
27102720116491.json,1965,
07616556003644.json,1965,
19647330109272.json,1965,
34674476034508.json,1965,
51713995135256.json,1965,
19651026071690.json,1965,
10624301030758.json,1965,
36677360136069.json,1965,
19734606023386.json,1965,
56768285635776.json,1965,
19647331938968.json,1965,
27659872730018.json,1965,
58727366056733.json,1965,
10622650126292.json,1965,
39685856042139.json,1965,
42692036045512.json,1965,
15637506111686.json,1965,
19645766013924.json,1965,
19647336019558.json,1965,
01612916002422.json,1965,
19647256015507.json,1965,
19647330117846.json,1965,
10621666088934.json,1965,
19734456014203.json,1965,
43696740140475.json,1965,
33671243330958.json,1965,
30664646108740.json,1965,
36676116035414.json,1965,
40687006042956.json,1965,
13631236008478.json,1965,
43696416048243.json,1965,
37681970132431.json,1965,
19647330117903.json,1965,
30664313033784.json,1965,
16639746010532.json,1965,
19647331931476.json,1965,
51713996053284.json,1965,
56725530110502.json,1965,
37683616085153.json,1965,
36678766037154.json,1965,
10624146007124.json,1965,
30666473030483.json,1965,
50105045030085.json,1965,
37684520100925.json,1965,
30666213038098.json,1965,
37680236037972.json,1965,
01611436097729.json,1965,
43696666093074.json,1965,
36678503630159.json,1965,
19644360140525.json,1965,
01750930138453.json,1965,
33751920113696.json,1965,
19649071995547.json,1965,
19646676014708.json,1965,
09737836005490.json,1965,
33751920105742.json,1965,
48705736110241.json,1965,
41690396044812.json,1965,
15638266057426.json,1965,
01750936066484.json,1965,
43695836095392.json,1965,
30666473031945.json,1965,
19734456066757.json,1965,
33751760139790.json,1965,
35674700121400.json,1965,
19647331931708.json,1965,
19647336017792.json,1965,
57727106056469.json,1965,
53717616053813.json,1965,
36676786059372.json,1965,
30666216029870.json,1965,
16639251630151.json,1965,
19647330126136.json,1965,
16639900116699.json,1965,
30664496027452.json,1965,
34674390101972.json,1965,
51714646053417.json,1965,
49709534930152.json,1965,
51713576053235.json,1965,
49738820128348.json,1965,
50757396053169.json,1965,
37683386112726.json,1965,
33752006032346.json,1965,
33670826032114.json,1965,
54722566107536.json,1965,
34673146109516.json,1965,
34765056102784.json,1965,
19648406020952.json,1965,
38684786041602.json,1965,
33751920101097.json,1965,
13631806008593.json,1965,
19647330124222.json,1965,
19647336058150.json,1965,
37683386059695.json,1965,
56725536096838.json,1965,
34674396034045.json,1965,
19647336017511.json,1965,
29663406097315.json,1965,
50712660124768.json,1965,
52716216106686.json,1965,
19647336060586.json,1965,
30666476030050.json,1965,
33670820102772.json,1965,
19647330124388.json,1965,
43696906049217.json,1965,
30736506102719.json,1965,
30103063030632.json,1965,
01611926001101.json,1965,
37737910105726.json,1965,
37684113731064.json,1965,
50711346119002.json,1965,
12630406008197.json,1965,
41689990136093.json,1965,
37679916037634.json,1965,
19647336017842.json,1965,
34765053436979.json,1965,
37683040131250.json,1965,
01612596001630.json,1958,
36676523632205.json,1965,
33752003330529.json,1965,
19649986022651.json,1965,
57726940140715.json,1965,
36677776113070.json,1965,
01611926001044.json,1965,
36679596037410.json,1965,
10621666006597.json,1965,
37684376040562.json,1965,
30665896029193.json,1965,
49709126066385.json,1965,
19649076120653.json,1965,
10624146007173.json,1965,
04614996003198.json,1962,
19647330123158.json,1965,
25658966025902.json,1965,
54755236054241.json,1965,
33670906106835.json,1965,
49709956110324.json,1965,
30736356066872.json,1965,
04614240141085.json,1965,
50711670137265.json,1965,
19647330140749.json,1965,
36750696037253.json,1965,
43695836095384.json,1965,
19647336110266.json,1965,
33672070137620.json,1965,
31668456031140.json,1965,
19647336066278.json,1965,
41690396044804.json,1965,
34673306059190.json,1965,
37737910138222.json,1965,
41689326044051.json,1965,
20764142030039.json,1965,
43693776111348.json,1965,
19647330118588.json,1965,
15637761534957.json,1965,
19648656021273.json,1965,
15633396009229.json,1965,
55751845530084.json,1965,
31669283130176.json,1965,
10621666006217.json,1965,
30664493030640.json,1965,
33671730123703.json,1965,
54722566054670.json,1965,
19101990121822.json,1965,
13631490125922.json,1965,
34674396071336.json,1965,
49707064930053.json,1965,
07616630139667.json,1965,
12626790137653.json,1965,
34673140116897.json,1965,
19647336017784.json,1965,
23656156025217.json,1965,
19649316022206.json,1965,
39686766115422.json,1965,
19647330115139.json,1965,
19645761933597.json,1965,
33752423330552.json,1965,
19647176015069.json,1965,
19647330131466.json,1965,
54722566092795.json,1965,
43694846047310.json,1965,
55723976054928.json,1965,
19646670119313.json,1965,
01612916002463.json,1965,
19647336018758.json,1965,
30664643030574.json,1965,
37683386040158.json,1965,
19649801938000.json,1965,
37683386039978.json,1965,
43695186047435.json,1965,
43693690114900.json,1965,
38684786115901.json,1965,
42767860123885.json,1965,
30664316085260.json,1965,
36677106061865.json,1965,
24657892435204.json,1965,
19650456107205.json,1965,
43694846106991.json,1965,
19768696023808.json,1965,
49706986051726.json,1965,
10624146007165.json,1965,
34765053433794.json,1965,
30665896029185.json,1965,
30664646027635.json,1965,
35752593530060.json,1965,
34674476097810.json,1965,
07617960135434.json,1965,
01611920108670.json,1965,
37680236037899.json,1965,
13632140120881.json,1965,
01612596057046.json,1965,
34674476034375.json,1965,
30736500141119.json,1965,
30736356030183.json,1965,
37683796089007.json,1965,
01611760130435.json,1965,
41690396044853.json,1965,
19651360102467.json,1965,
37681303731692.json,1965,
49706150113506.json,1965,
24753176112940.json,1965,
19645686013619.json,1965,
43696416048193.json,1965,
37683383730231.json,1965,
36750696037204.json,1965,
58727360142109.json,1965,
34673143430618.json,1965,
19647336016984.json,1965,
33671736032403.json,1965,
33751766032064.json,1965,
36678766036883.json,1965,
33736760100263.json,1965,
19753336020408.json,1965,
50711676052674.json,1965,
34674473430758.json,1965,
34674390101899.json,1965,
15634610106690.json,1965,
27660682730083.json,1965,
37681630128421.json,1965,
30665636029037.json,1965,
19647330126177.json,1965,
04100410114991.json,1965,
54722316114656.json,1965,
33671160140574.json,1965,
39686766042766.json,1965,
19647330109264.json,1965,
33670826032155.json,1965,
37680076037758.json,1965,
19647330122564.json,1965,
33671736032395.json,1965,
42693284230074.json,1965,
43693936046627.json,1965,
37683386114060.json,1965,
49709040125336.json,1965,
36677100102509.json,1965,
30665226028302.json,1965,
19647336015994.json,1965,
30664640113381.json,1965,
11101160124909.json,1965,
45700116050348.json,1965,
58727366056725.json,1965,
19646831930080.json,1965,
37679916037675.json,1965,
41689166043855.json,1965,
19647336016711.json,1965,
19647330135921.json,1965,
19101991933399.json,1965,
33672496106884.json,1965,
09619030140459.json,1965,
54722316105381.json,1965,
36676523633906.json,1965,
37680236037964.json,1965,
19647330122358.json,1965,
19647256061345.json,1965,
56738745630199.json,1965,
37684520100933.json,1965,
23752182330207.json,1965,
10624146007132.json,1965,
15635946102792.json,1965,
12753826008049.json,1965,
37754160132472.json,1965,
19647250132324.json,1965,
19647330138305.json,1965,
39685936114847.json,1965,
19651026111520.json,1965,
19648401934728.json,1965,
19734376057566.json,1965,
01612006001234.json,1965,
19647330125864.json,1965,
19647331931047.json,1965,
19642461995968.json,1965,
19647336017032.json,1965,
01100170112607.json,1965,
35675206035109.json,1965,
16739321630953.json,1965,
30736506115455.json,1965,
19647336017198.json,1965,
34674396034136.json,1965,
56725386110738.json,1965,
30664646115406.json,1965,
44697996049779.json,1965,
38684786041008.json,1965,
10622656006753.json,1965,
15737426009328.json,1965,
33670903334687.json,1965,
19647336016273.json,1965,
56739406106439.json,1965,
19647336019186.json,1965,
19647250115535.json,1965,
04615310110338.json,1965,
41689166043822.json,1965,
31750850108084.json,1965,
12768026008130.json,1965,
42771980138362.json,1965,
37683956067029.json,1965,
36750510138107.json,1965,
19647330126383.json,1965,
53765135330014.json,1965,
25735852530111.json,1965,
54755316053987.json,1965,
19651020110098.json,1965,
37684526110399.json,1965,
30666706071195.json,1965,
33670826032122.json,1965,
33752426114458.json,1965,
19647336057913.json,1965,
19647330122143.json,1965,
19647336111512.json,1965,
31669103130242.json,1965,
56726036055636.json,1965,
49708966052047.json,1965,
30666706058978.json,1965,
19645276013312.json,1965,
19643116011779.json,1965,
07617546004261.json,1965,
23655652331361.json,1965,
43696666119010.json,1965,
18641966010813.json,1965,
50755726053219.json,1965,
09100900106047.json,1965,
36676786035570.json,1965,
37735516037790.json,1965,
17640221730027.json,1965,
50712666113823.json,1965,
01611920133629.json,1965,
41690390140137.json,1965,
37683380126938.json,1965,
12626871230051.json,1965,
37679916101794.json,1965,
37683383732781.json,1965,
09619030930040.json,1965,
36678270137232.json,1965,
01613096002505.json,1965,
30736436030605.json,1965,
29102980126219.json,1965,
43694506047237.json,1965,
15633216009104.json,1965,
49709126052195.json,1965,
38684786041321.json,1965,
19647336016224.json,1965,
48705406115752.json,1965,
37683386117683.json,1965,
21654822132587.json,1965,
33669776031595.json,1965,
19647330117036.json,1965,
19647336017966.json,1965,
50710430108076.json,1965,
43697086049449.json,1965,
34673146120026.json,1965,
15636280138131.json,1965,
19647330135517.json,1965,
36678766037162.json,1965,
04614326105761.json,1965,
19647746020317.json,1965,
49707970123422.json,1965,
19647336017065.json,1965,
43696666048516.json,1965,
42691206046049.json,1965,
01611190130609.json,1965,
49706156051585.json,1965,
07616970737619.json,1965,
19646346057749.json,1965,
36676113630712.json,1965,
52714720134403.json,1965,
19647256015531.json,1965,
56725616055511.json,1965,
01612916002414.json,1965,
19651106023675.json,1965,
05615720141820.json,1965,
36676110129452.json,1965,
15638426110340.json,1965,
01612596118657.json,1960,
43693696046254.json,1965,
34673140135400.json,1965,
36678433634995.json,1965,
30736506098511.json,1965,
56725460120634.json,1965,
19647331931856.json,1965,
19647331933241.json,1965,
27660506026132.json,1965,
56726526056030.json,1965,
27662336026710.json,1965,
19645191938919.json,1965,
19647336058218.json,1965,
34765056032932.json,1965,
34673146101844.json,1965,
09618386110456.json,1965,
44698076049852.json,1965,
30664566027551.json,1965,
01611926113815.json,1965,
39686760114876.json,1965,
33736766032361.json,1965,
45700296050355.json,1965,
19647251930411.json,1965,
34674396033831.json,1965,
41690706045041.json,1965,
19734451996560.json,1965,
19651360114439.json,1965,
07617390730440.json,1965,
37683386039630.json,1965,
43694506047260.json,1965,
15633216009153.json,1965,
51105120114207.json,1965,
37682966095053.json,1965,
38684786062046.json,1965,
37683616040356.json,1965,
36678766036909.json,1965,
19647336018543.json,1965,
19647336015721.json,1965,
51714645130075.json,1965,
19647336018113.json,1965,
30664316066815.json,1965,
49706156051593.json,1965,
27660926058713.json,1965,
19647336018386.json,1965,
34673306033187.json,1965,
19647336017073.json,1965,
36676376067052.json,1965,
43696416048326.json,1965,
37737916107148.json,1965,
34674396034177.json,1965,
19642871936384.json,1965,
43696746048870.json,1965,
34674396096150.json,1965,
19647336016398.json,1965,
28662906027049.json,1965,
36678766109714.json,1965,
44697996049738.json,1965,
36676783631769.json,1965,
04615316112999.json,1965,
25735934737250.json,1965,
19647336016232.json,1965,
37683386112478.json,1965,
34673140108738.json,1965,
51714236053318.json,1965,
01611926001176.json,1965,
45701364530200.json,1965,
43696176067227.json,1965,
15751686009476.json,1965,
49710196052344.json,1965,
30666476030027.json,1965,
45699556050207.json,1965,
10621666109961.json,1965,
19649076068787.json,1965,
19647336058127.json,1965,
19647330108910.json,1965,
04615150434803.json,1965,
30666700109066.json,1965,
30665973030186.json,1965,
34674476034482.json,1965,
34739736108948.json,1965,
19649806022602.json,1965,
33669936031652.json,1965,
36678433635042.json,1965,
19650946023477.json,1965,
15634616009500.json,1965,
07617546004220.json,1965,
19648166020721.json,1965,
19645276013353.json,1965,
33672070134981.json,1965,
19647336018410.json,1965,
50755640107979.json,1965,
27660506026124.json,1965,
33736760100255.json,1965,
39754996042881.json,1965,
53765135337456.json,1965,
19647336018105.json,1965,
49708470119750.json,1965,
07617546114904.json,1965,
30664496068571.json,1965,
01612756066492.json,1965,
57727106071278.json,1965,
30666213035409.json,1965,
50105045030226.json,1965,
19648570116558.json,1965,
44697650100388.json,1965,
30665223030103.json,1965,
33672310127761.json,1965,
07100740129684.json,1965,
43104390131748.json,1965,
12753741232909.json,1965,
19647330109439.json,1965,
19647336016265.json,1965,
34673306112916.json,1965,
48705816071302.json,1965,
15737426009294.json,1965,
56739405633250.json,1965,
36750693637584.json,1965,
19647330137091.json,1965,
01612590115600.json,1935,
19647336017024.json,1965,
19734606106918.json,1965,
43694500129247.json,1965,
19647336019939.json,1965,
24656316025340.json,1965,
42692116045546.json,1965,
33751926113641.json,1965,
30665636028997.json,1965,
33672156061790.json,1965,
01612916002455.json,1965,
49708620131961.json,1965,
08618200137729.json,1965,
15101570135467.json,1965,
56724546055008.json,1965,
19651106023634.json,1965,
19648651995588.json,1965,
28662666113302.json,1965,
43694196046890.json,1965,
01612596118616.json,1965,
19651366058580.json,1965,
49707306120588.json,1965,
33670580111021.json,1965,
01100170130625.json,1965,
36679596114177.json,1965,
37680236037840.json,1965,
34674476034656.json,1965,
36676786108195.json,1965,
19647336017248.json,1965,
13631236113658.json,1965,
22102232230050.json,1965,
36675876035174.json,1965,
24753666025407.json,1965,
30664566027510.json,1965,
19645276013304.json,1965,
19647330133744.json,1965,
19647336057905.json,1965,
33670823330537.json,1965,
33670826109805.json,1965,
54768365431598.json,1965,
52105205230016.json,1965,
19649986120257.json,1965,
37683463730033.json,1965,
37683386039671.json,1965,
30736436030613.json,1965,
19646676014682.json,1965,
30665223035706.json,1965,
01613096002513.json,1965,
36678270137224.json,1965,
19647331931682.json,1965,
34674473430386.json,1965,
43694274337903.json,1965,
01612590119859.json,1965,
15636286009740.json,1965,
19647336018345.json,1965,
37681303732732.json,1965,
33751926116438.json,1965,
42692296045629.json,1965,
43693776067177.json,1965,
27661342733657.json,1965,
56768286055552.json,1965,
19648810113472.json,1965,
44697576049571.json,1965,
19647331936350.json,1965,
09618380100024.json,1965,
34673146033047.json,1965,
36738906035331.json,1965,
33671810138610.json,1965,
19645766013882.json,1965,
43696666060115.json,1965,
19647331930791.json,1965,
36678683630241.json,1965,
19768690131128.json,1965,
56724626055016.json,1965,
37680236066971.json,1965,
19647330111971.json,1965,
38684786041065.json,1965,
36738900118109.json,1965,
10622571033695.json,1965,
34673486114185.json,1965,
37683386039523.json,1965,
19645926115265.json,1965,
10739656112775.json,1965,
37683383735750.json,1965,21
33751923330743.json,1965,
34765056033476.json,1965,
15735446117816.json,1965,
30664646097398.json,1965,
30647666020176.json,1965,
57727106107163.json,1965,
50712826067250.json,1965,
33672490102715.json,1965,
19647336018980.json,1965,
34674476034441.json,1965,
40687596043061.json,1965,
19647336019368.json,1965,
14632891434901.json,1965,
36678433630779.json,1965,
19101990132605.json,1965,
50710430112292.json,1965,
36678766036933.json,1965,
19757136011100.json,1965,
19753090137786.json,1965,
34673146059174.json,1965,
37683380127647.json,1965,
19647330129627.json,1965,
56738746111496.json,1965,
34674476034912.json,1965,
15635291530476.json,1965,
34752830116806.json,1965,
19647256015622.json,1965,
15635036111157.json,1965,
36677856110050.json,1965,
50712906053110.json,1965,
44698496049977.json,1965,
19647330106922.json,1965,
37680986038210.json,1965,
50712820105700.json,1965,
19647330132084.json,1965,
34674470128124.json,1965,
37680566088983.json,1965,
09619456114664.json,1965,
19647336016422.json,1965,
19648816021679.json,1965,
12101240106179.json,1965,
36738903630282.json,1965,
19651366111926.json,1965,
37680230119594.json,1965,
14766870125047.json,1965,
43693696046239.json,1965,
43696664330502.json,1965,
43695266047567.json,1965,
19643521933951.json,1965,
27738252730034.json,1965,
41688820133157.json,1965,
43693776046387.json,1965,
33672153330677.json,1965,
54755236054308.json,1965,
34674473432051.json,1965,
20652430118950.json,1965,
33672153330362.json,1965,
44754326049951.json,1965,
19647336017008.json,1965,
07618126005169.json,1965,
33103300125385.json,1965,
16638836010326.json,1965,
15635291530708.json,1965,
30665306089072.json,1965,
07618046066591.json,1965,
43695344334371.json,1965,
30739246029052.json,1965,
42767866060057.json,1965,
36675876120604.json,1965,
19642876011431.json,1965,
07618040108324.json,1965,
37682216038756.json,1965,
10621666006431.json,1965,
15633210138149.json,1965,
51714645130018.json,1965,
03739810330753.json,1965,
31750856116057.json,1965,
39685933935103.json,1965,
28662666058788.json,1965,
15633620119099.json,1965,
36676786098362.json,1965,
19647330124412.json,1965,
06615986003495.json,1965,
19647336017321.json,1965,
01612596001846.json,1960,
19648810127746.json,1965,
19647331932128.json,1965,
30666706030266.json,1965,
41689086043699.json,1965,
36678270137208.json,1965,
43694356047153.json,1965,
19647330124941.json,1965,
18642041838507.json,1965,
33671246107643.json,1965,
36677026118467.json,1965,
41688826043590.json,1965,
36678766061915.json,1965,
36678760116178.json,1965,
49709046052096.json,1965,
56726526062152.json,1965,
19648576118749.json,1965,
37681223732195.json,1965,
34765053430634.json,1965,
41689244137535.json,1965,
13631151330133.json,1965,
19647336019780.json,1965,
37683380121681.json,1965,
36679593633351.json,1965,
19647336058275.json,1965,
19643376011910.json,1965,
01612596001903.json,1959,
43733876047674.json,1965,
49706806051718.json,1965,
40688096043210.json,1965,
39685936120505.json,1965,
15634206009419.json,1965,
37680986038178.json,1965,
19101990128025.json,1965,
01611926066476.json,1965,
45700036050330.json,1965,
34674396110662.json,1965,
36678760141689.json,1965,
43733874331039.json,1965,
48705810134262.json,1965,
43104390124065.json,1965,
49709206060271.json,1965,
37683383731247.json,1965,
01751016117592.json,1965,
01612590112813.json,1965,
39686276119309.json,1965,
30664726027700.json,1965,
54722566054555.json,1965,
19647336019145.json,1965,
23656232335487.json,1965,
19647330125096.json,1965,
07617966004766.json,1965,
56724626055057.json,1965,
36679340140202.json,1965,
30666216029755.json,1965,
15633626119994.json,1965,
25102566069314.json,1965,
36675876116370.json,1965,
19643296011787.json,1965,
07618040109173.json,1965,
40687596043020.json,1965,
19101996116883.json,1965,
36676783631587.json,1965,
12629196008015.json,1965,
04615310432856.json,1965,
37683870105825.json,1965,
54767946094569.json,1965,
42104216069223.json,1965,
01611920137646.json,1965,
18641706010797.json,1965,
19647256057806.json,1965,
44698074430179.json,1965,
19647336020044.json,1965,
19648401936467.json,1965,
09100906069470.json,1965,
11626616007603.json,1965,
39686760140616.json,1965,
37683870129049.json,1965,
36677026119630.json,1965,
19647330124404.json,1965,
34674476034953.json,1965,
31667876031033.json,1965,
56725465630389.json,1965,
32669693236007.json,1965,
30664646110852.json,1965,
41104130135269.json,1965,
19647256015663.json,1965,
30664640112748.json,1965,
37680986038251.json,1965,
32669696031421.json,1965,
36678766098560.json,1965,
33672310113746.json,1965,
33751766111082.json,1965,
26102640128645.json,1965,
37683380140384.json,1965,
48705406109136.json,1965,
19647336016463.json,1965,
15633626009930.json,1965,
19647251936947.json,1965,
19647330128132.json,1965,
54105460119602.json,1965,
34765056069736.json,1965,
44697996049647.json,1965,
43694196046957.json,1965,
58727366056683.json,1965,
56725536120620.json,1965,
19752916022487.json,1965,
19651106023659.json,1965,
43695266047526.json,1965,
10751271030725.json,1965,
06616146003537.json,1965,
19645681933472.json,1965,
19648810113464.json,1965,
19648816058465.json,1965,
19647330127910.json,1965,
31668456117824.json,1965,
43694506071542.json,1965,
19647336060461.json,1965,
19753090132654.json,1965,
33752000108530.json,1965,
19647331933001.json,1965,
19647336019954.json,1965,
54718606118111.json,1965,
19647746020291.json,1965,
06616226003552.json,1965,
09619786109441.json,1965,
33670583330669.json,1965,
43696666048490.json,1965,
19646341934249.json,1965,
33670906061774.json,1965,
34673306106892.json,1965,
19645016013205.json,1965,
10739651035112.json,1965,
38684786041073.json,1965,
10621666088538.json,1965,
10622571033729.json,1965,
30739246058853.json,1965,
30664236027395.json,1965,
19647336016208.json,1965,
19647330109454.json,1965,
19648730141739.json,1965,
33671240102731.json,1965,
31669280139840.json,1965,
57726780111401.json,1965,
37683386119598.json,1965,
34674476034904.json,1965,
39686760119784.json,1965,
30665970111666.json,1965,
19647330124453.json,1965,
31668940138081.json,1965,
15637506010029.json,1965,
36103630139147.json,1965,
36675956108930.json,1965,
39686506042485.json,1965,
44698234430187.json,1965,
15634610129130.json,1965,
50712826053060.json,1965,
52716216053623.json,1965,
10624306007314.json,1965,
41690706045082.json,1965,
04615236003289.json,1965,
34673146061808.json,1965,
29102982930147.json,1965,
33670580119305.json,1965,
54753256100275.json,1965,
30664236027403.json,1965,
37683386039309.json,1965,
39685856109839.json,1965,
01100170124172.json,1965,
50755566052989.json,1965,
41688666043483.json,1965,
17640550108340.json,1965,
43694196047096.json,1965,
30736356030530.json,1965,
45699894530242.json,1965,
50712906111017.json,1965,
19643376011951.json,1965,
19649076021802.json,1965,
41689404135331.json,1965,
19647330111658.json,1965,
51713656053243.json,1965,
30666216029979.json,1965,
01612186001358.json,1965,
19645276013387.json,1965,
30736500138719.json,1965,
43694356111942.json,1965,
48705816060206.json,1965,
37683386109599.json,1965,
16639821630011.json,1965,
36676783631181.json,1965,
19647330117762.json,1965,
10739650140509.json,1965,
47104706069405.json,1965,
07617886098578.json,1965,
36677106108054.json,1965,
10621666006308.json,1965,
19651026109664.json,1965,
19647336016570.json,1965,
34673146106355.json,1965,
07617960732164.json,1965,
37684113730843.json,1965,
33671160116749.json,1965,
19647330101659.json,1965,
37737916039085.json,1965,
50710436052427.json,1965,
34752833430626.json,1965,
30665226028476.json,1965,
34674393430865.json,1965,
33670586032007.json,1965,
17640221730118.json,1965,
01611766090534.json,1965,
39685853930278.json,1965,
41689576044093.json,1965,
19647330111989.json,1965,
41690056044580.json,1965,
19646676108393.json,1965,
19753416022115.json,1965,
01612596001739.json,1965,
39103970124958.json,1965,
11626536007546.json,1965,
54105465430327.json,1965,
34674390114546.json,1965,
19648326107171.json,1965,
19645276013411.json,1965,
43694500123299.json,1965,
30665223033578.json,1965,
56768286055545.json,1965,
19647336018352.json,1965,
15635290116400.json,1965,
34673306033153.json,1965,
34673146098743.json,1965,
42691206046064.json,1965,
36677103630902.json,1965,
22655322230068.json,1965,
10739656006910.json,1965,
19647256057780.json,1965,
33670336114151.json,1965,
33752000102079.json,1965,
19649801995737.json,1965,
34674473430493.json,1965,
56725386111850.json,1965,
45699146050124.json,1965,
19650940122432.json,1965,
50711755034913.json,1965,
01316090131755.json,1965,
19649980119230.json,1965,
11754811135656.json,1965,
33751920105759.json,1965,
37683616111041.json,1965,
19647330132928.json,1965,
33671736115448.json,1965,
54755316107650.json,1965,
19645686013643.json,1949,
19644361931617.json,1965,
23752186111074.json,1965,
37681146116420.json,1965,
37682966039010.json,1965,
19647586020085.json,1965,
12630400129114.json,1965,
32103220108001.json,1965,
33671246104582.json,1965,
01612596111660.json,1965,
19647336018493.json,1965,
43695756047831.json,1965,
28662906117964.json,1965,
30103060141978.json,1965,
43695916047963.json,1965,
50712170142257.json,1965,
07617540140442.json,1965,
33672316109581.json,1965,
23656236025290.json,1965,
19647331934454.json,1965,
37683380119610.json,1965,
36676376035471.json,1965,
19647330102921.json,1965,
38684786093496.json,1965,
48705736109094.json,1965,
19649806058531.json,1965,
33672150114181.json,1965,
01613090101212.json,1965,
56726526062145.json,1965,
19734451939925.json,1965,
33670906032205.json,1965,
01751196002711.json,1965,
37103710124321.json,1965,
19753336115307.json,1965,
30665226028708.json,1965,
27659616120273.json,1965,
20652436105951.json,1965,
31668866111694.json,1965,
57727106116677.json,1965,
37684526059810.json,1965,
26736682635001.json,1965,
54753255430210.json,1965,
45700946050454.json,1965,
37683380108282.json,1965,
15636770136259.json,1965,
37683380107177.json,1965,
10621666006563.json,1965,
19643521930239.json,1965,
19647336017859.json,1965,
36676780100586.json,1965,
34103480136275.json,1965,
44697990117804.json,1965,
58727366056790.json,1965,
15635036009583.json,1965,
42767866060040.json,1965,
39685026070957.json,1965,
10621666006076.json,1965,
39686766042550.json,1965,
30665976029466.json,1965,
49709616093140.json,1965,
30739246029045.json,1965,
01612590130575.json,1965,
12626871230705.json,1965,
43696256093066.json,1965,
48705656051262.json,1965,
07618046005102.json,1965,
43693936046692.json,1965,
12768020124164.json,1965,
19647330127803.json,1965,
19647330106831.json,1965,
30666216029938.json,1965,
19645926014039.json,1965,
19647336018485.json,1965,
01611766000566.json,1965,
13632146008635.json,1965,
19647586020093.json,1965,
19647331934157.json,1965,
30665483032158.json,1965,
19647096014948.json,1965,
43694196047039.json,1965,
54722560109751.json,1965,
50712666053037.json,1965,
11754811130012.json,1965,
56725386055354.json,1965,
05615640530022.json,1965,
30736503035102.json,1965,
37683380118851.json,1965,
01611926000988.json,1965,
30665066028021.json,1956,
27754736026090.json,1965,
33670580100164.json,1965,
27660926026249.json,1965,
41690470129759.json,1965,
07617546003966.json,1965,
33670586113880.json,1965,
07618046071039.json,1965,
15636280134312.json,1965,
36678766067086.json,1965,
19647330101618.json,1965,
19647330106427.json,1965,
43694840123760.json,1965,
39754990108357.json,1965,
43693856046494.json,1965,
36678196036446.json,1965,
21654096024483.json,1965,
12627946007850.json,1965,
10622656006787.json,1965,
19647336019152.json,1965,
07616480100479.json,1965,
36677103630555.json,1965,
45701106101612.json,1965,
33671736108450.json,1965,
19645276061295.json,1965,
01100170136226.json,1965,
34673143430592.json,1965,
37683380135913.json,1965,
33670906032213.json,1965,
23656236104590.json,1965,
10739656006951.json,1965,
19650606023006.json,1965,
49709206060289.json,1965,
27102726119663.json,1965,
30665636028955.json,1965,
29664076027197.json,1965,
42692296060024.json,1965,
01611506090419.json,1965,
56724626055040.json,1965,
31750850108050.json,1965,
19647336104814.json,1965,
34765050139584.json,1965,
50755566052971.json,1965,
19646591934611.json,1965,
54721570114595.json,1965,
31668520127928.json,1965,
19650606022990.json,1965,
19647336017727.json,1965,
43695426047575.json,1965,
37683956116008.json,1965,
43695916049480.json,1965,
19649076021950.json,1965,
19647336058366.json,1965,
54722310100495.json,1965,
01612590118224.json,1965,
39103973930468.json,1965,
35752596049654.json,1965,
31669106109482.json,1965,
38769270132183.json,1910,
30664640100735.json,1965,
20651856113922.json,1965,
50711346113286.json,1965,
31668943131851.json,1965,
27661836026645.json,1965,
39686760118497.json,1965,
51713995130059.json,1965,
37737916039093.json,1965,
13630996008379.json,1965,
19734376114441.json,1965,
48705400123356.json,1965,
10621660140038.json,1965,
01611196090047.json,1965,
33669856031603.json,1965,
07617880116863.json,1965,
21654586058622.json,1965,
15633216009187.json,1965,
33752426108047.json,1965,
19647330133694.json,1965,
27660506106777.json,1965,
34673143432002.json,1965,
39686763930427.json,1965,
33751926108427.json,1965,
21654586024780.json,1965,
19647330126615.json,1965,
19647336019806.json,1965,
42750104231205.json,1965,
56105615630223.json,1965,
28662660108605.json,1965,
50711676052815.json,1965,
41690136044010.json,1965,
37680806066989.json,1965,
10621666006522.json,1965,
15737426110712.json,1965,
43694196046940.json,1965,
07617706004477.json,1965,
03100330330068.json,1965,
43696256072177.json,1965,
19647336017818.json,1965,
37683383732997.json,1965,
39685856042071.json,1965,
50711755034905.json,1965,
30666706115836.json,1965,
57726866056311.json,1965,
45699146050132.json,1965,
48705730129494.json,1965,
19648406021026.json,1965,
19647336015960.json,1965,
33670336031868.json,1965,
36678760110783.json,1965,
33671733335130.json,1965,
19647330121095.json,1965,
30666700116582.json,1965,
37683383730314.json,1965,
01611766090559.json,1965,
43693776093033.json,1965,
12629276008023.json,1965,
36676786035588.json,1965,
01611276095376.json,1965,
27661676026629.json,1965,
54722566054647.json,1965,
50755645035654.json,1965,
49707896051825.json,1965,
27660922735348.json,1965,
05615646003446.json,1965,
19647336018915.json,1965,
30736433037553.json,1965,
49104964930343.json,1965,
10621666006365.json,1965,
32669693230042.json,1965,
01612590130666.json,1965,
19647330131797.json,1965,
19651361934421.json,1965,
04615150435602.json,1965,
16638910122820.json,1965,
33670333330446.json,1965,
19650606023303.json,1965,
25658962537702.json,1965,
42692296045595.json,1965,
07617960126805.json,1965,
33751926114243.json,1965,
43696416048409.json,1965,
37681063732054.json,1965,
20652430135079.json,1965,
49710016052336.json,1965,
24736196025746.json,1965,
19643376011878.json,1965,
34674476034342.json,1965,
20764140115550.json,1965,
01611506090435.json,1965,
36677100133371.json,1965,
11626386007504.json,1965,
16639746111934.json,1965,
20652436112312.json,1965,
43694014331955.json,1965,
43696256099451.json,1965,
36676523631058.json,1965,
54720256054183.json,1864,
36678686036727.json,1965,
37680236095020.json,1965,
48705404830170.json,1965,
43696416048235.json,1965,
36676520126243.json,1965,
39754996118699.json,1965,
30665226028732.json,1965,
37683386089056.json,1965,
10621666088942.json,1965,
54755235434113.json,1965,
19648576106900.json,1965,
34674390121665.json,1965,
19647336018295.json,1965,
33670826084628.json,1965,
01612596001754.json,1965,
31750856031207.json,1965,
15637926010094.json,1965,
37681146096911.json,1965,
19647330130997.json,1965,
04614246002968.json,1965,
01612590100792.json,1965,
30666216058945.json,1965,
37683796119341.json,1965,
37683386039762.json,1965,
41690706059976.json,1965,
37683956040463.json,1965,
19647906020481.json,1965,
34739733430451.json,1965,
19647330124487.json,1965,
54718116053854.json,1965,
19651026023568.json,1965,
19753411937143.json,1965,
37682050141499.json,1965,
19757136011068.json,1965,
33672156032577.json,1965,
33103306069207.json,1965,
36678010132720.json,1965,
37737910131433.json,1965,
19734376012264.json,1965,
40688096043285.json,1965,
37683380118083.json,1965,
19647336020028.json,1965,
37679916037584.json,1965,
34752836104731.json,1965,
36678190141416.json,1965,
19647336019715.json,1965,
42692294230454.json,1965,
50711755031802.json,1965,
19647330122416.json,1965,
19648656021356.json,1965,
27754400106112.json,1965,
33751920105734.json,1965,
07617966099717.json,1965,
10621666006332.json,1965,
19647336061477.json,1965,
19647330124891.json,1965,
03739810330050.json,1965,
24656316025316.json,1965,
36677026035778.json,1965,
19753090135145.json,1965,
33670906106843.json,1965,
27659616109466.json,1965,
39686760139923.json,1965,
34765056112064.json,1965,
19642871930601.json,1965,
19752916022453.json,1965,
19646916014930.json,1965,
23656150101147.json,1965,
33670820120675.json,1965,
19647336110969.json,1965,
37679916037642.json,1965,
19647336017834.json,1965,
54722316054464.json,1965,
37681303734761.json,1965,
19647336019129.json,1965,
04755076003172.json,1965,
01612596118640.json,1936,
38684786104673.json,1965,
19645191937481.json,1965,
42767866116875.json,1965,
12630320124289.json,1965,
57726860129726.json,1965,
42691120137877.json,1965,
15636281533843.json,1965,
30665226028765.json,1965,
07618046113336.json,1965,
36678766037030.json,1965,
42691206109268.json,1965,
36677103633302.json,1965,
10738090123950.json,1965,
49708706113492.json,1965,
37682966109300.json,1965,
34674135731708.json,1965,
19643946012215.json,1965,
37683380124115.json,1965,
50755560113852.json,1965,
30664313038239.json,1965,
33672150111252.json,1965,
16639176010391.json,1965,
47736844730081.json,1965,
39685930141424.json,1965,
42691956045462.json,1965,
56725380119412.json,1965,
19647330101675.json,1965,
30664646027585.json,1965,
33671160125906.json,1965,
30664230121053.json,1965,
37680986066997.json,1965,
34765056066682.json,1965,
10621666006324.json,1965,
38684786041727.json,1965,
01612590109819.json,1965,
33670580118885.json,1965,
33672496114748.json,1965,
19648816119549.json,1965,
37679916037592.json,1965,
56725386055339.json,1965,
19643376011993.json,1965,
31669106031249.json,1965,
24753176025423.json,1965,
28662662835601.json,1965,
19734376012272.json,1965,
19647331932847.json,1965,
41689324130126.json,1965,
37735516037816.json,1965,
16639586113120.json,1965,
07618046110449.json,1965,
45699716050256.json,1965,
51105120138040.json,1965,
19647330129866.json,1965,
12628101233352.json,1965,
30664646027643.json,1965,
01611926056956.json,1965,
56737596055867.json,1965,
19647330112235.json,1965,
33670906104491.json,1965,
01750930136929.json,1965,
33751766120463.json,1965,
36677856036057.json,1965,
56768286055586.json,1965,
24656310141911.json,1965,
19645271932698.json,1965,
36677106068761.json,1965,
19647330140046.json,1965,
29663572935500.json,1965,
36676783632502.json,1965,
56725386107551.json,1965,
10767780122473.json,1965,
48705736051320.json,1965,
19647336019996.json,1965,
45701106050512.json,1965,
07616486061154.json,1965,
37680806108534.json,1965,
19647336112411.json,1965,
30665226028773.json,1965,
10621660108555.json,1965,
07617966004659.json,1965,
09619296005615.json,1965,
19647336019095.json,1965,
04755076003164.json,1965,
20652436024046.json,1965,
41688660121111.json,1965,
54722316054472.json,1965,
19650450116616.json,1965,
45700456050397.json,1965,
10622651035310.json,1965,
10739656006654.json,1965,
41690396044960.json,1965,
54722310127621.json,1965,
36677026112114.json,1965,
36677100113944.json,1965,
13630811331404.json,1965,
14632711438308.json,1965,
17640141730043.json,1965,
19646266014427.json,1965,
37684110140939.json,1965,
33672156032536.json,1965,
36679343630670.json,1965,
56726526056089.json,1965,
01751016002349.json,1965,
33671736059091.json,1965,
10739991033430.json,1965,
31669446094502.json,1965,
30664646106801.json,1965,
19734450125351.json,1965,
07617966004931.json,1965,
36676786112833.json,1965,
04614240110551.json,1965,
19647336020069.json,1965,
01750936001424.json,1965,
57727020139436.json,1965,
33672156109011.json,1965,
19642876011373.json,1965,
19642616011167.json,1965,
40688090118695.json,1965,
10623646007041.json,1965,
37683383734654.json,1965,
19647336061436.json,1965,
10621666006373.json,1965,
24656316025357.json,1965,
01612006001242.json,1965,
19648576021141.json,1965,
01612346001531.json,1965,
43696666048540.json,1965,
43694274332995.json,1965,
24102490106518.json,1965,
19650606023196.json,1965,
43695910132373.json,1965,
21653186024202.json,1965,
31669510139709.json,1965,
19647330127985.json,1965,
48705816110134.json,1965,
45699480139543.json,1965,
29663166027080.json,1965,
30664726027668.json,1965,
54722566054597.json,1965,
15633216008981.json,1965,
19647336017875.json,1965,
01612006071906.json,1965,
37680236037857.json,1965,
28662666026769.json,1965,
34673303430501.json,1965,
19648570126268.json,1965,
30666216029797.json,1965,
30739246029086.json,1965,
56725536055438.json,1965,
10739996006688.json,1965,
37683386106181.json,1965,
43694270132274.json,1965,
51714646053359.json,1965,
10623640126870.json,1965,
49707066051734.json,1965,
47764556105480.json,1965,
36678196036305.json,1965,
57726940124875.json,1965,
36678766037071.json,1965,
10621666061188.json,1965,
07617136003727.json,1965,
37683383730181.json,1965,
30665226028724.json,1965,
42692296045645.json,1965,
33752426109565.json,1965,
33669776108104.json,1965,
07617136003750.json,1965,
30736506111876.json,1965,
47736846050843.json,1965,
33672156032668.json,1965,
30103060137976.json,1965,
14766876008726.json,1965,
10621666112619.json,1965,
34674470121467.json,1965,
08618206005391.json,1965,
36678270137182.json,1965,
37683380107086.json,1965,
19647251937176.json,1965,
20755802030211.json,1965,
13631496008536.json,1965,
37683386039168.json,1965,
19646916014906.json,1965,
19734456022263.json,1965,
37682130138636.json,1965,
19752911996081.json,1965,
15635291533538.json,1965,
19734456014351.json,1965,
19647336060529.json,1965,
43696746048847.json,1965,
24657550139675.json,1965,
16639740140368.json,1965,
12627036007694.json,1965,
50736016025712.json,1965,
55724216115018.json,1965,
37735516120711.json,1965,
37681060137034.json,1965,
19647336019723.json,1965,
34674396033955.json,1965,
01611436090278.json,1965,
43696746048797.json,1965,
33670330110106.json,1965,
19651360117234.json,1965,
07617966119515.json,1965,
56726526056154.json,1965,
30664313036712.json,1965,
36678760120006.json,1965,
50710766111892.json,1965,
07617546004352.json,1965,
01612916066518.json,1965,
12768026007876.json,1965,
43696906049191.json,1965,
19647331932888.json,1965,
15739081530146.json,1965,
10621661030840.json,1965,
30667466030811.json,1965,
56739406102230.json,1965,
33670586116636.json,1965,
24753170123091.json,1965,
37683386039754.json,1965,
13630990113985.json,1965,
19647336019236.json,1965,
31669103130234.json,1965,
30103060138800.json,1965,
19647330122135.json,1965,
49738826112981.json,1965,
33752006106868.json,1965,
40687596043095.json,1965,
39685850125369.json,1965,
38684786040950.json,1965,
15634046009393.json,1965,
37679910139394.json,1965,
33671246109979.json,1965,
01611766056873.json,1965,
21654172130045.json,1965,
30664236027320.json,1965,
33751760113100.json,1965,
19645926013973.json,1965,
43696666048425.json,1965,
19647336017156.json,1965,
29768776111371.json,1965,
43104390123257.json,1965,
37679910108563.json,1965,
04100410139493.json,1965,
34674396034052.json,1965,
10754080142166.json,1965,
43696256068167.json,1965,
15635290110999.json,1965,
23656152334704.json,1965,
19650940116566.json,1965,
07617396003826.json,1965,
30665226028211.json,1965,
19647336058002.json,1965,
19647330124370.json,1965,
47704664734901.json,1965,
43695006047369.json,1965,
30665226028641.json,1965,
39685856042196.json,1965,
50712900108761.json,1965,
19647336015887.json,1965,
33672156120075.json,1965,
37679676118723.json,1965,
01612590100065.json,1965,
30664236116123.json,1965,
28662666026876.json,1965,
19647330119727.json,1965,
19647330132027.json,1965,
48705406051098.json,1953,
19647336018535.json,1965,
19647330102491.json,1965,
37681063732062.json,1965,
36678196036149.json,1965,
43696666048649.json,1965,
30666216029888.json,1965,
37756143731601.json,1965,
30664646117733.json,1965,
49709956114409.json,1965,
58727695838305.json,1961,
49708624930012.json,1965,
19648406020945.json,1965,
19647336018923.json,1965,
39685856100341.json,1965,
39685936042386.json,1965,
30664313030384.json,1965,
30664496027445.json,1965,
19648576119143.json,1965,
30736506096200.json,1965,
48705816051445.json,1965,
36677106106504.json,1965,
19647330122861.json,1965,
19647336120794.json,1965,
24657550133413.json,1965,
50755646052906.json,1965,
19734371931567.json,1965,
36678506036669.json,1965,
19648651933308.json,1965,
43696666048599.json,1965,
09619456112569.json,1965,
33672156032783.json,1965,
19643946057541.json,1965,
43694500113662.json,1965,
43696666048433.json,1965,
49738820123786.json,1965,
45752674530077.json,1965,
43693690135749.json,1965,
19645926013965.json,1965,
37735516109201.json,1965,
18101816069934.json,1965,
36679180108449.json,1965,
49706490125724.json,1965,
15751681530401.json,1965,
57726786056253.json,1965,
31669513134657.json,1965,
36675876115117.json,1965,
19646911996438.json,1965,
16638911632140.json,1965,
19101990106880.json,1965,
12628366007892.json,1965,
19646420136127.json,1965,
33669930129882.json,1965,
19734456014310.json,1965,
31669100102798.json,1965,
42691200139824.json,1965,
51714150129007.json,1965,
10101080136291.json,1965,
33670903337136.json,1965,
01612346001507.json,1965,
33670586031959.json,1965,
01611766111330.json,1965,
10621586115190.json,1965,
19647331931070.json,1965,
50736016025753.json,1965,
42772220138396.json,1965,
30664646117725.json,1965,
19647336108641.json,1965,
07617626110811.json,1965,
56725616119242.json,1965,
54722566054688.json,1965,
19647336016497.json,1965,
15638420138701.json,1965,
37683386039200.json,1965,
34674396033914.json,1965,
19647330106997.json,1965,
30666476097018.json,1965,
48705816116255.json,1965,
07617966004907.json,1965,
04615230110510.json,1965,
19647256015697.json,1926,
19647256015382.json,1965,
39767600142059.json,1965,
05615560530014.json,1965,
56725046055156.json,1965,
19643371996230.json,1965,
30666476095160.json,1965,
20652436023998.json,1965,
05615646108518.json,1965,
33670826106728.json,1965,
19647336016182.json,1965,
19647336019277.json,1965,
49708966052070.json,1965,
09619606107437.json,1965,
36678760121343.json,1965,
30666706099816.json,1965,
07617960735316.json,1965,
36677026112122.json,1965,
33670820141192.json,1965,
01751016001416.json,1965,
10739656006662.json,1965,
33751760116343.json,1965,
49708966085229.json,1965,
14766870118299.json,1965,
30664236027361.json,1965,
45699896119382.json,1965,
01612596001689.json,1948,
36677106035794.json,1965,
19647331935121.json,1965,
19647336016356.json,1965,
33671166110365.json,1965,
37680236116859.json,1965,
43696906049241.json,1965,
49708700106344.json,1965,
37681303730702.json,1965,
19647336060495.json,1965,
09619296106678.json,1965,
39686196042428.json,1965,
20764146023915.json,1965,
30103060142026.json,1965,
36678436036511.json,1965,
19649316022180.json,1965,
23656156025191.json,1965,
33670583330388.json,1965,
33751766120455.json,1965,
30667466030738.json,1965,
43694196046809.json,1965,
19642461930213.json,1965,
15636936108575.json,1965,
39686506106322.json,1965,
20764140115527.json,1965,
10621666006191.json,1965,
38684786041438.json,1965,
43695836118541.json,1965,
36677106035901.json,1965,
55723716054910.json,1965,
37684523730942.json,1965,
15634046117915.json,1965,
39767600139956.json,1965,
19647330125609.json,1965,
39685930112565.json,1965,
15101571530310.json,1965,
43694014336137.json,1965,
34752830141895.json,1965,
43696660129718.json,1965,
49708216051874.json,1965,
44697736049613.json,1965,
39686766042634.json,1965,
19644366012587.json,1965,
39686760115303.json,1965,
15635030120865.json,1965,
30666706107692.json,1965,
41688826043525.json,1965,
33671246032320.json,1965,
40687596043129.json,1965,
51714646053441.json,1965,
15633216009021.json,1965,
19643946012223.json,1965,
17640226057434.json,1965,
34765056033617.json,1965,
36677106035844.json,1965,
54719025430335.json,1965,
36678506036628.json,1965,
37683383730363.json,1965,
19647336018626.json,1965,
33670586031975.json,1965,
34673140105916.json,1965,
48705656051254.json,1965,
19647336058192.json,1965,
01612346001481.json,1965,
19646671996420.json,1965,
30666476030092.json,1965,
49707220138248.json,1965,
37683386040026.json,1965,
48705406051221.json,1957,
39685850116608.json,1965,
19647336017479.json,1965,
54755310102186.json,1965,
36678500102830.json,1965,
31668866031199.json,1965,
41104130117143.json,1965,
23655656061667.json,1965,
19647336016638.json,1965,
37681970136408.json,1965,
19647336019467.json,1965,
37771560137323.json,1965,
37682216108559.json,1965,
49738824930046.json,1965,
19649986022693.json,1965,
38684786041156.json,1965,
37682216038798.json,1965,
19643030128306.json,1965,
10621666006555.json,1965,
19650376022800.json,1965,
16638756010276.json,1965,
19648576115273.json,1965,
13631491337138.json,1965,
01612590134015.json,1965,
10621660141127.json,1965,
45737006050413.json,1965,
19647336019871.json,1965,
30665896029151.json,1965,
01612596002174.json,1958,
19647330116954.json,1965,
19753091995786.json,1965,
10624306007231.json,1965,
19647336119093.json,1965,
49709126052161.json,1960,
01611926000947.json,1965,
49708056111066.json,1965,
37683386039739.json,1965,
07617390730549.json,1965,
34674476034821.json,1965,
36750696037287.json,1965,
37680236038038.json,1965,
47104700137372.json,1965,
24657892430601.json,1965,
43695916047955.json,1965,
39685026041800.json,1965,
57727106056444.json,1965,
19650941939537.json,1965,
36678766036800.json,1965,
43104390121483.json,1965,
09737836110498.json,1965,
43695186047377.json,1965,
06615980630046.json,1965,
01611500133876.json,1965,
19649076021927.json,1965,
43695756047807.json,1965,
43771490137315.json,1965,
19647336017750.json,1965,
19647256015341.json,1965,
07617966004881.json,1965,
37682130126995.json,1965,
07617546004295.json,1965,
36678506106538.json,1965,
30664646058929.json,1965,
32103220100057.json,1965,
30665483030145.json,1965,
34752830112425.json,1965,
50711676107023.json,1965,
19647336016141.json,1965,
23656152330454.json,1965,
19643296011860.json,1965,
56726036055768.json,1965,
34674396059364.json,1965,
36678766036768.json,1965,
01612596096523.json,1965,
19647330109199.json,1965,
45698564530762.json,1965,
19101990140798.json,1965,
19734371995695.json,1965,
54721086054332.json,1965,
34673306118012.json,1965,
43696906049282.json,1965,
44697990105858.json,1965,
19650606023071.json,1965,
01612006117543.json,1965,
01612590125716.json,1939,
41689656044135.json,1965,
56726036055800.json,1965,
43694014330759.json,1965,
37680236108492.json,1965,
33103303330123.json,1965,
43696746048938.json,1965,
04615070121509.json,1965,
33672073335973.json,1965,
19647090100610.json,1965,
41690620112722.json,1965,
24656986025472.json,1965,
15633216008866.json,1965,
36675956035224.json,1965,
15101571530500.json,1965,
38684786112601.json,1965,
19647330122226.json,1965,
44697996049670.json,1965,
19647901996404.json,1965,
01613090114421.json,1965,
24657550127597.json,1965,
37682966070858.json,1965,
50757390114561.json,1965,
19647336016950.json,1965,
12627456007736.json,1965,
19734371932326.json,1965,
15634796112791.json,1965,
41690396044887.json,1965,
05615726003461.json,1965,
42772140138388.json,1965,
30665976029391.json,1965,
27659876026033.json,1965,
19645686013767.json,1965,
24657890107672.json,1965,
30736356097372.json,1965,
56724546054993.json,1965,
37680566038111.json,1965,
19647330141564.json,1965,
56725386055289.json,1965,
39686766042618.json,1965,
24656806025456.json,1965,
43694014330866.json,1965,
36677106108062.json,1965,
19643296011837.json,1965,
43693696046189.json,1965,
05615640530055.json,1965,
34674396059299.json,1965,
15101570124040.json,1965,
19645506013536.json,1965,
19649986115513.json,1965,
10622400114587.json,1965,
19647330125625.json,1965,
15633626115257.json,1965,
04615310430108.json,1965,
30736506100861.json,1965,
09619030110155.json,1965,
30664640136762.json,1965,
36676786105712.json,1965,
39754990102392.json,1965,
17769761730050.json,1965,
33670586031934.json,1965,
19647336018667.json,1965,
19753090138297.json,1965,
19642616057475.json,1965,
15739086009757.json,1965,
42750100138891.json,1965,
19647336017438.json,1965,
37683386040067.json,1965,
37680490136614.json,1965,
30664230113712.json,1965,
37680236037949.json,1965,
19647336016679.json,1965,
39686760141358.json,1965,
19646836066765.json,1965,
49707220139048.json,1965,
54722560139105.json,1965,
19647336019426.json,1965,
41689166043897.json,1965,
24736192430031.json,1965,
19642876011514.json,1965,
37681976038541.json,1965,
10621666006514.json,1965,
36675956035232.json,1965,
50711676052823.json,1965,
36678766068191.json,1965,
24656986025464.json,1965,
30665483030368.json,1965,
57727105738802.json,1965,
19647336019830.json,1965,
30665896029110.json,1965,
19647330126623.json,1965,
19734371996040.json,1965,
34674396034029.json,1965,
41690886045165.json,1965,
01612426115505.json,1965,
49706564930855.json,1965,
56724546054985.json,1965,
27659876026025.json,1965,
37684526040596.json,1965,
31669100125740.json,1965,
19647330122119.json,1965,
19647330109249.json,1965,
01611190111765.json,1965,
37681300139063.json,1965,
56725530139592.json,1965,
09619036095301.json,1965,
30664640115501.json,1965,
42692606045702.json,1965,
07617886004568.json,1965,
39754990102384.json,1965,
04615316003321.json,1965,
33670820135251.json,1965,
53105380125633.json,1965,
12626871235209.json,1965,
30666473031929.json,1965,
06100660630111.json,1965,
19734606023352.json,1965,
37680980131813.json,1965,
15638426010243.json,1965,
10621666006282.json,1965,
10621666057327.json,1965,
31667956031066.json,1965,
45698806113260.json,1965,
33672156107957.json,1965,
07617476003917.json,1965,
19647330141572.json,1965,
19647336104822.json,1965,
45701364530309.json,1965,
49753586052369.json,1965,
30666706098552.json,1965,
06100660136580.json,1965,
19647176015101.json,1965,
07616486057178.json,1965,
01612596113807.json,1965,
30665636028963.json,1965,
36677100108191.json,1965,
30666476030084.json,1965,
19647336058184.json,1965,
19650606023030.json,1965,
35675383530029.json,1965,
19753331935808.json,1965,
30665556028906.json,1965,
10625396112387.json,1965,
30665226028682.json,1965,
19649071933324.json,1965,
31668520121608.json,1965,
47705086119259.json,1965,
54719930123653.json,1965,
03739816107387.json,1965,
33669776031520.json,1965,
19649986022685.json,1965,
19647176015044.json,1965,
56724626055099.json,1965,
19647330124560.json,1965,
43696414332904.json,1965,
54718606053938.json,1965,
36678760120568.json,1965,
07617546118087.json,1965,
19647336058242.json,1965,
50755646052880.json,1965,
45699894530234.json,1965,
30665226028401.json,1965,
50710436052450.json,1965,
33670336031736.json,1965,
43694274330361.json,1965,
19645686013726.json,1965,
23655812330090.json,1965,
39685853934759.json,1965,
37683386039390.json,1965,
36103630140012.json,1965,
39685936042345.json,1965,
30666216116586.json,1965,
56725386055362.json,1965,
48705320122267.json,1965,
36750776035257.json,1965,
15633620110775.json,1965,
37683380101345.json,1965,
36676786111710.json,1965,
19647336018519.json,1965,
01612000130393.json,1965,
07617546004329.json,1965,
37679916037741.json,1965,
10739656115521.json,1965,
37680236037915.json,1965,
34673146112106.json,1965,
16638756010284.json,1965,
24657486025514.json,1965,
19648576115281.json,1965,
33670583333192.json,1965,
19647331995448.json,1965,
19647331930650.json,1965,
10622406006720.json,1965,
41690620126722.json,1965,
09737836005623.json,1965,
36675956098503.json,1965,
43694844334850.json,1965,
30665226028666.json,1965,
30736436118764.json,1965,
01750930131615.json,1965,
13631640138917.json,1965,
36679590114256.json,1965,
43694846047336.json,1965,
33752426032874.json,1965,
10621586006050.json,1965,
33751926116453.json,1965,
40687006042931.json,1947,
37679676109953.json,1965,
20652012030047.json,1965,
36678763631090.json,1965,
10621666006118.json,1965,
34765056059257.json,1965,
10623800136499.json,1965,
38684786059828.json,1965,
19650456071682.json,1965,3000
50710680132662.json,1965,
10621666006548.json,1965,
49708960102525.json,1965,
40104054030078.json,1965,
37683386114292.json,1965,
37683386040257.json,1965,
19647330121293.json,1965,
52714726053615.json,1965,
36676786107270.json,1965,
19647330111625.json,1965,
01612756002281.json,1965,
01612340130054.json,1965,
07617966004873.json,1965,
56768286055610.json,1965,
19643376011886.json,1965,
42767864235727.json,1965,
30664646094619.json,1965,
19647336019616.json,1965,
19734376120877.json,1965,
36676373630290.json,1965,
37683386039374.json,1965,
39685856100366.json,1965,
01612590130732.json,1965,
22655326103477.json,1965,
19646670140970.json,1965,
19645506013593.json,1965,
39686270136028.json,1876,
15633216009047.json,1965,
39686766042717.json,1965,
19648816021612.json,1965,
45698564530051.json,1965,
30665976029334.json,1965,
43696826049068.json,1965,
07617540734764.json,1965,
04615070110072.json,1965,
36676523630571.json,1965,
34673140111732.json,1965,
43695186047385.json,1965,
34674396034219.json,1965,
19647336015770.json,1965,
54718605430095.json,1965,
36739573630365.json,1965,
41690216044739.json,1965,
36739570110718.json,1965,
36678766036958.json,1965,
50711676052740.json,1965,
41690704132551.json,1965,
37683043735974.json,1965,
31669100139857.json,1965,
31668940102293.json,1965,
49706800112987.json,1965,
30739246058879.json,1965,
04614240111039.json,1965,
30664646109474.json,1965,
56725465632849.json,1965,
48705736060180.json,1965,
37682966107460.json,1965,
12101246008221.json,1965,
19647336016737.json,1965,
33670820101139.json,1965,
30666706030431.json,1965,
50757396118814.json,1965,
56737596055925.json,1965,
01612910141473.json,1965,
19734456068811.json,1965,
36677026035786.json,1965,
40687004030151.json,1965,
43693936046601.json,1965,
19647336018683.json,1965,
24657892430098.json,1965,
19650606068878.json,1965,
36676786109813.json,1965,
37683386040083.json,1965,
24658706025829.json,1965,
50757395036884.json,1965,
19647250131938.json,1965,
09618380107227.json,1965,
10621666006266.json,1965,
15638266105415.json,1965,
36675870107441.json,1965,
43696094334736.json,1965,
15635290125062.json,1965,
39685856042220.json,1965,
30664236027429.json,1965,
24657890127373.json,1965,
50712906053086.json,1965,
43696906049159.json,1965,
21653186024194.json,1965,
07617966004824.json,1965,
19646340128991.json,1965,
09100900930131.json,1965,
07617886084966.json,1965,
19647330124479.json,1965,
07616970737023.json,1965,
01612420126763.json,1965,
43693856046411.json,1965,
36678500121160.json,1965,
37682960108332.json,1965,
37683386107056.json,1965,
30665226028518.json,1965,
12626796007678.json,1965,
21654172132264.json,1965,
33670823330065.json,1965,
34674136033716.json,1965,
07616556117410.json,1965,
19643291931088.json,1965,
43694356047138.json,1965,
37683383731056.json,1965,
33671160108639.json,1965,
01613096002554.json,1965,
33670336031785.json,1965,
55723636054902.json,1965,
19647336018816.json,1965,
39754996114490.json,1965,
51714230132977.json,1965,
19643941931823.json,1965,
43694840114496.json,1965,
15633626107627.json,1965,
15633216008882.json,1965,
37684520118430.json,1965,
10625470135103.json,1965,
13630996111587.json,1965,
37683380132316.json,1965,
36676946097646.json,1965,
36678196036206.json,1965,
34673140131516.json,1965,
49738826109169.json,1965,
33670336031843.json,1965,
21653186024244.json,1965,
19647331931450.json,1965,
37684113738234.json,1965,
36679186037329.json,1965,
56768286055578.json,1965,
44697996108146.json,1965,
01612006001341.json,1965,
36675870112086.json,1965,
33670586118863.json,1965,
49706564930848.json,1965,
19647746020242.json,1965,
14632896008775.json,1965,
19647331937838.json,1965,
19647330127886.json,1965,
56737596055933.json,1965,
30664236027346.json,1965,
54722566110902.json,1965,
30736356106926.json,1965,
10621666006159.json,1965,
38684786059869.json,1965,
34674210137950.json,1965,
20651776023865.json,1965,
21654176113229.json,1965,
38684783830437.json,1965,500
58727516056832.json,1965,
07617966004998.json,1965,
07617966004832.json,1965,
43733876047609.json,1965,
30736356071153.json,1965,
37682216038814.json,1965,
19647336019657.json,1965,
30664316058812.json,1965,
19646836014781.json,1965,
12101240106153.json,1965,
43693776068928.json,1965,
19753096107494.json,1965,
35103553530045.json,1965,
19647336057954.json,1965,
19647336061535.json,1965,
30665976029375.json,1965,
33670336031793.json,1965,
19645686013783.json,1965,
21654172132272.json,1965,
37103710134577.json,1965,
34674476034938.json,1965,
43694840100990.json,1965,
37683956040521.json,1965,
31667870126664.json,1965,
19734456014419.json,1965,
19648816120265.json,1965,
07618040734368.json,1965,
30736436118772.json,1965,
43696746048821.json,1965,
01612596002190.json,1965,
29663320125955.json,1965,
30736506068647.json,1965,
39685850102640.json,1965,
56726036060354.json,1965,
42691206045272.json,1965,
30667460119925.json,1965,
19647330139089.json,1965,
01611766056907.json,1965,
30739246029078.json,1965,
33751926110084.json,1965,
30664236027254.json,1965,
43693696046213.json,1965,
36678503630597.json,1965,
19647336019483.json,1965,
01611926001127.json,1965,
19101990140681.json,1965,40000
33670586031991.json,1965,
33751926107254.json,1965,
34674393434636.json,1965,
37683046107999.json,1965,
19647336017537.json,1965,
19647336058176.json,1965,
07617626004428.json,1965,
34739733430378.json,1965,
37683380118315.json,1965,
30666476030076.json,1965,
34765050108837.json,1965,
54768366054050.json,1965,
50736010124073.json,1965,
19645506013585.json,1965,
01612596001929.json,1960,
56768280142190.json,1965,
30664646111793.json,1965,
07617966004865.json,1965,
33751763330115.json,1965,
19647330121285.json,1965,
19647330126540.json,1965,
37103710138016.json,1965,
42691206119812.json,1965,
19648166020770.json,1965,
41690706068282.json,1965,
19649076021869.json,1965,
33752006117659.json,1965,
19646596014666.json,1965,
19647096014963.json,1965,
19647336018154.json,1965,
36677106106470.json,1965,
30665226028559.json,1965,
19642791931765.json,1965,
56737595630108.json,1965,11975
04615496003354.json,1965,
37683386096598.json,1965,
43693690126284.json,1965,
34674396111389.json,1965,
19734451938935.json,1965,
19647336018857.json,1965,
43694356117956.json,1965,
43694356047179.json,1965,
33751920108506.json,1965,
33670333331600.json,1965,
15633216008841.json,1965,
43104390125799.json,1965,
19642611995299.json,1965,
19734376066732.json,1965,
33669776031546.json,1965,
39686766118871.json,1965,
36676456104525.json,1965,
15638006010136.json,1965,
56725465631619.json,1965,
34674130114660.json,1965,
07617546112395.json,1965,
15633620140731.json,1965,
38684786040737.json,1965,
19649316022164.json,1965,
47703836050835.json,1965,
10622651033703.json,1965,
33752006107858.json,1965,
15636280122853.json,1965,
07618046005144.json,1965,
19646670124099.json,1965,
50711006052559.json,1965,
27660926058739.json,1965,
34673146033104.json,1965,
19647331932250.json,1965,
10622656006738.json,1965,
37681556117303.json,1965,
44697996049712.json,1965,
33103300110833.json,1965,
03739816002844.json,1965,
33103300137869.json,1965,
31669106111959.json,1965,
41690216044754.json,1965,
01751016002323.json,1965,
09619780108258.json,1965,
10624146007207.json,1965,
10623316007009.json,1965,
42691460102129.json,1965,
29768776110746.json,1965,
19647330127795.json,1965,
07100746118368.json,1965,
30665976029359.json,1965,
34674396033948.json,1965,
21654176024582.json,1965,
19647336061519.json,1965,
43695836118376.json,1965,
09618380129965.json,1965,
27751500118349.json,1965,
19734520141465.json,1965,
42767866045827.json,1965,
01611436105316.json,1965,
30736506089445.json,1965,
19649071937028.json,1965,
30666216029987.json,1965,
27661342731115.json,1965,
19757136011043.json,1965,
43733876047625.json,1965,
19648736117444.json,1965,
27660922732808.json,1965,
39103973930195.json,1965,
48705406051197.json,1965,
19647330102434.json,1965,
19734456014120.json,1965,
36678430127837.json,1965,
19645276013379.json,1965,
54721736054399.json,1965,
34673143430311.json,1965,
43693696068910.json,1965,
19642876096135.json,1965,
42691126045264.json,1965,
36679186037352.json,1965,
38684786040760.json,1965,
05100580530048.json,1965,
36739576037394.json,1965,
20652432035707.json,1965,
19648406021133.json,1965,
36678430110569.json,1965,
33672490140921.json,1965,
30666706114631.json,1965,
33736766114789.json,1965,
19647331932342.json,1965,
19647331931997.json,1965,
19647330122606.json,1965,
19645926013981.json,1965,
51714156053300.json,1965,
36677106059406.json,1965,
30666703034998.json,1965,
56726525630348.json,1965,
37683386039572.json,1965,
01611766056881.json,1965,
19647330109413.json,1965,
50712666106934.json,1965,
33671996111843.json,1965,
44697994430203.json,1965,
10767781038298.json,1965,
36676780100578.json,1965,
30647666020127.json,1965,
34674396033765.json,1965,
19647336019913.json,1965,
33672156032767.json,1965,
33670330110635.json,1965,
24657226025498.json,1965,
37682136097190.json,1965,
34765056033427.json,1965,
19734526022289.json,1965,
19647336019293.json,1965,
19647336016166.json,1965,
01613096002539.json,1965,
01612590100701.json,1965,
30736436030639.json,1965,
54718605430806.json,1965,
33751920108480.json,1965,
15633216009138.json,1965,
37683460106328.json,1965,
37737913737632.json,1965,
30665226028575.json,1965,
19647256015366.json,1965,
37684116059760.json,1965,
39685440105718.json,1965,
31669106031223.json,1965,
01611436056857.json,1965,
19647331932987.json,1965,
37764710127605.json,1965,
37681140131920.json,1965,
12753746007843.json,1965,
27662336092688.json,1965,
36677360136937.json,1965,
30666216114565.json,1965,
12101246077192.json,1965,
30666706113377.json,1965,
37683380114033.json,1965,
07616486003578.json,1965,
04614326003115.json,1965,
19643111931021.json,1965,
42767866062095.json,1965,
43696744338802.json,1965,
34673226033120.json,1965,
27660920115642.json,1965,
33103300140780.json,1965,
34673140108753.json,1965,
19648406021125.json,1965,
15737426009617.json,1965,
30665976029524.json,1965,
07617546004162.json,1965,
30664640100909.json,1965,
33670336107668.json,1965,
15633626112262.json,1965,
26736686025936.json,1965,
30664646098495.json,1965,
10751271030261.json,1965,
30666476119556.json,1965,
19647336019905.json,1965,
36677776036040.json,1965,
37684526040620.json,1965,
10624140123463.json,1965,
33671246107080.json,1965,
30736356095145.json,1965,
19647330109405.json,1965,
19645016013254.json,1965,
37683386039564.json,1965,
30736430139774.json,1965,
44697996049753.json,1965,
34103480106294.json,1965,
37684113730405.json,1965,
47704664738753.json,1965,
47736844731253.json,1965,
49708546051940.json,1965,
30647666020218.json,1965,
36678766036974.json,1965,
33670330131607.json,1965,
38684780119875.json,1965,
27659616117691.json,1965,
22102236105308.json,1965,
34674396034235.json,1965,
54719446054092.json,1965,
33672496115125.json,1965,
36678506111736.json,1965,
33672156112676.json,1965,
36739573631108.json,1965,
34752836117527.json,1965,
36678766067078.json,1965,
42691200131623.json,1965,
19647336107403.json,1965,
19647336019285.json,1965,
37683380114025.json,1965,
19647336057939.json,1965,
19734601932862.json,1965,
04615316113526.json,1965,
38771310137307.json,1965,
30103066069553.json,1965,
10622650106815.json,1965,
19642796011241.json,1965,
10625396007413.json,1965,
24658706109425.json,1965,
37683386039358.json,1955,
39686766042691.json,1965,
30665973034907.json,1965,
37681063735313.json,1965,
37679676037535.json,1965,
28662666026892.json,1965,
21653676024350.json,1965,
27661756026637.json,1965,
19643291937598.json,1965,
30664566027486.json,1965,
37682960111187.json,1965,
31669440106807.json,1965,
19643116011753.json,1965,
01612756002307.json,1965,
37683386069116.json,1965,
19645276013338.json,1952,
27660682730174.json,1965,
19649316022172.json,1965,
37683380141317.json,1965,
56725205634076.json,1965,
19650606023105.json,1965,
37682136038681.json,1965,
43695186047468.json,1965,
42692294233029.json,1965,
33669930113936.json,1965,
10621666116651.json,1965,
56737596055909.json,1965,
07616486003610.json,1965,
34674476034797.json,1965,
07617966057210.json,1965,
38684786041560.json,1965,
37681976038566.json,1965,
13630736008262.json,1965,
28662660109140.json,1965,
43695916048003.json,1965,
36677366035935.json,1965,
44697996049704.json,1965,
30664236027239.json,1965,
56725465634548.json,1965,
34674390133777.json,1965,
15634120116384.json,1965,
37683386039499.json,1965,
08618206005375.json,1965,
16638916010342.json,1965,
13631316008502.json,1952,
09619786005706.json,1965,
34673146033112.json,1965,
19647741935428.json,1965,
19734526022362.json,1965,
58727690123570.json,1961,
33672156032726.json,1965,
48705734830113.json,1965,
26102642630028.json,1965,
37683043735958.json,1965,
39685853930443.json,1965,
13101320131094.json,1965,
19648320100644.json,1965,
34674136033690.json,1965,
19734370134338.json,1965,
13630996008387.json,1965,
15634046009377.json,1965,
15633216009179.json,1965,
47704826050942.json,1965,
15634120100529.json,1965,
51714495130042.json,1965,
30665226028534.json,1965,
19647336018139.json,1965,
33670333330586.json,1965,
33672156059141.json,1965,
43696746049027.json,1965,
19647330102137.json,1965,
19646836099030.json,1965,
32669696031470.json,1965,
34674476034847.json,1965,
07617966004808.json,1965,
37681303730066.json,1965,
07618040736504.json,1965,
43733876047633.json,1965,
19643036057517.json,1965,
19648656117584.json,1965,
33751923330495.json,1965,
43696906049175.json,1965,
10622656088959.json,1965,
19647331996073.json,1965,
30665066028088.json,1961,
01611926000921.json,1965,
19647336116750.json,1965,
19647330108886.json,1965,
07618040116541.json,1965,
54722316108385.json,1965,
54719935430236.json,1965,
36679340142075.json,1965,
37681060111195.json,1965,
36678766068712.json,1965,
19642616011183.json,1965,
36750770141457.json,1965,
01611196090021.json,1965,
33670586109045.json,1965,
36677856102909.json,1965,
49708056051858.json,1965,
37683536040331.json,1965,
36676110138834.json,1965,
28662666026918.json,1965,
33670336117998.json,1965,
43696664333522.json,1965,
19647906020424.json,1965,
36750696037279.json,1965,
30667466030928.json,1965,
49738820135053.json,1965,
17640220107706.json,1965,
57727100101162.json,1965,
33672496032817.json,1965,
36678506108864.json,1965,
20764142030013.json,1965,
13632066008627.json,1965,
01611506090351.json,1965,
44104476069397.json,1965,
19642956057491.json,1965,
44697656049605.json,1965,
19644366012447.json,1965,
30666213031952.json,1965,
39686270117796.json,1965,
37684036040554.json,1876,
36678013630266.json,1965,
34672806032890.json,1965,
56737595637004.json,1965,
39686766042824.json,1965,
37682056038665.json,1965,
43694356110159.json,1965,
56725530101378.json,1965,
30665483031895.json,1965,
37683386059646.json,1965,
10621666103832.json,1965,
33671246103519.json,1965,
19647256109292.json,1965,
19647336017891.json,1965,
19649801933373.json,1965,
27738252730141.json,1965,
15633216008965.json,1965,
30664496101901.json,1965,
30665976029441.json,1965,
34752830135194.json,1965,84000
42692290100651.json,1965,
19647330122630.json,1965,
19647336019533.json,1965,
19649806022560.json,1965,
19647330115113.json,1965,
19646836085658.json,1965,
01612910134528.json,1965,
57727106066260.json,1965,
15635036108468.json,1965,
37683386039952.json,1965,
42691466045306.json,1965,
30664640100883.json,1965,
36678436036594.json,1965,
19647336017487.json,1965,
19647330111500.json,1965,
07618046005060.json,1965,
37683386059703.json,1965,
19650456022891.json,1965,
36678760127357.json,1965,
36678196036420.json,1965,
19647256015242.json,1965,
47704664735403.json,1965,
40688096043277.json,1965,
19648166020697.json,1965,
19647336061485.json,1965,
19647336016042.json,1965,
38684780123505.json,1965,
27738256026405.json,1965,
19647330112052.json,1965,
42691206107007.json,1965,
38684786097919.json,1965,
19734370141648.json,1965,
53738335330030.json,1965,
19650521995745.json,1965,
43697086049290.json,1965,
36675870125880.json,1965,
10624306007298.json,1965,
23738660107250.json,1965,
44698156049894.json,1965,
15637506096127.json,1965,
33672156032585.json,1965,
33671736032429.json,1965,
01751016002315.json,1965,
30665306028864.json,1965,
19644446057608.json,1965,
39773880140392.json,1965,
19647906020473.json,1965,
41690706059984.json,1965,
19642876011456.json,1965,
30736436030571.json,1965,
23655812330306.json,1965,
49708396051882.json,1965,
37683386097844.json,1965,
10621666006456.json,1965,
56739400121426.json,1965,
30666700101626.json,1965,
30666706119127.json,1965,
37682216038731.json,1965,
33669776106074.json,1965,
15633216008932.json,1965,
37683386039143.json,1965,
44754326049936.json,1965,
37683616068159.json,1965,
19648570133173.json,1965,
19647256015184.json,1965,
37682056038632.json,1965,
19647330123133.json,1965,
20652430110957.json,1965,
19647330117895.json,1965,
42691120137885.json,1965,
19647336018725.json,1965,
30664643038569.json,1965,
06616146003511.json,1965,
36676523631157.json,1965,
30665226028328.json,1965,
19642956011530.json,1965,
33670826110415.json,1965,
33751923330636.json,1965,
23752180141747.json,1965,
37682966097208.json,1965,
43694684334462.json,1965,
01611436090195.json,1965,
43694500128108.json,1965,
50711676097752.json,1965,
53716966053722.json,1965,
30664646068589.json,1965,
37737916108872.json,1965,
44698156108203.json,1965,
01750936118038.json,1965,
39685856107114.json,1965,
27738256026413.json,1965,
19643111930981.json,1965,
56768285636170.json,1965,
19647336018949.json,1965,
19734376012280.json,1965,
33670336059042.json,1965,
37683386114375.json,1965,
39767600114645.json,1965,
30665976068399.json,1965,
36678190100107.json,1965,
01612590118653.json,1965,
19648570125377.json,1965,
37680986038236.json,1965,
34673140101790.json,1965,
54755236114193.json,1965,
36750696037238.json,1965,
36678196036123.json,1965,
19647906020465.json,1965,
10621666061204.json,1965,
44698234436960.json,1965,
30665306028872.json,1965,
19757136011126.json,1965,
19649076058507.json,1965,
19647336058341.json,1965,
41689166043756.json,1965,
37682210101360.json,1965,
30666706030217.json,1965,
19647331938554.json,1965,
19643036011654.json,1965,
38684786040828.json,1965,
44698156049928.json,1965,
34765056033450.json,1965,
36677106106702.json,1965,
40688096067102.json,1965,
37682056038624.json,1965,
34674396061832.json,1965,
19101990136119.json,1965,
30665226028781.json,1965,
36676783630522.json,1965,
19647256015192.json,1965,
41690210138685.json,1965,
30647666020150.json,1965,
19734526022354.json,1965,
15633216008924.json,1965,
36677776105589.json,1965,
54722316054480.json,1965,
37680986107882.json,1965,
31750856119853.json,1965,
04614246109722.json,1965,
43695006093058.json,1965,
34673146118053.json,1965,
43696666060099.json,1965,
15638346010235.json,1965,
19647336016687.json,1965,
37681300128819.json,1965,
04614240437558.json,1965,
37683386039440.json,1965,
09737830930073.json,1965,
10621660108118.json,1965,
54718296053862.json,1965,
37683386040133.json,1965,
10621661034214.json,1965,
13631236008452.json,1965,
07617880735407.json,1965,
30665226028294.json,1965,
04615316112585.json,1965,
19647336068431.json,1965,
13631726008585.json,1965,
44697656113559.json,1965,
49708546051999.json,1965,
01611760138982.json,1965,
37683386059596.json,1965,
01751016066500.json,1965,
48705816051478.json,1965,
30664496027478.json,1965,
42692606045744.json,1965,
30664646118947.json,1965,
15635291530112.json,1965,
40688096043236.json,1965,
20652430129544.json,1965,
19647331995794.json,1965,
10621666006381.json,1965,
58727365830054.json,1965,
56739406055149.json,1965,
42767866045850.json,1965,
19642876011381.json,1965,
33751766112734.json,1965,
19646676108526.json,1965,
15633620136713.json,1965,
56726035634993.json,1965,
41690396044838.json,1965,
19647330120477.json,1965,
19642796011332.json,1965,
14632716008742.json,1965,
19647336019749.json,1965,
30665976029284.json,1965,
19642791930528.json,1965,
30736353030079.json,1965,
19647336019319.json,1965,
09619296005599.json,1965,
23655576116669.json,1965,
43694356067193.json,1965,
43694014338505.json,1965,
36676523634482.json,1965,
01611766000541.json,1965,
33751766107189.json,1965,
19647330126409.json,1965,
19647906020432.json,1965,
19647330122333.json,1965,
37683386106173.json,1965,
19768690128728.json,1965,
22655326025001.json,1965,
19645016013262.json,1965,
54722560135863.json,1965,
37681976038442.json,1965,
15633216008973.json,1965,
42692600141168.json,1965,
07617540730044.json,1965,
19643376012025.json,1965,
19643946012199.json,1965,
43696746048987.json,1965,
37683383730173.json,1965,
37682056038673.json,1965,
10739650106476.json,1965,
16638836010300.json,1965,
36676456035497.json,1965,
36677026116263.json,1965,
19642956011571.json,1965,
01611920133009.json,1965,
30665226028369.json,1965,
34765056033542.json,1965,
43694846047286.json,1965,
07617546004154.json,1965,
33670333334232.json,1965,
23655652330215.json,1965,
01612596057095.json,1965,
07617626108765.json,1965,
41689244137790.json,1965,
15635030100685.json,1965,
19647336019525.json,1965,
19648810117440.json,1965,
19648406020846.json,1965,
49708624930111.json,1965,
19647330114850.json,1965,
01613096002562.json,1965,
37737916039077.json,1965,
47705164730024.json,1965,
13631236108823.json,1965,
56725536112171.json,1965,
31750850117879.json,1965,
30736436030662.json,1965,
19645016013130.json,1965,
47704250131102.json,1965,
33670906032189.json,1965,
18641391833805.json,1965,
07616550110528.json,1965,
33671816032478.json,1965,
19647336119903.json,1965,
19647336018089.json,1965,
38684783833407.json,1965,
30665226028484.json,1965,
30666216029821.json,1965,
19734376012306.json,1965,
28662666026975.json,1965,
19650606022974.json,1965,
19647336017669.json,1965,
19647336018436.json,1965,
04614240118042.json,1965,
19645681934082.json,1965,
19647336058382.json,1965,
43695916049464.json,1965,
33751926032825.json,1965,
19647330108936.json,1965,
19648406020903.json,1965,
39685020126011.json,1965,
56726036055651.json,1965,
49753580138263.json,1965,
07617626119226.json,1965,
33669853330974.json,1965,
01611436090286.json,1965,
30665066028138.json,1953,
42104214230157.json,1965,
01611766000756.json,1965,
30666476030001.json,1965,
38684780101337.json,1965,
07618046097166.json,1965,
19647336058101.json,1965,
56105610135780.json,1965,
42691796045355.json,1965,
48705400113092.json,1965,
30666706030407.json,1965,
39686760120733.json,1965,
37679830134890.json,1965,
45701100135889.json,1965,
54722316054506.json,1965,
24656316113161.json,1965,
04615150437566.json,1965,
37683380107078.json,1965,
41690056044572.json,1965,
43696256048128.json,1965,
01612590110189.json,1951,
34674390135343.json,1965,
17101730128231.json,1965,
37682056038608.json,1965,
19647330100669.json,1965,
21654586024764.json,1965,
37680806095046.json,1965,
49708626062137.json,1965,
19647336058044.json,1965,
48705816051395.json,1965,
43696416048300.json,1965,
19647331939040.json,1965,
19647330126425.json,1965,
19649071933175.json,1965,
33671246106058.json,1965,
19647331932821.json,1965,
19647336016869.json,1965,
34673300140608.json,1965,
19647336019335.json,1965,
19650946023543.json,1965,
56726036055743.json,1965,
08618206005441.json,1965,
37768516037543.json,1965,
39685936042378.json,1965,
07617546003982.json,1965,
43697086049357.json,1965,
16639251634401.json,1965,
50710506052492.json,1965,
19647330109223.json,1965,
19647330133298.json,1965,
24658700111294.json,1965,
58727690133751.json,1961,
33736760112649.json,1965,
19646346014435.json,1955,
37682966111306.json,1965,
27661346026470.json,1965,
19647336057889.json,1965,
19644366012538.json,1965,
19647330109389.json,1965,
54718605433230.json,1965,
19650606023261.json,1965,
45700110112656.json,1965,
39686760111310.json,1965,
50711676052633.json,1965,
50711676052799.json,1965,
30664566027536.json,1965,
33670826118731.json,1965,
36678506114938.json,1965,
37680236113021.json,1965,
35674546035000.json,1965,
19642871996479.json,1965,
19647586020077.json,1965,
45698726050074.json,1965,
30667466030787.json,1965,
43695830102368.json,1965,
19644366012611.json,1965,
37683386099071.json,1965,
50711676052849.json,1965,
43693776095343.json,1965,
19647336019509.json,1965,
10621666006084.json,1965,
47764554730107.json,1965,
23656232330363.json,1965,
30666213030046.json,1965,
10738096006001.json,1965,
19647336015879.json,1965,
56726036084925.json,1965,
01750930141937.json,1965,
20652436024020.json,1965,
38684786041487.json,1965,
19734456014252.json,1965,
48705736051346.json,1965,
45699146114144.json,1965,
40687006042907.json,1953,
13631236008429.json,1965,
12630401230010.json,1965,
31668296111702.json,1965,
19648576107635.json,1965,
19647256015556.json,1965,
15739081530229.json,1965,
47703266050777.json,1965,
30736506085344.json,1965,
19101990112128.json,1965,
27754736066955.json,1965,
36678430102558.json,1965,
38684780118141.json,1965,
19650601938356.json,1965,
36678766037105.json,1965,
19647330125989.json,1965,
33736763330990.json,1965,
36678196036271.json,1965,
19643376012009.json,1965,
01612590115626.json,1958,
19650521938679.json,1965,
24657556058689.json,1965,
24657550136895.json,1965,
24657486025522.json,1965,
37680236037923.json,1965,
19647330117051.json,1965,
19643036011639.json,1965,
15633216009088.json,1965,
15637196009963.json,1965,
54722565432828.json,1965,
36678763632809.json,1965,
07618046117485.json,1965,
19645016013171.json,1965,
39685856098057.json,1965,
43694506047211.json,1965,
37683386093256.json,1965,
04615496003362.json,1965,
33671736032452.json,1965,
19647330126599.json,1965,
36675870131441.json,1965,
38684786089585.json,1965,
19647336017297.json,1965,
19647336018162.json,1965,
49753584930228.json,1965,
33672310114066.json,1965,
39754996108997.json,1965,
19647096014955.json,1965,
10755981030543.json,1965,
19647330126433.json,1965,
37681063730058.json,1965,
30768930130765.json,1965,
28662666026934.json,1965,
19647331938885.json,1965,
33670906113518.json,1965,
19647336017628.json,1965,
39686766104665.json,1965,
50711676052625.json,1965,
19647336018477.json,1965,
33103300128397.json,1965,
33669770134189.json,1965,
37680980101535.json,1965,50000
33671730127316.json,1965,
19647330124818.json,1965,
15739081534155.json,1965,
04100410430090.json,1965,
19647330112029.json,1965,
36677106113351.json,1965,
19650946023410.json,1965,
30665066028179.json,1949,
12629356008031.json,1965,
50710506052484.json,1965,
27660680141010.json,1965,
37735510127423.json,1965,
34765050130757.json,1965,
19651026108245.json,1965,
42693100102285.json,1965,
50105040117457.json,1965,
50736010101188.json,1965,
50755646100390.json,1965,
43693936046676.json,1965,
39686760140020.json,1965,
58727366056774.json,1965,
19753416022149.json,1965,
37103716069355.json,1965,
15635036009567.json,1965,
10621666006092.json,1965,
19648406021083.json,1965,
49708390138065.json,1965,
30665976029482.json,1965,
45701364530267.json,1965,
19647336017917.json,1965,
51714646053391.json,1965,
37683380108266.json,1965,
41690056044499.json,1965,
30664236027262.json,1965,
36750776107346.json,1965,
56726036060362.json,1965,
15635291530344.json,1965,
30665636028948.json,1965,
36678766037113.json,1965,
39686766042808.json,1965,
37682963735842.json,1965,
43693930137273.json,1965,
18641391833813.json,1965,
44698490126920.json,1965,
24736196025720.json,1965,
15635291535392.json,1965,
19647336016828.json,1965,
57105796077275.json,1965,
33751926109417.json,1965,
19650526022958.json,1965,
19647330138883.json,1965,
15638426010268.json,1965,
43697086049316.json,1965,
34674390123901.json,1965,
19647336057962.json,1965,
31750856118517.json,1965,
54722566054621.json,1965,
43695916049472.json,1965,
39685446110373.json,1965,
19650456022917.json,1965,
19650606023220.json,1965,
30665143030855.json,1965,
07617886004543.json,1965,
06616146103576.json,1965,
39686760111351.json,1965,
30664566027577.json,1965,
37754163730975.json,1965,
56724546060321.json,1965,
19647336015838.json,1965,
34674476034631.json,1965,
39686760120725.json,1965,
41690620119503.json,1965,
17640141734359.json,1965,
40687590140194.json,1965,
48705400113084.json,1965,
37683386040109.json,1965,
37683956094973.json,1965,
37683386039929.json,1965,
51714640113134.json,1965,
19647331934371.json,1965,
19648570105981.json,1965,
33670586107759.json,1965,
10621586006027.json,1965,
33670586118855.json,1965,
36103633630431.json,1965,
16639336010466.json,1965,
19647336018709.json,1965,
43695836098271.json,1965,
19647330131821.json,1965,
07616976003685.json,1965,
33672490142117.json,1965,
19101990109660.json,1965,
21654586024772.json,1965,
21653346024319.json,1965,
45701106050470.json,1965,
04614240137828.json,1965,
43693696089270.json,1965,
37682960116475.json,1965,
36678196036230.json,1965,
01612590115667.json,1965,
01612590130179.json,1965,
37683383733698.json,1965,
19647740107912.json,1965,
15636936009914.json,1965,
33752426111447.json,1965,
04755070433946.json,1965,
37681633731239.json,1965,
01612590132514.json,1965,
34673146120000.json,1965,
27754402730190.json,1965,
50712170133124.json,1965,
43696256048094.json,1965,
07617966004691.json,1965,
37681063731023.json,1965,
33752420109652.json,1965,
04614246003099.json,1965,
37680560141374.json,1965,
10754086007082.json,1965,
36675956094940.json,1965,
37683383730959.json,1965,
34674396034003.json,1965,
58727286115935.json,1965,
43696746048904.json,1965,
19647746020275.json,1965,
19649986116495.json,1965,
43696666048474.json,1965,
34765056033484.json,1965,
36679346114698.json,1965,
48705654830162.json,1965,
35674706071088.json,1965,
19647336017412.json,1965,
17640556107049.json,1965,
19647330107011.json,1965,
13631236008486.json,1965,
36750513630563.json,1965,
19101990115212.json,1965,
07616480730861.json,1965,
50757390131185.json,1965,
19651106023717.json,1965,
19648736021463.json,1965,
43694270131995.json,1965,
48705654838801.json,1965,
58727366056667.json,1965,
37684523730728.json,1965,
15637846010060.json,1965,
39685776042006.json,1965,
19647336017941.json,1965,
19647336016653.json,1965,
19644690128736.json,1965,
30665306028849.json,1965,
19734606023378.json,1965,
44698496049985.json,1965,
28662666026827.json,1965,
36750770122945.json,1965,
19647330124008.json,1965,
37681896038343.json,1965,
48705406051163.json,1953,
16101656069298.json,1965,
13630991332154.json,1965,
10624301036672.json,1965,
17101731730167.json,1965,
19643456106215.json,1965,
04615236115034.json,1965,
33670330119321.json,1965,
38684786041701.json,1965,
01611760130062.json,1965,
38684786062061.json,1965,
42693104236030.json,1965,
36738906035455.json,1965,
38684786041644.json,1965,
41690396044911.json,1965,
54718036053847.json,1965,
19647336018972.json,1965,
41690050132076.json,1965,
33752420123190.json,1965,
37682966109326.json,1965,
12628936007959.json,1965,
37737916114169.json,1965,
19644446012686.json,1965,
19647336018071.json,1965,
19642460108407.json,1965,
31669106031280.json,1965,
33670906032171.json,1965,
19647331933118.json,1965,
49753904932554.json,1965,
19647330125971.json,1965,
19642951930700.json,1965,
37680986102750.json,1965,
37680236111322.json,1965,
37682966093231.json,1965,
36678196036289.json,1965,
50711750120212.json,1965,
19647331935865.json,1965,
19647331930734.json,1965,
33672490123844.json,1965,
50712740121558.json,1965,
45700786050421.json,1965,
37680230108662.json,1965,
07617966004782.json,1965,
31750856118392.json,1965,
33669933331089.json,1965,
48705326051049.json,1965,
19647336016604.json,1965,
37683386099089.json,1965,
37764710138768.json,1965,
38684786113997.json,1965,
16639176112379.json,1965,
30665223033933.json,1965,
30666216071120.json,1965,
22655322230035.json,1965,
19645686013833.json,1965,
19647336060578.json,1965,
07617886109383.json,1965,
21654256024632.json,1965,
34674473438504.json,1965,
01611190130229.json,1965,
51714076053292.json,1965,
19648656021331.json,1965,
10624306007348.json,1965,
42767866045884.json,1932,
19647336019772.json,1965,
33736766032254.json,1965,
19647330109371.json,1965,
19647336057871.json,1965,
19647336061410.json,1965,
39103976069215.json,1965,
19649076108914.json,1965,
07617546004303.json,1965,
30736500129155.json,1965,
56726526056105.json,1965,
37683386040299.json,1965,
49709536052245.json,1965,
56725460141838.json,1965,
37680236038004.json,1965,
07617546004246.json,1965,
19648166020747.json,1965,
36677773636743.json,1965,
36750696037311.json,1965,
10625470136523.json,1965,
37684116059794.json,1965,
36678683635265.json,1965,
36678196113476.json,1965,
30664313030228.json,1965,
24737266025803.json,1965,
01611506090393.json,1965,
37756143731312.json,1965,
37683386039705.json,1965,
37683383733508.json,1965,
19647331937622.json,1965,
33671736112692.json,1965,
36750440112441.json,1965,
30736353030392.json,1965,
19647336016307.json,1965,
29663736105811.json,1965,
54105460135459.json,1965,
36676946035752.json,1965,
03100330330035.json,1965,
41104136069363.json,1965,
54722566054548.json,1965,
19647746020234.json,1965,
54768365430087.json,1965,
23655816025142.json,1965,
30665226028344.json,1965,
34674470140830.json,1965,
39754993930302.json,1965,
48705814838504.json,1965,
19647336017453.json,1965,
33669930136788.json,1965,
37684520111237.json,1965,
33671243333762.json,1965,
33670336031835.json,1965,
07617546004196.json,1965,
19645686013825.json,1965,
19645506101497.json,1965,
58727440114652.json,1965,
45699716050231.json,1965,
15634796104004.json,1965,
33751926112098.json,1965,
30666216029748.json,1965,
58727366056626.json,1965,
30665976089460.json,1965,
01611926056931.json,1965,
19647336016612.json,1965,
19647330141630.json,1965,
33671246110027.json,1965,
56726526056113.json,1965,
35675536035133.json,1965,
57726785732219.json,1965,
19647331936160.json,1965,
19647336058291.json,1965,
27659956026082.json,1965,
34674130112078.json,1965,
10621660113811.json,1965,
33669770134171.json,1965,
33671736032445.json,1965,
10621660106740.json,1965,
43733876047690.json,1965,
01612590129932.json,1965,
19647336015747.json,1965,
54722316116768.json,1965,
37683466059737.json,1965,
07100740114470.json,1965,
58727365830096.json,1965,
41690136044671.json,1965,
34674476068670.json,1965,
19648816021760.json,1965,
57726780106674.json,1965,
19647336019764.json,1965,
38684786062020.json,1965,
42767866045892.json,1965,
19649980108597.json,1965,
19647336061543.json,1965,
19647336066286.json,1965,
38684786041255.json,1965,
30666706030282.json,1965,
42691956045405.json,1965,
15633216009070.json,1965,
37683386039713.json,1965,
01611506090385.json,1965,
33736763330354.json,1965,
19645016013189.json,1965,
33672493337656.json,1965,
19651361931740.json,1965,
41688826043574.json,1965,
54718606053904.json,1965,
19757136011019.json,1965,
01612426101604.json,1965,
24102492430171.json,1965,
19649070111054.json,1965,
31750850141259.json,1965,
37680236038012.json,1965,
07617960133637.json,1965,
43694196046767.json,1965,
19647336018030.json,1965,
07617540730655.json,1965,
19647336118186.json,1965,
45701106050488.json,1965,
34674393431012.json,1965,
36678196036362.json,1965,
34765056033492.json,1965,
54722316106553.json,1965,
15635290100198.json,1965,
37683380122788.json,1965,
19647331931534.json,1965,
30647666020192.json,1965,
01612596002109.json,1965,
06615986057152.json,1965,
19647256015150.json,1965,
50736015030036.json,1965,
30664646111835.json,1965,
07618040730218.json,1965,
19647331932318.json,1965,
30666700106567.json,1965,
34103480106237.json,1965,
43694274330023.json,1965,
09618796109698.json,1965,
10751276006969.json,1965,
33670906110548.json,1965,
29768776027189.json,1965,
23655576025092.json,1965,
13630736008296.json,1965,
38684786041594.json,1965,
36676110107474.json,1965,
43693696046320.json,1965,
10621661030295.json,1965,
42692606045801.json,1965,
34673143430873.json,1965,
19647330110668.json,1965,
19645766013866.json,1965,
16638916010359.json,1965,
33736766031710.json,1965,
30664490140350.json,1965,
19647091996313.json,1965,
19647330111583.json,1965,
19647336017404.json,1965,
10739656005789.json,1965,
34673143430170.json,1965,
41690624135687.json,1965,
51713735132758.json,1965,
01612750130286.json,1965,
33669770113605.json,1965,
53717466053789.json,1965,
19647336061451.json,1965,
19647336019699.json,1965,
19646676108419.json,1965,
38684786041347.json,1965,
19647330109330.json,1965,
19648816021737.json,1965,
43695834333951.json,1965,
08618206005417.json,1965,
11626611130038.json,1965,
37103716119119.json,1965,
50712170110080.json,1965,
34674390137406.json,1965,
30666700114736.json,1965,
19101990121921.json,1965,
33671243331071.json,1965,
30736500135137.json,1965,
30664646095087.json,1965,
39686763930211.json,1965,
10621666111249.json,1965,
49753586110993.json,1965,
07617966004956.json,1965,
07617540730317.json,1965,
39686506042477.json,1965,
49753904930251.json,1965,
19647336120679.json,1965,
19649071995901.json,1965,
01612590112789.json,1926,
30736506120141.json,1965,
39685696041917.json,1965,
09619116103857.json,1965,
19647336018964.json,1965,
45699480141580.json,1965,
30103060139352.json,1965,
19643036011696.json,1965,
04614240430199.json,1965,
49708966052021.json,1965,
48705656103154.json,1965,
01100176001788.json,1965,
19734376061279.json,1965,
30665483032943.json,1965,
19651366058564.json,1965,
19642461937051.json,1965,
19647336016794.json,1965,
19645686013809.json,1965,
43694840118380.json,1965,
10624140141291.json,1965,
33670336031819.json,1965,
21654822134419.json,1965,
48705320102012.json,1965,
19644696012926.json,1965,
01612590102988.json,1965,
19734376012405.json,1965,
04615490102327.json,1965,
19648326020804.json,1965,
50755720117689.json,1965,
36678760109496.json,1965,
07617966005003.json,1965,
38684783833241.json,1965,
01612750136515.json,1965,
36679346059554.json,1965,
43694926047351.json,1881,4600
43694846111785.json,1965,
33670580110791.json,1965,
19647336016281.json,1965,
56725205630405.json,1965,
10621666120703.json,1965,
57726786056279.json,1965,
30666476085633.json,1965,
38684783830197.json,1965,
50710430123679.json,1965,
40688414030128.json,1965,
36676786111215.json,1965,
19647336016901.json,1965,
19647330102442.json,1965,
45700526050405.json,1853,
19757136011035.json,1965,
19101990127498.json,1965,
19768690138545.json,1965,
43696666048730.json,1965,
25735936025894.json,1965,
54722560110940.json,1965,
39754996042832.json,1965,
19648736021398.json,1965,
07618046117451.json,1965,
36103630115808.json,1965,
19648811936822.json,1965,
19644361936418.json,1965,
37682966110886.json,1965,
29663406027148.json,1965,
30666706030241.json,1965,
17640301730019.json,1965,
30665226028807.json,1965,
19647336107064.json,1965,
27660926026280.json,1965,
19647336016844.json,1965,
29663572930030.json,1965,
39686500128215.json,1965,
19647336058317.json,1965,
54722566106249.json,1965,
10739650123943.json,1965,
38684780120386.json,1965,
01751016089361.json,1965,
19647336058069.json,1965,
34673146107718.json,1965,
01612340135426.json,1965,
19648326113047.json,1965,
33670330110643.json,1965,
19753411995752.json,1965,
39685850108217.json,1965,
01611506090468.json,1965,
36677856105449.json,1965,
01611926001192.json,1965,
19648570102269.json,1965,
38684786041412.json,1965,
30667466030712.json,1965,
10767781030774.json,1965,
19647256061378.json,1965,
41689990134197.json,1965,
31669443138500.json,1965,
19648406021000.json,1965,
30736436030589.json,1965,
19650601936277.json,1965,
19647331932334.json,1965,
07617706004451.json,1965,
43696256072151.json,1965,
31668296101778.json,1965,
24658626025811.json,1965,
30664646111819.json,1965,
19651360138727.json,1965,
42691466060008.json,1965,
01612596002125.json,1957,
19647331931518.json,1965,
43696416048268.json,1965,
54753255430277.json,1965,
43696746101760.json,1965,
34674396034193.json,1965,
48705736051296.json,1965,
24753660105817.json,1965,
40687596043103.json,1965,
50736015030333.json,1965,
19647330112045.json,1965,
10101081030337.json,1965,
56726526115687.json,1965,
13632141330018.json,1965,
51105120140152.json,1965,
19647336017214.json,1965,
07616636101943.json,1965,
43696906049142.json,1965,
39754996042865.json,1965,
36678506036602.json,1965,
19647336017644.json,1965,
34674476034870.json,1965,
19648731996107.json,1965,
39685696041891.json,1965,
36678760127340.json,1965,
36678190137760.json,1965,
19647330124198.json,1965,
19649076021976.json,1965,
10623640107409.json,1965,
19647331930866.json,1965,
19643371995877.json,1965,
30664646114524.json,1965,
19647336017701.json,1965,
21653186024160.json,1864,
37103710120493.json,1965,
09618386107361.json,1965,
29102980114322.json,1965,
19647330120071.json,1965,
34674476034466.json,1965,
40687596043046.json,1965,
30664646117758.json,1965,
42692526045728.json,1965,
19648810118075.json,1965,
07617960132118.json,1965,
19734521930106.json,1965,
56726036055693.json,1965,
19650946023493.json,1965,
50712900113795.json,1965,
54768365431614.json,1965,
19651106023691.json,1965,
10101080140186.json,1965,
13631076008403.json,1965,
36678436036487.json,1965,
10739656006936.json,1965,
48705730133553.json,1965,
19647336017594.json,1965,
37682963731528.json,1965,
19647330137521.json,1965,
19647336060503.json,1965,
17640226010615.json,1965,
34674396034185.json,1965,
01612426001622.json,1965,
08618200836205.json,1965,
34765050114272.json,1965,
51714316053326.json,1952,
13631236008445.json,1965,
19647746020259.json,1965,
37680230101592.json,1965,
39685446117618.json,1965,
19647336017081.json,1965,
15638266010201.json,1965,
04100410129817.json,1965,
37683386039457.json,1965,
10621666006142.json,1965,
19647336017982.json,1965,
04613826002919.json,1965,
43104390106534.json,1965,
19753416022099.json,1965,
37684520106120.json,1965,
01613090111799.json,1965,
15636936103493.json,1965,
19647330121699.json,1965,
43694500108696.json,1965,
49709386052211.json,1965,
36679343630787.json,1965,
30665226028450.json,1965,
33736760100248.json,1965,
37680980107862.json,1965,
37681223730967.json,1965,
36750773630423.json,1965,
13631076008395.json,1965,
19647330114884.json,1965,
54722310125211.json,1965,
33670330105791.json,1965,
31669283135308.json,1965,
33752000118794.json,1965,
19647330128512.json,1965,
23656152330413.json,1965,
47704664734356.json,1965,
19650946023485.json,1965,
39685446041875.json,1965,
20652436112973.json,1965,
56726036055685.json,1965,
01611436090252.json,1965,
19650601939602.json,1965,
10619946005730.json,1965,
37103710120485.json,1965,
34674396059323.json,1965,
49709386113039.json,1961,
19101990138669.json,1965,
34674396034243.json,1965,
29663572930071.json,1965,
07617546004378.json,1965,
07617880730184.json,1965,
50710436108435.json,1965,
01612596001820.json,1955,
19647336017347.json,1965,
19647336058028.json,1965,
36750773631009.json,1965,
34674393434768.json,1965,
43733876047583.json,1965,
19649076101133.json,1965,
42691206046015.json,1965,
10739656007389.json,1965,
15635291530369.json,1965,
35674700140657.json,1965,
19734456014286.json,1965,
30664640138941.json,1965,
07617966004741.json,1965,
16638916010334.json,1965,
50710436112346.json,1965,
01612916057111.json,1965,
30667466030753.json,1965,
43697086049415.json,1965,
19651366058572.json,1965,
09618956005524.json,1965,
17640550129601.json,1965,
30664986094627.json,1965,
19647330101444.json,1965,
39686766042576.json,1965,
34673146033021.json,1965,
50711676052872.json,1965,
39685856118921.json,1965,
19757131934553.json,1965,
36678506107155.json,1965,
36678436067060.json,1965,
34674396034078.json,1965,
01612426115554.json,1965,
36750440116707.json,1965,
07618046108161.json,1965,
19647331931559.json,1965,
19648326020812.json,1965,
01612916002448.json,1965,
24736196103766.json,1965,
19734376012413.json,1965,
37737916116206.json,1965,
30665066085286.json,1965,
10101080119628.json,1965,
09618380139006.json,1965,
41690474130472.json,1965,
27659876026074.json,1965,
30736500127472.json,1965,
37735516037774.json,1965,
19647336017255.json,1965,
34673306107965.json,1965,
36676116035307.json,1965,
43696660131656.json,1965,
33752006118558.json,1965,
30666703036357.json,1965,
17769766010680.json,1965,
27659616115232.json,1965,
49709536052286.json,1965,
39685856111983.json,1965,
40687590125328.json,1965,
19647331939305.json,1965,
10751271030493.json,1965,
10622406108328.json,1965,
30665226028542.json,1965,
39685856042295.json,1965,
48705406093397.json,1965,
36678760128918.json,1965,
19647330141523.json,1965,
19647330120030.json,1965,
54755230114348.json,1965,
34674473435930.json,1965,
04614246057129.json,1965,
07616486110514.json,1965,
56737595633748.json,1965,
30666966030464.json,1965,
01611196090112.json,1965,
56725386055313.json,1965,
19648816021687.json,1965,
50710436085013.json,1965,
19647330109280.json,1965,
19646830101154.json,1965,
36677026106595.json,1965,
19646670133462.json,1965,
29102980114314.json,1965,
50711676052690.json,1965,
39685696095210.json,1965,
33669776098156.json,1965,
07100740731380.json,1965,
19647330126193.json,1965,
56726035636188.json,1965,
19647336018568.json,1965,
19647336017388.json,1965,
54722646054753.json,1965,
01612590110254.json,1948,
34674396034326.json,1965,
56725126084891.json,1965,
19647330124511.json,1965,
31669283136504.json,1965,
30664236113393.json,1965,
36678766036867.json,1965,
01612596001945.json,1949,
19647336017222.json,1965,
30666706030365.json,1965,
33671160109843.json,1965,
10624306007256.json,1965,
50710840120089.json,1965,
19646670125559.json,1965,
30736436030696.json,1965,
19650296058556.json,1965,
56725610112631.json,1965,
45104540132944.json,1965,
28102800142034.json,1965,
30665896029136.json,1965,
13630811330141.json,1965,
19647330140129.json,1965,
19647331931484.json,1965,
48705814830196.json,1965,
51713996053276.json,1965,
48705400133595.json,1965,
39767600128967.json,1965,
19734376057582.json,1965,
19647330124792.json,1965,
45701106050538.json,1965,
39685856104426.json,1965,
33671246107890.json,1965,
37680980102590.json,1965,
38684786041131.json,1965,
19645686061311.json,1954,
13632146106298.json,1965,
27659616113542.json,1965,
19642876011498.json,1965,
23752182332724.json,1965,
37680236037980.json,1965,
39686766042501.json,1965,
48705810139816.json,1965,
19647336019400.json,1965,
37679916037691.json,1965,
04100410134213.json,1965,
36677776036016.json,1965,
33752000100412.json,1965,
01611500130047.json,1965,
19645681933530.json,1965,
06616140630087.json,1965,
37682960118935.json,1965,
33671243330800.json,1965,
37683386039861.json,1965,
57726940116996.json,1965,
33671996032502.json,1965,
31669100142067.json,1965,
34673300113621.json,1965,
15636770114512.json,1965,
56725386114029.json,1965,
04615310437350.json,1965,
54721576120646.json,1965,
19650606023295.json,1965,
10739650113993.json,1965,
39685933930310.json,1965,
37679916112890.json,1965,
37103710128538.json,1965,
19647336016521.json,1965,
24657556025571.json,1965,
36678763630993.json,1965,
19645506013551.json,1965,
43696826049100.json,1965,
14766870110031.json,1965,
19647330122168.json,1965,
23738666025241.json,1965,
19648570124156.json,1965,
19647330114959.json,1965,
19647336016034.json,1965,
01612590132688.json,1965,
30666706030332.json,1965,
38684783830288.json,1965,
43696666048706.json,1965,
38684780127530.json,1965,
50757390108175.json,1965,
39754990139949.json,1965,
19647330135707.json,1965,
41689816044283.json,1965,
30665226028427.json,1965,
19647331930692.json,1965,
56725536055412.json,1965,
15637926010102.json,1965,
10621660119339.json,1965,
56724626055115.json,1965,
07100740129528.json,1965,
19734521937564.json,1965,
22655320125823.json,1965,
34674476034391.json,1965,
19647336018303.json,1965,
17640146010607.json,1965,
33670580107961.json,1965,
54720410114165.json,1965,
49709614930319.json,1965,
34765056033575.json,1965,
19734526022271.json,1965,
19648576105613.json,1965,
33672156032635.json,1965,
10624146007181.json,1965,
33670820102780.json,1965,
19647336018246.json,1965,
34765053433265.json,1965,
15638266108898.json,1965,
27660920129239.json,1965,
19647256015408.json,1965,
48705326110282.json,1965,
43693776046379.json,1965,
37680986038939.json,1965,
37683386039135.json,1965,
10101086085112.json,1965,
19647330122754.json,1965,
36676523630225.json,1965,
37681976038475.json,1965,
33671246108724.json,1965,
56726035630322.json,1965,
19647331930387.json,1965,
19752916022438.json,1965,
36676376112866.json,1965,
31669283130184.json,1965,
19644366012470.json,1965,
27754406105472.json,1965,
30664316058887.json,1965,
55751845530076.json,1965,
15633626095012.json,1965,
42767866045934.json,1965,
33671246110928.json,1965,
19647336017776.json,1965,
45699896050314.json,1965,
19649076021901.json,1965,
49708546051957.json,1965,
19650606023329.json,1965,
57727106056527.json,1965,
34674390102343.json,1965,
58727366099014.json,1965,
34674476103816.json,1965,
19647331933381.json,1965,
43693936046544.json,1965,
39686270132050.json,1965,
19647330136994.json,1965,
36677360130948.json,1965,
19647336062699.json,1965,
36750693630456.json,1965,
49708626051932.json,1965,
19647336017263.json,1965,
33670336059034.json,1965,
30664643030210.json,1965,
19647336018196.json,1965,
36678766036826.json,1965,
34674390131136.json,1965,
30666706030324.json,1965,
30664640108704.json,1965,
19648570135301.json,1965,
37683380114462.json,1965,
10621666085120.json,1965,
21654176024491.json,1965,
48705734837803.json,1965,
43694270125427.json,1965,
30665896029177.json,1965,
19647250132381.json,1965,
01612006001291.json,1965,
05100589010745.json,1965,
36678436061881.json,1965,
19643946012157.json,1965,
19647256112056.json,1965,
33671160136838.json,1965,
37684526107031.json,1965,
19649076021794.json,1965,
19650376022826.json,1965,
27659872730414.json,1965,
56725536055404.json,1965,
43733870140673.json,1965,
33671246108732.json,1965,
29663736101018.json,1965,
37683380108787.json,1965,
57726946115463.json,1965,
25735856058697.json,1965,
11625966007454.json,1965,
54755230116590.json,1965,
37684523738705.json,1965,
19642461995406.json,1965,
10621666101091.json,1965,
37680986038186.json,1965,
19648731936756.json,1965,
37683380106799.json,1965,
15634121531672.json,1965,
20764146110019.json,1965,
42691206046023.json,1965,
30664986027924.json,1965,
19734521995943.json,1965,
37683386040000.json,1965,
07617546004030.json,1965,
45104540111674.json,1965,
15635291530021.json,1965,
48705406111405.json,1965,
56737596067300.json,1965,
19647336020002.json,1965,
19647330129270.json,1965,
07773540132233.json,1965,
37681303732559.json,1965,
50712746053045.json,1965,
15633626099436.json,1965,
34673486033310.json,1965,
19643296011811.json,1965,
19650946023519.json,1965,
33671243330396.json,1965,
49708546113112.json,1965,
56726036055719.json,1965,
34674396059315.json,1965,
19647331935717.json,1965,
30665066028070.json,1960,
19647336057996.json,1965,
56725386055305.json,1965,
24657556025530.json,1965,
30666966030472.json,1965,
15634046115471.json,1965,
19645506013510.json,1965,
24657302433001.json,1965,
36750516035976.json,1965,
33670336031751.json,1965,
01771800138289.json,1965,
37681976111207.json,1965,
19772890109942.json,1965,
19647336016075.json,1965,
34673146032981.json,1965,
33670826032148.json,1965,
37683380107219.json,1965,
41689166043798.json,1965,
19647336016976.json,1965,
43104390119024.json,1965,
19647256015275.json,1965,
19648576111538.json,1965,
13631150140954.json,1965,
33670906059075.json,1965,
42691206045967.json,1965,
54721400136507.json,1965,
39685023930054.json,1965,
38684786059844.json,1965,
43694270107151.json,1965,
10622406114805.json,1965,
01613096002703.json,1965,
15633216109060.json,1965,
33672156099188.json,1965,
41689166043848.json,1965,
19647330122200.json,1965,
43696666093090.json,1965,
36679590117416.json,1965,
19647330124784.json,1965,
19649986106876.json,1965,
33672070140491.json,1965,
17640226010623.json,1965,
30666706115133.json,1965,
45752676050090.json,1965,
01612346102917.json,1965,
41690470135814.json,1965,
37682966038996.json,1965,
30664986027973.json,1965,
56726525637822.json,1965,
33736766032833.json,1965,
38684786059901.json,1965,
43696416068241.json,1965,
30666476071146.json,1965,
01612426097679.json,1965,
37681976038434.json,1965,
07617960730325.json,1965,
47705086050975.json,1965,
19647336019046.json,1965,
43694500127225.json,1965,
12627376007728.json,1965,
19752916022479.json,1965,
19647336019251.json,1965,
42693284236345.json,1965,
21654176024517.json,1965,
37684036120893.json,1965,
39685776041974.json,1965,
05100586077150.json,1965,
30666706030308.json,1965,
37737916115349.json,1965,
23738662330116.json,1965,
37683046039028.json,1965,
19101990139170.json,1965,
33672150131359.json,1965,
37681300128793.json,1965,
13631230122663.json,1965,
16638750101717.json,1965,
52716546053672.json,1965,
34673306033211.json,1965,
01612590110239.json,1958,
36750770108423.json,1965,
30736506094718.json,1965,
43693690106633.json,1965,
30666216029912.json,1965,
18641626010789.json,1965,
19645926014013.json,1965,
19649076108922.json,1965,
36676786107288.json,1965,
43694274330668.json,1965,
54722566054704.json,1965,
19648576106793.json,1965,
42767866045918.json,1965,
30666706058986.json,1965,
29663326111140.json,1965,
19648656021307.json,1965,
54755236054266.json,1965,
19647256015598.json,1965,
36678436036560.json,1965,
34673146110985.json,1965,
54755316053979.json,1965,
19734456014336.json,1965,
07618046005094.json,1965,
41689656044168.json,1965,
01611766000665.json,1965,
19647256015432.json,1935,
19647251934678.json,1965,
13631151333558.json,1965,
43694844332839.json,1965,
38684783831765.json,1965,
42693104231452.json,1965,
19649806022594.json,1965,
16739326118566.json,1965,
47764556050751.json,1965,
19647331931955.json,1965,
34674476034714.json,1965,
49709204936803.json,1965,
19647330119982.json,1965,
01611920127944.json,1965,
19647330134205.json,1965,
28102802830099.json,1965,
30665223032752.json,1965,
33670586106082.json,1965,
33670820106716.json,1965,
33669776031496.json,1965,
19734370132845.json,1965,
28662660137992.json,1965,
44697996049787.json,1965,
30666706117899.json,1965,
38684783830031.json,1965,
19647336019178.json,1965,
33752420100941.json,1965,
33671160134080.json,1965,
07617966114086.json,1965,
56737590123349.json,1965,
09619036005565.json,1965,
19647330131904.json,1965,
33670906032239.json,1965,
19646836014807.json,1965,
33670336116412.json,1965,
10624141036086.json,1965,
19648730119438.json,1965,
01612006001317.json,1965,
37680230105965.json,1965,
13631071332501.json,1965,
19647256015259.json,1965,
19647330126516.json,1965,
36677366107072.json,1965,
50711346052591.json,1965,
49709120113530.json,1965,
54755235430228.json,1965,
19648736114615.json,1965,
19646346014443.json,1965,
33669856031629.json,1965,
50710430129106.json,1965,
44698156049860.json,1965,
19647336016059.json,1965,
19647336089700.json,1965,
19734370137893.json,1965,
19650296022776.json,1965,
01611766000848.json,1965,
39685693933801.json,1965,
01100170130419.json,1965,
27660500107292.json,1965,
36676783631017.json,1965,
19753090131383.json,1965,
19650946023535.json,1965,
44754324430211.json,1965,
19647336019343.json,1965,
17640146112759.json,1965,
19648570133611.json,1965,
33672496109490.json,1965,
30666700108365.json,1965,
03739816002869.json,1965,
16639176010417.json,1965,
07616556109730.json,1965,
19101990135368.json,1965,
19647330135855.json,1965,
56725206055248.json,1965,
19647336019590.json,1965,
04614246003040.json,1965,
17640551730035.json,1965,
30665973035045.json,1965,
37681976038418.json,1965,
05615806003396.json,1965,
01612596057020.json,1958,
19648736021455.json,1965,
19647330122739.json,1965,
56726525630298.json,1965,
20652430134510.json,1965,5250
36675870138529.json,1965,
19647256015465.json,1965,
09618466005482.json,1965,
30665306116065.json,1965,
36678433630928.json,1965,
21654662134005.json,1965,
33671246109508.json,1965,
01611766000798.json,1965,
12627296007710.json,1965,
04100416069256.json,1965,
48705654830154.json,1965,
36678436036537.json,1965,
01612596002083.json,1941,
21654822133692.json,1965,
19647336115794.json,1965,
06616140635250.json,1965,
19647336017131.json,1965,
34765056033518.json,1965,
19648570129973.json,1965,
19647330129460.json,1965,
30103060134239.json,1965,
43695756047765.json,1965,
56726035635008.json,1965,
43696666062103.json,1965,
30666210118174.json,1965,
43693776095335.json,1965,
33670823332673.json,1965,
47705164730156.json,1965,
30665973032000.json,1965,
30665143037348.json,1965,
39686766042741.json,1965,
36679186109227.json,1965,
19647330133702.json,1965,
19647336019210.json,1965,
23739162332260.json,1965,
33752006108153.json,1965,
37756146106124.json,1965,
19649986107924.json,1965,
39686766095236.json,1965,
19647336019640.json,1965,
56725206055198.json,1965,
04615316105522.json,1965,
30665976029227.json,1965,
15635606009690.json,1965,
30736430121152.json,1965,
33670330100966.json,1965,
37683796085146.json,1965,
34752830134049.json,1965,
01612596002216.json,1958,
28662666026942.json,1965,
10101086069488.json,1965,
30667466030837.json,1965,
30103060134940.json,1965,
50711676052716.json,1965,
10755981030535.json,1965,
19647330116509.json,1965,
30666700108373.json,1965,
37681896107742.json,1965,
44754320139410.json,1965,
30666216029953.json,1965,
15634796109987.json,1965,
19647330137604.json,1965,
54755315431119.json,1965,
10622651030378.json,1965,
19646670140863.json,1965,
19647330109306.json,1965,
54719026054035.json,1965,
37683386039267.json,1965,
35674706035026.json,1965,
09618386005474.json,1965,
30664640124743.json,1965,
19647336116842.json,1965,
20755806100820.json,1965,
43695186047500.json,1965,
37683380111898.json,1965,
04615236089080.json,1965,
19734456014377.json,1965,
43694684330569.json,1965,
19647330121103.json,1965,
19734370137240.json,1965,
43695834334488.json,1965,
01611766000624.json,1965,
43696176048060.json,1965,
39685936104533.json,1965,
30665226028260.json,1965,
19647256015473.json,1965,
54718110139477.json,1965,
33670586109789.json,1965,
13631496008510.json,1965,
09619030937805.json,1965,
37680806099402.json,1965,
37679916037717.json,1965,
34674476034755.json,1965,
01612596001713.json,1965,
43694274330015.json,1965,
19647330122390.json,1965,
14766876008700.json,1965,
19645766061329.json,1965,
43694274333639.json,1965,
40754654032009.json,1965,
34673306033179.json,1965,
19647336018378.json,1965,
47703676050819.json,1965,
36678196036354.json,1965,
19647336018006.json,1965,
16639746118590.json,1965,
01612590125161.json,1959,
30667466030860.json,1965,
43696666048680.json,1965,
19647330106948.json,1965,
19753090137703.json,1965,
49753586107221.json,1965,
12630326008171.json,1965,
19647330135681.json,1965,
07617886004535.json,1965,
19647330126557.json,1965,
19647256015648.json,1965,
36679590124032.json,1965,
43104390111880.json,1965,
30666706061741.json,1965,
19647336016018.json,1965,
24736192431807.json,1965,
37681146038285.json,1965,
30736506089429.json,1965,
07617210733998.json,1965,
33670336068753.json,1965,
19649806022644.json,1965,
19647336016448.json,1965,
10621666120125.json,1965,
33671576111488.json,1965,
30664316061683.json,1965,
43694196047005.json,1965,
14632716008759.json,1965,
19647336018840.json,1965,
34674476034581.json,1965,
24656986109458.json,1965,
16639740128702.json,1965,
54722566054712.json,1965,
52715306053524.json,1965,
48705406051114.json,1965,
56737596115760.json,1965,
28662666026850.json,1965,
56738746107528.json,1965,
19647330119701.json,1965,
19734376012389.json,1965,
50710435030879.json,1965,
19648166020788.json,1965,
03739816002828.json,1965,
08618206113013.json,1965,
39767606041883.json,1965,
37684110126086.json,1965,
19647250127506.json,1965,
19648736021414.json,1965,
10624141030451.json,1965,
01612596057061.json,1965,
37681976038459.json,1965,
37683386039119.json,1965,
39685850102657.json,1965,
30665226028237.json,1965,
19647256015424.json,1965,
43696176048037.json,1965,
01611766000673.json,1965,
15633136008817.json,1965,
37683386040190.json,1965,
07618046005128.json,1965,
19647330132282.json,1965,
36750440114389.json,1965,
10621581031954.json,1965,
19647336018790.json,1965,
36679186037386.json,1965,
54767945436282.json,1965,
55724135530100.json,1965,
33672156032619.json,1965,
33670336116404.json,1965,
34765056033559.json,1965,
24656496025381.json,1965,
09619036005573.json,1965,
19650786023337.json,1965,
19647330139071.json,1965,
31750850121244.json,1965,
31669443130192.json,1965,
19647251995570.json,1965,
19645016013296.json,1965,
19647336016331.json,1965,
37683383730884.json,1965,
01611196090054.json,1965,
43693696046155.json,1965,
19647330117622.json,1965,
33752420109124.json,1965,
37684113731304.json,1965,
44698076060644.json,1965,
30665066028120.json,1957,
27659610127456.json,1965,
31669446113062.json,1965,
19647336016430.json,1965,
34674476034516.json,1965,
50711426052609.json,1965,
19646670123174.json,1965,
50712906053102.json,1965,
19647330106930.json,1965,
37680986038202.json,1965,
37680566110696.json,1965,
35675383537008.json,1965,
36677360128439.json,1965,
19644361932086.json,1965,
19647330135616.json,1965,
19647256015325.json,1965,
19649076021943.json,1965,
33671816032460.json,1965,
12628101233402.json,1965,
45698564530028.json,1965,
19647331935352.json,1965,
19647336016125.json,1965,
34765050106450.json,1965,
50710430107128.json,1965,
03739810334755.json,1965,
19648576113906.json,1965,
12755151230150.json,1965,
39685936042337.json,1965,
33670336120372.json,1965,
19101990135582.json,1953,
33751926118822.json,1965,
37679916118319.json,1965,
19768690119016.json,1965,
31750856115844.json,1965,
54718376105506.json,1965,
33670336061766.json,1965,
19647336018642.json,1965,
34673303433216.json,1965,
37683386040042.json,1965,
19647336018212.json,1965,
19647331931468.json,1965,
19647336019053.json,1965,
01751010130096.json,1965,
49709204935607.json,1965,
19647331930783.json,1965,
01613096002653.json,1965,
16739321630185.json,1965,
12753821230085.json,1965,
19647331930296.json,1965,
43696666060107.json,1965,
19647176015036.json,1965,
01751010130583.json,1965,
38684786059851.json,1965,
19647336016349.json,1965,
43695750129940.json,1965,
19101990137679.json,1965,
30666476030019.json,1965,
19647330111575.json,1965,
52105206119671.json,1965,
49708540132357.json,1965,
28662660101964.json,1965,
56105610135798.json,1965,
36678010131888.json,1965,
19650606023279.json,1965,
01612596001911.json,1950,
57727106056477.json,1965,
43733876047666.json,1965,
13632226008643.json,1965,
40688096043202.json,1965,
19649806061659.json,1965,
36678506114920.json,1965,
50711676052781.json,1965,
34673300129676.json,1965,
19649076021851.json,1965,
19647336058267.json,1965,
34673143430352.json,1965,
19647330133280.json,1965,
56724545632021.json,1965,
33752000141275.json,1965,
50757396053177.json,1965,
21654586024814.json,1965,
56725610113977.json,1965,
51714646053409.json,1965,
50712660133660.json,1965,
07616480137430.json,1965,
49738826051676.json,1965,
10622650105692.json,1965,
37684520115451.json,1965,
19646676014716.json,1965,
36678766061907.json,1965,
39685936042360.json,1965,
19647330122184.json,1965,
19647330125641.json,1965,
56725386055347.json,1965,
31669280141622.json,1965,
39754990119040.json,1965,
33672490121319.json,1965,
41690474134557.json,1965,
43695916047989.json,1965,
51714566053433.json,1965,
19647331931716.json,1965,
39685933935111.json,1965,
43693776046403.json,1965,
34765053434370.json,1965,
01613096002604.json,1965,
10621666006423.json,1965,
10621666006589.json,1965,
19647336019004.json,1965,
01750936001374.json,1965,
43694196046841.json,1965,
22655326025035.json,1965,
57726786066245.json,1965,
15633706009278.json,1965,
19642876011423.json,1965,
16739321630078.json,1965,
05615640531509.json,1965,
19642791933449.json,1965,
37683466104749.json,1965,
50757395037700.json,1965,
21654662133254.json,1965,
43693776046395.json,1965,
19757131930163.json,1965,
19647330124396.json,1965,
33671736108443.json,1965,
37681976038533.json,1965,
39685856042170.json,1965,
50712906120430.json,1965,
13630811331354.json,1965,
19647330122242.json,1965,
10738096006019.json,1965,
19647336015861.json,1965,
07618040119032.json,1965,
27659876026041.json,1965,
19647330124800.json,1965,
01611926000962.json,1965,
23102312330124.json,1965,
45699480134122.json,1965,
15633396009237.json,1965,
43693696046114.json,1965,
19647336016471.json,1965,
15633626009922.json,1965,
30665066028161.json,1965,
19647330106971.json,1965,
33751766111090.json,1965,
41689166115364.json,1965,
27754406118756.json,1965,
01612590115014.json,1965,
54721996054415.json,1965,
19645681996156.json,1965,
33736766117774.json,1965,
12627456007744.json,1965,
53765136053821.json,1965,
37683386114300.json,1965,
27102720112177.json,1965,
19101990115030.json,1965,
19647256015671.json,1965,
19647330126581.json,1965,
41689166043723.json,1965,
12629766008098.json,1965,
54719936107262.json,1965,
33669770136143.json,1965,
19648401936475.json,1965,
39686766104368.json,1965,
11626616007611.json,1965,
43696666048656.json,1965,
36677026119622.json,1965,
36678196036156.json,1965,
30664496058911.json,1965,
19645506013544.json,1965,
19643036011621.json,1965,
19647256057814.json,1965,
10621666057343.json,1965,
01611766000830.json,1965,
19645686013650.json,1965,
19647330122192.json,1965,
19642871938166.json,1965,
47702276050694.json,1965,
34673146107916.json,1965,
48705816099667.json,1965,
19643296011845.json,1937,
29102980126227.json,1965,
36750510136432.json,1965,
19643296011795.json,1965,
19734526022321.json,1965,
58727440112623.json,1965,
28662826027015.json,1965,
43696664333795.json,1965,
19768696023816.json,1965,
43696416048359.json,1965,
19647336018253.json,1965,
19645686099022.json,1965,
33671733331121.json,1965,
39686766042543.json,1965,
20652432035640.json,1965,
19647336019012.json,1965,
15637766010045.json,1965,
30664643036001.json,1965,
01613096002612.json,1965,
19647336019442.json,1965,
27659610141507.json,1965,
07617966004774.json,1965,
36677020113688.json,1965,
01751016001366.json,1965,
19647176015077.json,1965,
54753256054076.json,1965,
33671246108674.json,1965,
36679340137638.json,1965,
12101240106203.json,1965,
37737910105684.json,1965,
37683463737418.json,1965,
37681976038525.json,1965,
45700946050447.json,1965,
49709206060263.json,1965,
19646676117022.json,1965,
19647336017149.json,1965,
56724706055123.json,1965,
42691466045298.json,1965,
37679916110787.json,1965,
41689406044077.json,1965,
30665636029029.json,1965,
19650606023238.json,1965,
45701106117147.json,1965,
19647746115539.json,1965,
19753336020416.json,1965,
37683386119135.json,1965,
19647336018592.json,1965,
43693936046510.json,1965,
34673486110654.json,1965,
19647336058226.json,1965,
36750773631207.json,1965,
19647330126169.json,1965,
54721996112510.json,1965,
50757396053136.json,1965,
19734451933316.json,1965,
54722566054639.json,1965,
43695344337762.json,1959,
30664236027411.json,1965,
19645686013742.json,1965,
19644366012561.json,1965,
05615646003438.json,1965,
20764142030070.json,1965,
34752830140624.json,1965,
41690706045090.json,1965,
19646676014757.json,1965,
33670336120364.json,1965,
40687266042998.json,1965,
52716216053631.json,1965,
19647336016133.json,1965,
45701364530044.json,1965,
31669446031322.json,1965,
54768365430319.json,1965,
34673306033286.json,1965,
36103636069348.json,1965,
40687004030755.json,1965,
44698234430195.json,1965,
41690050127282.json,1965,
01612340130484.json,1965,
07617546096226.json,1965,
19647256015333.json,1965,
34673140141143.json,1965,
34674396034276.json,1965,
39686766098651.json,1965,
30664236027387.json,1965,
49708624930236.json,1965,
34673146120018.json,1965,
43696740141283.json,1965,
19647336017958.json,1965,
19647336018204.json,1965,
01612000135376.json,1965,
50757396115208.json,1965,
37683790137737.json,1965,
30665226028609.json,1965,
34673146098750.json,1965,
10621661035831.json,1965,
19647746020283.json,1965,
19645686057723.json,1965,
36677106119986.json,1965,
55105535530142.json,1965,
19642461995844.json,1965,
34674390111757.json,1963,
43696744330122.json,1965,
36677100102517.json,1965,
36678506059455.json,1965,
58727366056691.json,1965,
30736430102871.json,1965,
30664640123729.json,1965,
43694356105787.json,1965,
15633216111900.json,1965,
43695266047534.json,1965,
19647336015820.json,1965,
19648816021554.json,1965,
15637761530377.json,1965,
24657556025548.json,1965,
19647330112508.json,1965,
56725380100362.json,1965,
36750696037261.json,1965,
36677776035984.json,1965,
43693856046452.json,1965,
37735516037782.json,1965,
23656156025225.json,1965,
19647331931393.json,1965,
36750773630894.json,1965,
36677106035836.json,1965,
28662666026900.json,1965,
30666216029854.json,1965,
10621666006225.json,1965,
10624306111124.json,1965,
33752426108039.json,1965,
01611196090039.json,1965,
37737910111468.json,1965,
33670826032130.json,1965,
16639250118919.json,1965,
37771720138099.json,1965,
19647330102764.json,1965,
19734526022248.json,1965,
19647330126391.json,1965,
43696906049233.json,1965,
07618046005078.json,1965,
50712175030127.json,1965,
54755316053995.json,1965,
01611766000723.json,1965,
19647330111518.json,1965,
37681976038509.json,1965,
10622650116657.json,1965,
48705324832259.json,1965,
37683460131649.json,1965,
42692290132738.json,1965,
37683386117279.json,1965,
36679590101410.json,1965,
33751926106017.json,1965,
19649806022578.json,1965,
33752423330560.json,1965,
39686766116115.json,1965,
56737596055966.json,1965,
40687594030557.json,1965,
37683380131979.json,1965,
43696740125443.json,1965,
07617966004758.json,1965,
41690056044507.json,1965,
30736506030191.json,1965,
19650941938513.json,1965,
19647336019194.json,1965,
30665223035581.json,1965,
37681630138628.json,1965,
19647330139121.json,1965,
19647331932383.json,1965,
33669776120109.json,1965,
43696664337200.json,1965,
37680236118970.json,1965,
01611766106983.json,1965,
10624146007157.json,1965,
36678500116483.json,1965,
36678760117192.json,1965,
55724135530050.json,1965,
43104390132530.json,1965,
33671246103501.json,1965,
10621666102016.json,1965,
37681896038376.json,1965,
33751766032056.json,1965,
19647331933746.json,1965,
34673146113187.json,1965,
47704906050959.json,1965,
19646341996529.json,1965,
19646596014633.json,1965,
30664646113344.json,1965,
37683956040489.json,1965,
37683386039788.json,1965,
41690396044861.json,1965,
07617886061162.json,1965,
41690706045116.json,1965,
19648650141002.json,1965,
37681896110092.json,1965,
56737596056022.json,1965,
37680496038095.json,1965,
36675870125898.json,1965,
24657550119073.json,1965,
06615980631259.json,1965,
10624306007280.json,1965,
30103060134056.json,1965,
34674396033823.json,1965,
34674473436714.json,1965,
19647330122556.json,1965,
30736356111561.json,1965,
15635030141903.json,1965,
19647330109256.json,1965,
36678196036438.json,1965,
56726526056188.json,1965,
19101990134346.json,1965,
41104130113332.json,1965,
10622656006829.json,1965,
36676116035349.json,1965,
27662336026702.json,1965,
33669933330479.json,1965,
43696664332110.json,1965,
58727366056717.json,1965,
07616486003628.json,1965,
19650456066807.json,1965,
43695266047518.json,1965,
19651106023667.json,1965,
07617966057228.json,1965,
36678926037188.json,1965,
56725616055503.json,1965,
43695186047450.json,1965,
33669773337128.json,1965,
19643376057525.json,1965,
16639906110233.json,1965,
12630400140376.json,1965,
07617396003842.json,1965,
07617546004048.json,1965,
30665226028625.json,1965,
13631641335900.json,1965,25863
36678766037170.json,1965,
45699894530010.json,1965,
19647336017974.json,1965,
31668943135704.json,1965,
37680236037956.json,1965,
43694356102081.json,1965,
47703596050801.json,1965,
34673146120034.json,1965,
37684113731502.json,1965,
43695836109375.json,1965,
44697996049696.json,1965,
33669776031587.json,1965,
30103060133785.json,1965,
54722566054746.json,1965,
19647250127381.json,1965,
30664646117741.json,1965,
43694274335428.json,1965,
34673140135392.json,1965,
07617960110973.json,1965,
42691956045488.json,1965,
19647336016109.json,1965,
19647331930486.json,1965,
37680230114009.json,1965,
30666476106009.json,1965,
23656230136887.json,1965,
33103300137851.json,1965,
36750696037220.json,1965,
54722310113639.json,1965,
10621661031632.json,1965,
37680236069090.json,1965,
33671736111025.json,1965,
01611760134452.json,1965,
19734606100309.json,1965,
19647256015309.json,1935,
19647330129619.json,1965,
24102492430056.json,1965,
19734376012298.json,1965,
19647336018402.json,1965,
48705816051437.json,1965,
20652766024095.json,1965,
14101400117994.json,1965,
36677106035877.json,1965,
34673143430329.json,1965,
19649806022610.json,1965,
33752420109108.json,1965,
24753662430114.json,1965,
19648406020937.json,1965,
30666706095152.json,1965,
16101651630102.json,1965,
13630996008346.json,1965,
45701364537304.json,1965,
34674476034490.json,1965,
37680316038053.json,1965,
30736356094668.json,1965,
19643376057533.json,1965,
43104394330254.json,1965,
19647336058135.json,1965,
40687006042964.json,1958,
44698234437406.json,1965,
43696250140590.json,1965,
21654822131340.json,1965,
34673553433471.json,1965,
39685856117675.json,1965,
30666476030035.json,1965,
42692036045520.json,1965,
39686760136283.json,1965,
40687596109342.json,1965,
19645766013916.json,1965,
36738586035273.json,1965,
10624140113043.json,1965,
41689166043871.json,1965,
50755725030317.json,1965,
10621660108100.json,1965,
37756140100511.json,1965,
19647331937085.json,1965,
30666476030936.json,1965,
19647740109538.json,1965,
18641390131953.json,1965,
07616486084941.json,1965,
54722316054498.json,1965,
33103300138024.json,1965,
01612596001655.json,1948,
34673146033096.json,1965,
19651020125690.json,1965,
37683616085161.json,1965,
10624146007116.json,1965,
30665226028633.json,1965,
11754816007488.json,1965,
30665226028799.json,1965,
19647336018394.json,1965,
54722156054431.json,1965,
30665973031697.json,1965,
19647331931690.json,1965,
34674473430394.json,1965,
36677776035992.json,1965,
19646676014690.json,1965,
58727516118806.json,1965,
41690706045157.json,1965,
54722565434527.json,1965,
32669693235603.json,1965,
07617960730598.json,1965,
36678766068209.json,1965,
19647336019301.json,1965,
37681146038269.json,1965,
42767864235230.json,1965,
30736353030061.json,1965,
41688826043541.json,1965,
04615496121016.json,1965,
43694274330692.json,1965,
19648656021257.json,1965,
31668296113971.json,1965,
51714646053425.json,1965,
19647336019244.json,1965,
19642876011399.json,1965,
54722566054654.json,1965,
19645191995661.json,1965,
36678436108179.json,1965,
10621666006233.json,1965,
19647336061576.json,1965,
30664496027460.json,1965,
19647331931385.json,1965,
24753666025415.json,1965,
37680980141309.json,1965,
36677776109623.json,1965,
23656156025233.json,1965,
30736356109540.json,1965,
56726526056063.json,1965,
37764710123042.json,1965,
36677850141184.json,1965,
07617540106088.json,1965,
38684786041149.json,1965,
19651106023626.json,1965,
19646916014831.json,1965,
43694196046882.json,1965,
49104964930079.json,1965,
15633626105423.json,1965,
19643371933332.json,1965,
23739166025308.json,1965,
45752674530101.json,1965,
36679340110064.json,1965,
39754996118665.json,1965,
33751763332350.json,1965,
19643946012181.json,1965,
39685693933793.json,1965,
01611680132746.json,1965,
33751760107920.json,1965,
37735516116578.json,1965,
01750930141515.json,1965,
16638836010318.json,1965,
19647330137083.json,1965,
15635291534775.json,1965,
20652430116970.json,1965,
51714560133934.json,1965,
30736506108799.json,1965,
07617210730572.json,1965,
15638261536135.json,1965,
19645926117246.json,1965,
56737596055842.json,1965,
36750510137794.json,1965,
30736433032109.json,1965,
37679910136176.json,1965,
54755235434931.json,1965,
29664070128629.json,1965,
19734606023402.json,1965,
01612596002059.json,1948,
36678760122317.json,1965,
39754996109003.json,1965,
12626796120562.json,1965,
27660926058721.json,1965,
36678686036743.json,1965,
15635030101014.json,1965,
33671990110585.json,1965,
43696666048532.json,1965,
45752674530176.json,1965,
36676786108666.json,1965,
19647330117911.json,1965,
33669930101006.json,1965,
57726865730056.json,1965,
01612916002430.json,1965,
30666703036456.json,1965,
19647256015515.json,1965,
38684783830403.json,1965,
43693696046270.json,1965,
10621660114553.json,1965,
43104390125781.json,1965,
19101996119945.json,1965,
19651100126953.json,1965,
37684526107585.json,1965,
39686276042436.json,1965,
37682960102822.json,1965,
38684783834769.json,1965,
09737830121566.json,1965,
33672156032544.json,1965,
56725460141929.json,1965,
19101990121871.json,1965,
33669773330008.json,1965,
25735856025886.json,1965,
19734456014138.json,1965,
43694270116889.json,1965,
37683466117352.json,1965,
42691956045447.json,1965,
33669936031660.json,1965,
37682960141390.json,1965,
19647336061501.json,1965,
33672490138925.json,1965,
19647331937226.json,1965,
24753172430015.json,1965,
19646346014476.json,1965,
34674396033815.json,1965,
40688416106371.json,1965,
19647336019376.json,1965,
39686503935756.json,1965,
37683386039614.json,1965,
10623646007033.json,1965,
19647336016083.json,1965,
19647336113419.json,1965,
37680560110114.json,1965,
57727106096671.json,1965,
19647336061444.json,1965,
37683616040372.json,1965,
15635036112270.json,1965,
30736353034956.json,1965,
50710430109090.json,1965,
19647256015283.json,1965,
19647330126466.json,1965,
01611196110779.json,1965,
36739576112932.json,1965,
37103710137695.json,1965,
42691206045991.json,1965,
19647336015705.json,1965,
36678766059489.json,1965,
01611500135533.json,1965,
43696666048565.json,1965,
16638836010292.json,1965,
36678763632221.json,1965,
07616300733725.json,1965,
07617540138115.json,1965,
16638750112698.json,1965,
19647336017446.json,1965,
07618126005177.json,1965,
50711676093512.json,1965,
39686270129890.json,1965,
19645926013999.json,1965,
36679596037402.json,1965,
19647336016257.json,1965,
01750930114579.json,1965,
01611926104566.json,1965,
41690056044531.json,1965,
19647331938612.json,1965,
19753090136648.json,1965,
43694196046908.json,1965,
19647331938307.json,1965,
19734606096358.json,1965,
16639176118798.json,1965,
01612590121228.json,1965,
30103060139469.json,1965,
41689166043806.json,1965,
34674476034664.json,1965,
24657552434207.json,1965,
19649986112528.json,1965,
19645191930320.json,1965,
42692600116434.json,1965,
01611766000715.json,1965,
09618386112361.json,1965,
17640220142158.json,1965,
38684786040778.json,1965,
48705656111652.json,1965,
15637506117717.json,1965,
42692296045660.json,1965,
37682130127084.json,1965,
37683386059687.json,1965,
36676456035505.json,1965,
19647330111484.json,1965,
19647336017503.json,1965,
34673480119420.json,1965,
37754160139451.json,1965,
38684786041610.json,1965,
33670906105837.json,1965,
49709046052088.json,1965,
27660926026256.json,1965,
41690396044945.json,1965,
33670583330909.json,1965,
19101991996214.json,1965,
30666216029862.json,1965,
07617706066583.json,1965,
30664313033057.json,1965,
01750930123935.json,1965,
24753172431203.json,1965,
43694196067185.json,1965,
21102150135350.json,1965,
42692606045793.json,1965,
34765050108415.json,1965,
28662666058796.json,1965,
36676786035554.json,1965,
37684116059778.json,1965,
20652436023964.json,1965,
15634386009435.json,1965,
39685850100560.json,1965,
10754081030253.json,1965,
30739246030514.json,1965,
01613096002521.json,1965,
19647330127670.json,1965,
36678270137216.json,1965,
38684786041305.json,1965,
37683383731189.json,1965,
33751920108498.json,1965,
15633216009120.json,1965,
30736436030621.json,1965,
37684526040638.json,1965,
10622656006761.json,1965,
34674476034367.json,1965,
54719516054100.json,1965,
34739736032924.json,1965,
40104050101725.json,1965,
01611760138693.json,1965,
15636280128504.json,1965,
36677026117519.json,1965,
36675876106694.json,1965,
30664646027627.json,1965,
38103893830361.json,1965,
19647330128710.json,1965,
54720096054167.json,1965,
19647250114603.json,1965,
01612596002018.json,1961,
37683380109033.json,1965,
19647901935923.json,1965,
34765056033583.json,1965,
19647330111492.json,1965,
54722566116909.json,1965,
43695186047427.json,1965,
43694846047302.json,1965,
54767945436258.json,1965,
39685856104038.json,1965,
54722566112049.json,1965,
15638260141663.json,1965,
34673226033138.json,1965,
54722560120659.json,1965,
33669770113597.json,1965,
34674476034672.json,1965,
56726526056055.json,1965,
18641966010821.json,1965,
36677776109615.json,1965,
54755236107379.json,1965,
04614240431676.json,1965,
48705406051064.json,1961,
19734456014179.json,1965,
44698076049837.json,1965,
07617546004253.json,1965,
34765056032957.json,1965,
19647336057921.json,1965,
30664986068605.json,1965,
30666216058937.json,1965,
48705406109128.json,1965,
36750440118059.json,1965,
19647336114722.json,1965,
36678430107888.json,1965,
37682050141812.json,1965,
23656236108369.json,1965,
19643456012033.json,1965,
01611506090369.json,1965,
37683386039655.json,1965,
12629686008080.json,1965,
15637506113484.json,1965,
48705404833000.json,1965,
30665976029300.json,1965,
34673306059182.json,1965,
38684786040851.json,1965,
41689816044275.json,1965,
30647666020200.json,1965,
20652436023972.json,1965,
19647336110274.json,1965,
19644690139535.json,1965,
31669513130168.json,1965,
30665976107833.json,1965,
51714640100537.json,1965,
42692606045785.json,1965,
19647336017057.json,1965,
01751016114318.json,1965,
43696746048854.json,1965,
15635291532290.json,1965,
05100580530154.json,1965,
40754654030144.json,1965,
19647336016646.json,1965,
10751276006985.json,1965,
30664236027221.json,1965,
10623310137661.json,1965,
19647336016216.json,1965,
37754160139386.json,1965,
01612596001663.json,1949,
37683386039481.json,1965,
19647331939941.json,1965,
10622400113142.json,1965,
43696256095400.json,1965,
39685856042097.json,1965,
19647331931864.json,1965,
19647336016703.json,1965,
10621661030279.json,1965,
19647336015986.json,1965,
38684786041578.json,1965,
33752420133306.json,1965,
30665226028310.json,1965,
37682136038699.json,1965,
19647331939107.json,1965,
33671736032387.json,1965,
30665226028740.json,1965,
07617136003743.json,1965,
30665060102582.json,1965,
33671160116756.json,1965,
38684786040943.json,1965,
08100820830059.json,1965,
33672073330172.json,1965,
36676456099204.json,1965,
37683386039747.json,1965,
39686766042774.json,1965,
43694196047088.json,1965,
39686500125849.json,1965,
37680230135277.json,1965,
37680236038046.json,1965,
50712906111009.json,1965,
50711676052666.json,1965,
30664646097406.json,1965,
37754160138651.json,1965,
31669510135871.json,1965,
19647330132126.json,1965,
31668296113443.json,1965,
43693776093041.json,1965,
43696666048748.json,1965,
50712176060297.json,1965,
33671736032411.json,1965,
48705816051544.json,1965,
19647336015713.json,1965,
29663572930048.json,1965,
19649071936772.json,1965,
40104050125807.json,1965,
37679833730447.json,1965,
19647336018121.json,1965,
56726526056147.json,1965,
47705164739207.json,1965,
36739576112924.json,1965,
33670330139782.json,1965,
19651360102475.json,1965,
37768516108567.json,1965,
36676456110704.json,1965,
19649806093538.json,1965,
37683616040364.json,1965,
04615236003297.json,1965,
34673303430709.json,1965,
43694506047252.json,1965,
15633216009161.json,1965,
49707140126888.json,1965,
36679186105860.json,1965,
23656230112300.json,1965,
33671166113864.json,1965,
37680806106132.json,1965,
43694196046932.json,1965,
37735510107557.json,1965,
43694684334421.json,1965,
10621666006100.json,1965,
30664640124131.json,1965,
19647336016778.json,1965,
54105465430343.json,1965,
38684786041503.json,1965,
36675956114649.json,1965,
33751766118442.json,1965,
36678760125450.json,1965,
04614240120394.json,1965,
30666473038023.json,1965,
19647336018766.json,1965,
07617966120885.json,1965,
34674473430048.json,1965,
44697990109595.json,1965,
37683386040166.json,1965,
44697996112841.json,1965,
39754996107973.json,1965,
21654662133262.json,1965,
34752833430584.json,1965,
33671996105571.json,1965,
43696664338950.json,1965,
45699146050140.json,1965,
30736356089502.json,1965,
38684786041016.json,1965,
07618046100952.json,1965,
34739736032908.json,1965,
10621661030717.json,1965,
48705730135095.json,1965,
42750104230173.json,1965,
10621666006415.json,1965,
38684786041446.json,1965,
37682216038772.json,1965,
57726786056295.json,1965,
40688094036703.json,1965,
56724626055065.json,1965,
24658620114074.json,1965,
34674476034961.json,1965,
39686763937406.json,1965,
34674396034201.json,1965,
01611760127233.json,1965,
01751016002356.json,1965,
37103710137752.json,1965,
34673303431533.json,1965,
41690216044721.json,1965,
49709126108500.json,1965,
19647336017305.json,1965,
34765056105985.json,1965,
10621666111231.json,1965,
19643521934926.json,1965,
07616486115703.json,1965,
40687596043012.json,1965,
19647330109348.json,1965,
43694506047229.json,1965,
30666216061725.json,1965,
50710685030267.json,1965,
30666706061758.json,1965,
19647330131771.json,1965,
07616556112718.json,1965,
19650946023428.json,1965,
50710436052443.json,1965,
07617540135822.json,1965,
19647330112011.json,1965,
09619780101519.json,1965,
32669696031413.json,1965,
07617626096234.json,1965,
37684113730124.json,1965,
12628100108688.json,1965,
19651026110837.json,1965,
45699896050272.json,1965,
19647336017610.json,1965,
15633886104772.json,1965,
01612756002299.json,1965,
42104214230207.json,1965,
10755986005813.json,1965,
17640221735000.json,1937,
19647330137471.json,1965,
43693936046619.json,1965,
31669106117790.json,1965,
36676783630035.json,1965,
12630401230069.json,1965,
37683386039911.json,1965,
19647336058085.json,1965,
04615490141341.json,1965,
19101990140772.json,1965,
54721326054365.json,1965,
49708624935151.json,1965,
33670820101121.json,1965,
01611506090484.json,1965,
50711676105670.json,1965,
10621660140764.json,1965,
54722566054530.json,1965,
43694196046965.json,1965,
19647330111955.json,1965,
30666216097364.json,1965,
56724626055032.json,1965,
56726526060370.json,1965,
45699716050249.json,1965,
01611926056949.json,1965,
41104130128652.json,1965,
33669770135061.json,1965,
37683386039507.json,1965,
16639746066666.json,1965,
19651361996321.json,1965,
19647336015945.json,1965,
19647330117028.json,1965,
19647330122366.json,1965,
52714726066328.json,1965,
41690474133070.json,1965,
19647746020309.json,1965,
33671240128868.json,1965,
19647330135509.json,1965,
44698234437109.json,1965,
45699486050181.json,1965,
24656982432409.json,1965,
06616220630038.json,1965,
39685936118509.json,1965,
19734376057558.json,1965,
10621660114355.json,1965,
37683380129387.json,1965,
12626796007660.json,1965,
38684783830205.json,1965,
36677776106827.json,1965,
37680566117923.json,1965,
37684113731627.json,1965,
43694356047120.json,1965,
19645686013627.json,1965,
15638426010250.json,1965,
19651360102459.json,1965,
43696416060081.json,1965,
34674470114983.json,1965,
37682960116764.json,1965,
07617960733253.json,1965,
36678766036917.json,1965,
31669106031256.json,1965,
54755310102707.json,1965,
30665226028500.json,1965,
19647336016810.json,1965,
19647096106736.json,1965,
19647256015606.json,1965,
39686760111369.json,1965,
15633136110464.json,1965,
33752006108849.json,1965,
20652430113050.json,1965,
19647336018048.json,1965,
12626790111708.json,1965,
49706726051700.json,1965,
19647336016406.json,1965,
33103300138602.json,1965,
15633626009955.json,1965,
37681896085047.json,1965,
37683386039291.json,1965,
39686766042758.json,1965,
45699486117857.json,1965,
34674396059273.json,1965,
30664313030616.json,1965,
19648406020887.json,1965,
19647330117614.json,1965,
37680076037766.json,1965,
56725386055263.json,1965,
43694274332318.json,1965,
01611436090302.json,1965,
43696256072144.json,1965,
37679676106256.json,1965,
07617706004444.json,1965,
36678680133181.json,1965,
15751686009468.json,1965,
19647336019566.json,1965,
48705404836003.json,1965,
08618200833004.json,1965,
38684786040703.json,1965,
19647336058093.json,1965,
19646910112144.json,1965,
34673306109755.json,1965,
07617546004402.json,1965,
19645686057715.json,1965,
07616976003701.json,1965,
43696416048292.json,1965,
37681146109524.json,1965,
19647336019970.json,1965,
37680566120596.json,1965,
01612596002075.json,1958,
36679186101927.json,1965,
34674396034169.json,1965,
14101401430073.json,1965,
42767866060032.json,1965,
07617706004501.json,1965,
40688414030185.json,1965,
19645016013221.json,1965,
56724626055024.json,1965,
37768516113468.json,1965,
43696256048110.json,1965,
37683956040539.json,1965,
40688094030045.json,1965,
34674476034920.json,1965,
10621661032911.json,1965,
30665226085294.json,1965,
18641056010730.json,1965,
34673553432903.json,1965,
31669446031314.json,1965,
25735856025845.json,1965,
14766871431600.json,1965,
19647330117747.json,1965,
19648656021349.json,1965,
09619786098693.json,1965,
36678760136952.json,1965,
36677106114052.json,1965,
40687596043053.json,1965,
19643031938190.json,1965,
39685690132415.json,1965,
40687006117980.json,1965,
19646340116822.json,1965,
39686506109284.json,1965,
19734370118760.json,1965,
10621661032507.json,1965,
07618046096036.json,1965,
01750930125930.json,1965,
19646836014799.json,1965,
33672150126128.json,1965,
56726036055669.json,1965,
19648326020796.json,1965,
37683386115570.json,1965,
21654586024863.json,1965,
39685936109532.json,1965,
12630246008155.json,1965,
10623566007025.json,1965,
07617966004980.json,1965,
19647336016943.json,1965,
19647336017651.json,1965,
07617546004394.json,1965,
17769761737006.json,1965,
09618386096614.json,1965,
33751766105548.json,1965,
15635291530385.json,1965,
37683386089049.json,1965,
19643291937739.json,1965,
36679343630100.json,1965,
45699716111470.json,1965,
13631236008411.json,1965,
19650606023170.json,1965,
54755236054290.json,1965,
52105206119606.json,1965,
30665636028989.json,1965,
01612596118608.json,1965,
19647331935519.json,1965,
37683383734431.json,1965,
27754400106336.json,1965,
33752420100958.json,1965,
39686270129916.json,1965,
56724626055073.json,1965,
37682216038764.json,1965,
37768510110122.json,1965,
31669516031363.json,1965,
30666216029771.json,1965,
30739246029060.json,1965,
19645276057681.json,1965,
19648406021042.json,1965,
19647330117069.json,1965,
10767781038306.json,1965,
56725206055206.json,1965,
19647330123166.json,1965,
36678766037097.json,1965,
36677100141952.json,1965,
54721816054407.json,1965,
19647331930577.json,1965,
41690136044648.json,1965,
41690396044986.json,1965,
01611766000806.json,1965,
43694356047161.json,1965,
19647256057822.json,1965,
17640140138537.json,1965,
30665306028831.json,1965,
19647336017313.json,1965,
36677026108005.json,1965,
52715065231709.json,1965,
20651856024111.json,1965,
37684526110407.json,1965,
19647336016851.json,1965,
19647336017743.json,1965,
36103633630761.json,1965,
37683380116939.json,1965,
20102072030229.json,1965,
39686760111328.json,1965,
24102492430148.json,1965,
34765056033385.json,1965,
40688336043335.json,1965,
27661346058754.json,1965,
44697326049563.json,1965,
55723556054894.json,1965,
33670826032080.json,1965,
56725386055388.json,1965,
43693696046122.json,1965,
19647330117655.json,1965,
30666216061733.json,1965,
34674476034425.json,1965,
30665066028013.json,1965,
34674396033880.json,1965,
41690390136242.json,1965,
23656230125658.json,1965,
42691200102863.json,1965,
20652436023949.json,1965,
10621660113829.json,1965,
33671160110601.json,1965,
19649076021935.json,1965,
36678763630548.json,1965,
37683380101204.json,1965,
43696664335949.json,1965,
42692606045751.json,1965,
28662662830149.json,1965,
36750696037295.json,1965,
09618380137919.json,1965,
23656072334563.json,1965,
34674470135772.json,1965,
19647330120527.json,1965,
13101326069272.json,1965,
49706566051643.json,1965,
54718376100267.json,1965,
33670906032221.json,1965,
07617960735902.json,1965,
19647330129585.json,1965,
19648326066773.json,1965,
19647336019863.json,1965,
27754406026678.json,1965,
01612590141804.json,1965,
04733796002927.json,1965,
19644691936079.json,1965,
01612590129635.json,1965,
19647336019160.json,1965,
19647336019475.json,1965,
19643031930775.json,1965,
56739406112189.json,1965,
50755560112573.json,1965,
42692296060016.json,1965,
18642046010847.json,1965,
16639176010458.json,1965,
19647256015580.json,1965,
30665226028393.json,1965,
13630991332204.json,1965,
37683386040034.json,1965,
33751926112809.json,1965,
54755316053961.json,1965,
34673143432572.json,1965,
36678196036248.json,1965,
03739810330019.json,1965,
33670586031967.json,1965,
19647336018634.json,1965,
33671166108229.json,1965,
01612590137943.json,1965,
36676373631066.json,1965,
17640141730159.json,1965,
19647336020036.json,1965,
19647331996115.json,1965,
30665143033610.json,1965,
42691616045348.json,1965,
39767600137075.json,1965,
19647330122408.json,1965,
37683380140319.json,1965,
24657550102624.json,1965,
09619456005631.json,1965,
12630406008239.json,1965,
30736500136689.json,1965,
19647336016554.json,1965,
01100170130401.json,1965,
36677106108070.json,1965,
19647336061469.json,1965,
44697994430518.json,1965,
39686270136135.json,1965,
38684786041685.json,1965,
19645686013775.json,1965,
37679836115315.json,1965,
15101570119669.json,1965,
19643036011704.json,1965,
04614246002976.json,1965,
35752596035117.json,1797,
41690396044895.json,1965,
15634796112783.json,1965,
21654176024558.json,1965,
36678010141705.json,1965,
15635946060420.json,1965,
19752911995810.json,1965,
33670330113647.json,1965,
19651026023576.json,1965,
54718370109009.json,1965,
19734601937747.json,1965,
33672156032569.json,1965,
19644446012702.json,1965,
19757136011076.json,1965,
37683796098453.json,1965,
19647336019137.json,1965,
56726526060388.json,1965,
44697656049597.json,1965,
19642460111872.json,1965,
45699226050165.json,1965,
19647330122234.json,1965,
33670336110589.json,1965,
19647336110977.json,1965,
19643521935048.json,1965,
44697996049662.json,1965,
15633216008874.json,1965,
34673146118046.json,1965,
43696416115562.json,1965,
19649071996495.json,1965,
19647090100602.json,1965,
19753336020358.json,1965,
34765056033500.json,1965,
19647256015168.json,1965,
37680236107775.json,1965,
19650606023063.json,1965,
33736766031728.json,1965,
33669853330222.json,1965,
30664310140707.json,1965,
30665636028930.json,1965,
19643456107353.json,1965,
40688250108522.json,1965,
39773886041750.json,1965,
31669100135178.json,1965,
36679180113779.json,1965,
19647336015952.json,1965,
13630736008304.json,1965,
37681976038400.json,1965,
19647330122721.json,1965,
36678766110480.json,1965,
23102312330447.json,1965,
49709534937256.json,1965,
19647330124933.json,1965,
37683616040349.json,1965,
10621666057335.json,1965,
10621666006290.json,1965,
16639820110205.json,1965,
37737916095061.json,1965,
30664313034204.json,1965,
15634040120139.json,1965,
01612916002372.json,1965,
19647331931633.json,1965,
49708136051866.json,1965,
19646676113294.json,1965,
56105610122713.json,1965,
19643036011712.json,1965,
54722560125708.json,1965,
33670580114504.json,1965,
34674393430154.json,1965,
58727365835202.json,1965,
38684786099154.json,1965,
19647336019988.json,1965,
37680566115620.json,1965,
19647336018360.json,1965,
36675870128462.json,1965,
36738906104681.json,1965,
57727105738810.json,1965,
19647336019822.json,1965,
43696746048896.json,1965,
19648811931062.json,1965,
34673146033062.json,1965,
31750856111975.json,1965,
16639251634245.json,1965,
31669443130077.json,1965,
19642876011506.json,1965,
23656076025175.json,1965,
19753090134619.json,1965,
55723066054829.json,1965,
19647336019434.json,1965,
44697996117253.json,1965,
39685856042055.json,1965,
36677106115984.json,1965,
19647331932623.json,1965,
42767864232690.json,1965,
38684786041040.json,1965,
19645191932664.json,1965,
39686766042535.json,1965,
33736766031694.json,1965,
42691206046056.json,1965,
37683386059604.json,1965,
19647336018675.json,1965,
33670586031926.json,1965,
43696176048078.json,1965,
19101990139345.json,1965,
48705400141671.json,1965,
19647330109934.json,1965,
30665226028278.json,1965,
19642616057467.json,1965,
49706720122440.json,1965,
36676786098347.json,1965,
51714070109793.json,1965,
39685936115414.json,1965,
56726526056097.json,1965,
34673300111278.json,1965,
36678766036941.json,1965,
07616480115063.json,1965,
48705816051494.json,1965,
39685936107429.json,1965,
19647330101329.json,1965,
47701856050652.json,1965,
01611436090211.json,1965,
34674476034599.json,1965,
56725386055370.json,1965,
49709616052302.json,1965,
39685850122580.json,1965,
37683386039382.json,1965,
30665066028005.json,1957,
34674476034433.json,1965,
19645016013148.json,1965,
19648406020994.json,1965,
13630996106975.json,1965,
19645686013734.json,1965,
30665976029268.json,1965,
27738256026447.json,1965,
37683386039697.json,1965,
19642796011274.json,1965,
34673146113831.json,1965,
49738824930384.json,1965,
27659616106959.json,1965,
38684786040893.json,1965,
19647176014997.json,1965,
07617210733980.json,1965,
19647330102913.json,1965,
38684780123117.json,1965,
33670820116962.json,1965,
41689320105874.json,1965,
43696666048698.json,1965,
01611766089320.json,1965,
30667466030878.json,1965,
37679916112148.json,1965,
19734450122465.json,1965,
45699894530226.json,1965,
36678196036198.json,1965,
19647256015200.json,1965,
36678016100929.json,1965,
33672156032528.json,1965,
37679910111005.json,1965,
28662666026777.json,1965,
01612006097661.json,1965,
19647330110304.json,1965,
37764710123059.json,1965,
49708050105890.json,1965,
57726865732904.json,1965,
36675876109409.json,1965,
43695266047542.json,1965,
30103060140822.json,1965,
03739816107395.json,1965,
39685856042147.json,1965,
10739996006696.json,1965,
30666216029789.json,1965,
33672156032601.json,1965,
19647330129593.json,1965,
30665226028690.json,1965,
19647336018337.json,1965,
24656496025399.json,1965,
33671240108134.json,1965,
13631230118455.json,1965,
30665556028914.json,1965,
10621666061196.json,1965,
19650606023022.json,1965,
43696256067243.json,1965,
42767866111603.json,1965,
37683386059653.json,1965,
30665636028971.json,1965,
19647330137562.json,1965,
24657302430064.json,1965,
20652430100016.json,1965,
30665226028385.json,1965,
34674390113209.json,1965,
23656150140814.json,1965,
45104540129957.json,1965,
34103480118745.json,1965,
15635290141101.json,1965,
30736356110845.json,1965,
30664726027676.json,1965,
01612596057079.json,1957,
54722566054589.json,1965,
43696740110700.json,1965,
37683386039101.json,1965,
54720416054209.json,1965,
40687596043087.json,1965,
41690700131730.json,1965,
56739406055131.json,1965,
19647330133736.json,1965,
19647330122127.json,1965,
42691464230587.json,1965,
34674136033666.json,1965,
33671816032494.json,1965,
30665226028468.json,1965,
49709386052229.json,1965,
39686760111344.json,1965,
37683790123000.json,1965,
33672156059158.json,1965,
19647251996503.json,1896,
19647336017685.json,1965,
19648656021372.json,1965,
19647336019731.json,1965,
19647330109298.json,1965,
50757396102743.json,1965,
28662900142216.json,1965,
10621666006316.json,1965,
33672153334406.json,1965,
54722560139212.json,1965,
07617390730473.json,1965,
50755560118810.json,1965,
22655322230076.json,1965,
19650601938752.json,1965,
37683380111906.json,1965,
24656316025332.json,1965,
19647336018659.json,1965,
37683386040059.json,1965,
50757390124669.json,1965,
19647330121137.json,1965,
23656156117386.json,1965,
40754656042972.json,1965,
37683386039879.json,1965,
39686760139907.json,1965,
39686766042519.json,1965,
04755070433953.json,1965,
30736436030548.json,1965,
33751920142018.json,1965,
20755802030203.json,1965,
24658396025795.json,1965,
50712176052922.json,1965,
45699716050264.json,1953,
19647336019418.json,1965,
19646916014914.json,1965,
04755076003156.json,1965,
10621666006480.json,1965,
37683380107094.json,1965,
36678270137190.json,1965,
08618206005383.json,1965,
37680236037832.json,1965,
19647330111997.json,1965,
41689576044127.json,1965,
37680236037998.json,1965,
19644366012645.json,1965,
47104700117168.json,1965,
41688826043608.json,1965,
54722565435839.json,1965,
07617210730457.json,1965,
43694506047195.json,1965,
19734520120600.json,1965,
37737913730793.json,1965,
48705816051379.json,1965,
23655656025100.json,1965,
10624141030824.json,1965,
36678430118802.json,1965,
19649800139311.json,1965,
45701106050520.json,1965,
36678766037014.json,1965,
33670580136770.json,1965,
37683380136663.json,1965,
10101081030899.json,1965,
21654176058614.json,1965,
30666216096333.json,1965,
19647336016885.json,1965,
19648651996552.json,1965,
36678766036982.json,1965,
54722565430046.json,1965,
38684786093488.json,1965,
43104390133496.json,1965,
34765050101766.json,1965,
41690396044952.json,1965,
33751766115174.json,1965,
19647336018931.json,1965,
37683386039341.json,1965,
19646340101667.json,1965,
07618040736819.json,1965,
34752836118624.json,1965,
39685936042394.json,1965,
19645686013718.json,1930,
37103710128520.json,1965,
30666700135897.json,1965,
19647336016539.json,1965,
39685853934767.json,1965,
39686766042667.json,1965,
19734371931963.json,1965,
41690620138420.json,1965,
33671730105767.json,1965,
01611766089619.json,1965,
19647330102483.json,1965,
19647336018527.json,1965,
34765056033351.json,1965,
33671736059109.json,1965,
37681896120901.json,1965,
19642460126003.json,1965,
19647330119735.json,1965,
06616220637504.json,1965,
37682966099444.json,1965,
43104390127969.json,1965,
19647336015895.json,1965,
33670330135574.json,1965,
10621660132134.json,1965,
19647336016240.json,1965,
30664646120281.json,1965,
39685930105973.json,1965,
19752916022420.json,1965,
31669283130309.json,1965,
10621666006068.json,1965,
49709536111678.json,1965,
05615726003388.json,1965,
19647330124362.json,1965,
24656316025365.json,1965,
07617396003834.json,1965,
56726526056238.json,1965,
43693776046361.json,1965,
19734521936228.json,1965,
23655992333649.json,1965,
30665226028716.json,1965,
55105535530118.json,1965,
56738745630132.json,1965,
37680236037865.json,1965,
19734520125005.json,1965,
36677026112130.json,1965,
30666470119404.json,1965,
43695836047948.json,1965,
10621666085138.json,1965,
36750696109573.json,1965,
07616300731125.json,1965,
01611276090146.json,1965,
34765056032940.json,1965,
19646341936046.json,1965,
33751926096994.json,1965,
57726940120238.json,1965,
57726940135939.json,1965,
54718606112684.json,1965,
43696744330247.json,1965,
19647336016893.json,1965,
30665226028583.json,1965,
54722560105783.json,1965,
19647331933233.json,1965,
38684786089569.json,1965,
01612426001572.json,1965,
57726946056402.json,1965,
01612590135905.json,1965,
54718030112458.json,1965,
47702504732707.json,1965,
07617966004915.json,1965,
37684523732039.json,1965,
49709206068977.json,1965,
30665066028195.json,1959,
29663570112367.json,1965,
34674396033906.json,1965,
10621666006357.json,1965,
01611926000996.json,1965,
34674476034409.json,1965,
19648656021299.json,1965,
54753250106021.json,1965,
07617626110803.json,1965,
33752000114058.json,1965,
34674390106898.json,1965,
49707306051775.json,1965,
19647336018618.json,1965,
24656316025373.json,1965,
33671730133090.json,1965,
19734456014302.json,1965,
37683386040018.json,1965,
30736500133389.json,1965,
34673146110118.json,1965,
19651361931492.json,1965,
19647336015929.json,1965,
19647330117044.json,1965,
28662902837102.json,1965,
41690700127563.json,1965,
30666703030491.json,1965,
30736503030467.json,1965,
30103063030764.json,1965,
37682216038749.json,1965,
20652436107122.json,1965,
19647336019459.json,1965,
19647256108013.json,1965,
16639746069140.json,1965,
37680236037873.json,1965,
31669516085252.json,1965,
56738746055677.json,1965,
07617540134072.json,1965,
30666476030043.json,1965,
30736433032919.json,1965,
30666210140293.json,1965,
14632711430065.json,1965,
37683796093264.json,1965,
57726946056394.json,1965,
19647336058143.json,1965,
01611766066468.json,1965,
36678766037055.json,1965,
55723895536503.json,1965,
37683386089064.json,1965,
37682966070866.json,1965,
39103973930476.json,1965,
41689166043780.json,1965,
37683383730371.json,1965,
15634610107987.json,1965,
43104390113431.json,1965,
43104390131110.json,1965,
21654176024574.json,1965,
15636696009781.json,1965,
34673146032999.json,1965,
37683383731130.json,1965,
56726036055701.json,1965,
19650946023501.json,1965,
43694506047245.json,1965,
37103710136085.json,1965,
39686766042626.json,1965,
33670900114157.json,1965,
41689244137592.json,1965,
19644366012595.json,1965,
15101571530302.json,1965,
50710766098180.json,1965,
19650946107296.json,1965,
19647336017693.json,1965,
56725126055180.json,1965,
39754993938008.json,1965,
51714640107318.json,1965,
27660920111435.json,1965,
36738903631199.json,1965,
19734376012256.json,1965,
37683876070882.json,1965,
34673300100404.json,1965,
37683380126730.json,1965,
10621666006183.json,1965,
38684786059919.json,1965,
01612596117568.json,1965,
01613090137810.json,1965,
29664156089403.json,1965,
19734601939149.json,1965,
01611926056972.json,1965,
19647330120360.json,1965,
43696740135970.json,1965,
19752916022461.json,1965,
36677020102939.json,1965,
36678436036503.json,1965,
10739650125682.json,1965,
19647336058051.json,1965,
23656156025183.json,1965,
33752006107841.json,1965,
33670336031876.json,1965,
36678766037147.json,1965,
07617396003875.json,1965,
24656316025324.json,1965,
15635780107771.json,1965,
37683616120190.json,1965,
19647336017040.json,1965,
19734606095467.json,1965,
19645500138172.json,1965,
19651360101022.json,1965,
50755720118513.json,1965,
41690704130324.json,1965,
43696416048250.json,1965,
56105615630397.json,1965,
42691046045256.json,1965,
01611920111815.json,1965,
55724135530175.json,1965,
15633216008858.json,1965,
19647330122218.json,1965,
37680236037824.json,1965,
36739576036461.json,1965,
19648810113894.json,1965,
30666470116525.json,1965,
43693776089288.json,1965,
54722316054456.json,1965,
15633216109078.json,1965,
17640556110761.json,1965,
45699896119390.json,1965,
23656150128280.json,1965,
15637926010086.json,1965,
19647336016299.json,1965,
56726035630249.json,1965,
43694274334900.json,1965,
44697996049639.json,1965,
57726786056261.json,1965,
30736503030152.json,1965,
19649986022727.json,1965,
19645926013957.json,1965,
55724130112276.json,1965,
49707970139568.json,1965,
31750856031215.json,1965,
10622650116640.json,1965,
09619786103527.json,1965,
37680236118988.json,1965,
19647336097927.json,1965,
19647336017172.json,1965,
33669930127142.json,1965,
19647336018287.json,1965,
56725465630066.json,1965,
12629760115154.json,1965,
36678686036735.json,1965,
23752186025118.json,1965,
34673140105908.json,1965,
10624146007140.json,1965,
37681146096515.json,1965,
33751920140947.json,1965,
33670336031801.json,1965,
17640551736008.json,1965,
19647330133868.json,1965,
37770990136077.json,1965,
37735516118137.json,1965,
19647256061337.json,1965,
04615316113765.json,1965,
09619866005722.json,1965,
10621666088546.json,1965,
33736766108906.json,1965,
15637500111245.json,1965,
37684113732047.json,1965,
07617540731836.json,1965,
19648576108633.json,1965,
37683380120410.json,1965,
43693856046445.json,1965,
19649076021893.json,1965,
01612596001879.json,1957,
42692296045587.json,1965,
01611766000558.json,1965,
36678923636487.json,1965,
31668456031165.json,1965,
50736016025761.json,1965,
37681303734548.json,1965,
01751016108971.json,1965,
56726036055776.json,1965,
10624301036607.json,1965,
07617546003958.json,1965,
19648736021380.json,1965,
19647336018907.json,1965,
43696826049084.json,1965,
19646006095434.json,1965,
30736436114482.json,1965,
19645686013684.json,1965,
35674706104509.json,1965,
36677106120042.json,1965,
34752833430659.json,1965,
42691956067110.json,1965,
07616630130930.json,1965,
19646341996586.json,1965,
27662256026694.json,1965,
49709200102533.json,1965,
36678766037022.json,1965,
04615070129577.json,1965,
19647331931500.json,1965,
19646830116129.json,1965,
19647336016364.json,1965,
27659616101802.json,1965,
19647336017826.json,1965,
33671243330438.json,1965,
30664236027353.json,1965,
30664646111801.json,1965,
19646916014922.json,1965,
42693104234613.json,1965,
36678766036776.json,1965,
19645506013601.json,1965,
37681970132951.json,1965,
31669516117493.json,1965,
41690474130217.json,1965,
19648406021018.json,1965,
24657550120923.json,1965,
43696664330585.json,1965,
19647256061360.json,1965,
54755236054225.json,1965,
19647330109884.json,1965,
01612006110332.json,1965,
44698236060156.json,1965,
34673146107700.json,1965,
20764146110076.json,1965,
34673300113571.json,1965,
19643296011829.json,1965,
19642616011134.json,1965,
41689244135075.json,1965,
10621666057285.json,1965,
56725386055297.json,1965,
31668456031132.json,1965,
07617960132100.json,1965,
19647336019707.json,1965,
19647330128009.json,1965,
19645506013528.json,1965,
15634386009443.json,1965,
43695916049514.json,1965,
56726526056170.json,1965,
15633130113027.json,1965,
19647336058358.json,1965,
19647336017719.json,1965,
37103710138404.json,1965,
34673146109821.json,1965,
37103710108548.json,1965,
34673303434792.json,1965,
37683956040471.json,1965,
15636936118681.json,1965,
19647330124495.json,1965,
34673306033252.json,1965,
30736356085351.json,1965,
33671813335759.json,1965,
33671246032312.json,1965,
51713995130067.json,1965,
33103303331055.json,1965,
15633216009013.json,1965,
37683386039770.json,1965,
15635786009989.json,1965,
57726940114710.json,1965,
36739576106116.json,1965,
09618380136200.json,1965,
30666476029995.json,1965,
10739651030790.json,1965,
01100170137448.json,1965,
38684783830064.json,1965,
04614246003107.json,1965,
36677103630480.json,1965,
38684780123265.json,1965,
31668296031108.json,1965,
15636776111272.json,1965,
37680236109771.json,1965,
43693696046247.json,1965,
36678763634680.json,1965,
19647336019087.json,1965,
19753416022081.json,1965,
19647336016372.json,1965,
04614240121475.json,1965,
49708966117907.json,1965,
33670336112957.json,1965,
15633546009252.json,1965,
19647330140111.json,1965,
19647336017099.json,1965,
33103300136168.json,1965,
34674396034037.json,1965,
19647330126797.json,1965,
11754816007470.json,1965,
34103480140160.json,1965,
15636280137687.json,1965,
43694356095988.json,1965,
56768286055594.json,1965,
54755236054233.json,1965,
43696664330593.json,1965,
38684786059885.json,1965,
56737596055875.json,1964,
35675796035158.json,1965,
20651776023923.json,1965,
36750776112825.json,1965,
33669930106062.json,1965,
07617546004360.json,1965,
36677776106579.json,1965,
54719856054134.json,1965,
30666210114769.json,1965,
01612596001838.json,1949,
19647336018550.json,1965,
24753176025431.json,1965,
30664643035987.json,1965,
20651856101521.json,1965,
01611190106401.json,1965,
31668456031124.json,1965,
19753416021992.json,1965,
36678763636081.json,1965,
10621666057293.json,1965,
07617540737809.json,1965,
07617476003909.json,1965,
37682130123224.json,1965,
49706156115695.json,1965,
55723636054852.json,1965,
20652430131086.json,1965,
15633216009005.json,1965,
20755806103824.json,1965,
30736436030704.json,1965,
30664493030624.json,1965,
37684526040588.json,1965,
42691956045470.json,1965,
34752830126060.json,1965,
33671246032304.json,1965,
31668296116230.json,1965,
34765056033633.json,1965,
10621096005839.json,1965,
30664646111397.json,1965,
19643946012207.json,1965,
07617886004576.json,1965,
19647330124529.json,1965,
42767864231726.json,1965,
34674396034060.json,1965,
37683380109157.json,1965,
36678766037063.json,1965,
32669696110308.json,1965,
33751926116446.json,1965,
19650291938455.json,1965,
36739576108260.json,1965,
19647330102335.json,1965,
43696666048417.json,1965,
19647336017164.json,1965,
49738826060669.json,1965,
29663160125013.json,1965,
33736760121673.json,1965,
33671160119206.json,1965,
34673146033039.json,1965,
24657486109649.json,1965,
39686270133116.json,1965,
19647336017867.json,1965,
43696256116081.json,1965,
30664236027312.json,1965,
58727366056741.json,1965,
10621666068704.json,1965,
07617966112015.json,1965,
50712176052955.json,1965,
54718035430301.json,1965,
36103636111918.json,1965,
37684526069124.json,1965,
30665976029458.json,1965,
07616480730101.json,1965,
30736436085377.json,1965,
16639906010557.json,1965,
33671736102560.json,1965,
29663730136424.json,1965,
36679590119164.json,1965,
19647331931054.json,1965,
40688334037008.json,1965,
15633626009260.json,1965,
01612346001523.json,1965,
01100170125567.json,1965,
19642616011175.json,1965,
31750856100903.json,1965,
19647330100867.json,1965,
34674396033930.json,1965,
30664316058903.json,1965,
31668456031173.json,1965,
58727440107375.json,1965,
41690706045140.json,1965,
37681970132290.json,1965,
28662662830016.json,1965,
19649076021885.json,1965,
39767600121046.json,1965,
19648576108625.json,1965,
23655402330900.json,1965,
39685933930328.json,1965,
10739991033422.json,1965,
07617960733659.json,1965,
07617546004337.json,1965,
19101990121954.json,1965,
44697656114102.json,1965,
37683386040307.json,1965,
37683380117325.json,1965,
36676116098537.json,1965,
49708056051841.json,1965,
56737596093181.json,1965,
37682963730819.json,1965,
01611920127696.json,1965,
27660682732170.json,1965,
19647330122150.json,1965,
19645686013692.json,1965,
49708966052054.json,1965,
19647331930429.json,1965,
19648656021240.json,1965,
38684786040935.json,1965,
43696826049092.json,1965,
43696256097430.json,1965,
19647330109447.json,1965,
13631496008528.json,1965,
47764556050728.json,1965,
49104966069413.json,1965,
37683380124347.json,1965,
56737596055859.json,1965,
36739576106710.json,1965,
19647330129858.json,1965,
01612596002042.json,1965,
56738746098255.json,1965,
19647336019947.json,1965,
39685856108807.json,1965,
19753090131987.json,1965,
33669853330214.json,1965,
15739086009765.json,1965,
31750856109870.json,1965,
43695186047492.json,1965,
42692116045538.json,1965,
14632486008692.json,1965,
19645276013403.json,1965,
45699480101113.json,1965,
23655816116149.json,1965,
31750856110647.json,1965,
04614246003081.json,1965,
07617966004667.json,1965,
41690474130738.json,1965,
07617540734566.json,1965,
30736433030590.json,1965,
19647251939875.json,1965,
19753416022107.json,1965,
31668943132453.json,1965,
01611766090526.json,1965,
19647331932896.json,1965,
19647330121707.json,1965,
49707970107284.json,1965,
56737596118582.json,1965,
01100176002000.json,1965,
33670586032015.json,1965,
15633390108589.json,1965,
50710436052435.json,1965,
09618530932756.json,1965,
19647336019228.json,1965,
07616300730283.json,1965,
49707306110639.json,1965,
49709126052112.json,1965,
07617476003925.json,1965,
55751846054837.json,1965,
27659616025993.json,1965,
19650526022941.json,1965,
37680316038087.json,1965,
19647336016562.json,1965,
37683386061972.json,1965,
19647330128033.json,1965,
38684786062079.json,1965,
33669933330842.json,1965,
54755230110692.json,1965,
36678503633005.json,1965,
36679186113757.json,1965,
30736356101059.json,1965,
19734606023360.json,1965,
12768026007868.json,1965,
01611190119222.json,1965,
04615316003313.json,1965,
34673550119131.json,1965,
49706236051619.json,1965,
36678270113928.json,1965,
48705656051270.json,1965,
07618046005110.json,1965,
34673140105932.json,1965,
48705810115469.json,1965,
36679343638012.json,1965,
37681303732625.json,1965,
30666470102897.json,1965,
37679676109086.json,1965,
44697996049746.json,1965,
19648406021075.json,1965,
01612590121376.json,1965,
39685856042188.json,1965,
37680806112445.json,1965,
01612590106906.json,1965,
01611506113005.json,1965,
17640300114215.json,1965,
36750510136960.json,1965,
58727366056782.json,1965,
15635036009591.json,1965,
37683876111181.json,1965,
16639170110981.json,1965,
36676780100594.json,1965,
34673140108746.json,1965,
20652430109702.json,1965,
33669776031512.json,1965,
30736436113054.json,1965,
51714646053367.json,1965,
37683380108290.json,1965,
07100740730614.json,1965,
54719930123661.json,1965,
09618460123125.json,1965,
10621666006571.json,1965,
19648730136705.json,1965,
19647336019855.json,1965,
51714646067268.json,1965,
37684113733953.json,1965,
23655406025084.json,1958,
37684526059802.json,1965,
19650606023147.json,1965,
34673306118574.json,1965,
33670333330602.json,1965,
19648576021190.json,1965,
30665306095111.json,1965,
55724135530092.json,1965,
39686760108647.json,1965,
43694274330353.json,1965,
27751502730133.json,1965,
54755235430251.json,1965,
38684786040919.json,1965,
30736500133405.json,1965,
34765053430261.json,1965,
53750285330022.json,1965,
36676376035463.json,1965,
41689086043673.json,1965,
43695916047971.json,1965,
45701286050546.json,1965,
48705406100754.json,1965,
12626956007686.json,1965,
23656236025282.json,1965,
19643116011746.json,1965,
36676116035299.json,1965,
36678506036677.json,1965,
19651361932532.json,1965,
43694506067201.json,1965,
10621666105746.json,1965,
41689990126649.json,1965,
19648811936103.json,1965,
44104474430252.json,1965,
19648576108609.json,1965,
50736015035902.json,1965,
37682966039002.json,1965,
30665483038551.json,1965,
30666216029896.json,1965,
19647330119693.json,1965,
03739816002810.json,1965,
37683386040281.json,1965,
30664726066823.json,1965,
42691200102855.json,1965,
04100410430066.json,1965,
01612596056998.json,1965,
36750776035265.json,1965,
07616486003594.json,1965,
30666703030608.json,1965,
30664986071096.json,1965,
41689160112284.json,1965,
19642616011159.json,1965,
16639821635606.json,1965,
54719935432414.json,1965,
30666213035748.json,1965,
19734456022396.json,1965,
15637766010052.json,1965,
43693690107763.json,1965,
22655320132258.json,1965,
24102490138032.json,1965,
30736436116305.json,1965,
33752420112102.json,1965,
58105875830112.json,1965,
19649641937754.json,1965,
40687594033205.json,1965,
10622570124727.json,1965,
34673140105924.json,1965,
41689656044150.json,1965,
39685850101956.json,1965,
19650606023014.json,1965,
34752836100432.json,1965,
07617960101477.json,1965,
30665556028922.json,1965,
07617966005037.json,1965,
01612590114868.json,1965,
04614240123976.json,1965,
19645276061287.json,1956,
33669776107304.json,1965,
07617966057244.json,1965,
30736356110936.json,1965,
34103480106278.json,1965,
38103893830395.json,1965,
49709796052310.json,1965,
33669776031504.json,1965,
14632971436203.json,1965,
10622656006795.json,1965,
30666706030449.json,1965,
30665553033206.json,1965,
45752670110221.json,1965,
19757136011001.json,1965,
10622656006845.json,1965,
19647336016935.json,1965,
34674476034813.json,1965,
31669440121624.json,1965,
19734376012348.json,1965,
43693856046486.json,1965,
34673306033229.json,1965,
19647331930940.json,1965,
31669513130036.json,1965,
34674476034540.json,1965,
19647336018881.json,1965,
30666706108484.json,1965,
19647336019269.json,1965,
37681146038301.json,1965,
34674396099808.json,1965,
30664986085278.json,1965,
50755645030192.json,1965,
15634796101588.json,1965,
33671733330818.json,1965,
49709126052153.json,1965,
07617546003974.json,1965,
11754811130145.json,1965,
08618206005458.json,1965,
34674396059356.json,1965,
19648816021778.json,1965,
36677773638616.json,1965,
54719696054126.json,1965,
33671246106942.json,1965,
42691386045280.json,1965,
19647336016489.json,1965,
50712826108302.json,1965,
07616636003669.json,1965,
38684786062038.json,1965,
07617540730358.json,1965,
57726785732201.json,1965,
19642460100081.json,1965,
19647330106989.json,1965,
19647330119685.json,1965,
01612000132670.json,1965,
15636930113738.json,1965,
33671246106041.json,1965,
19647256015689.json,1965,
39685696111462.json,1965,
34673140116871.json,1965,
37683876112353.json,1965,
34674133430469.json,1965,
07618046005151.json,1965,
01612590115238.json,1965,
42692296068902.json,1965,
19650600110320.json,1965,
53717386053771.json,1965,
54767945430285.json,1965,
19648406021034.json,1965,
50712666120844.json,1965,
30736430102889.json,1965,
37683616040406.json,1965,
30665143030335.json,1965,
36675956107510.json,1965,
19645841996305.json,1965,
43693696046338.json,1965,
56739406106447.json,1965,
39685856042063.json,1965,
44104470136572.json,1965,
56105616055974.json,1965,
01612596001697.json,1961,
34673306059208.json,1965,
33669776031553.json,1965,
19649646022503.json,1965,
34674393435419.json,1965,
33672070101170.json,1965,
50711676052807.json,1965,
30736503030129.json,1965,
34673146033054.json,1965,
36675956035216.json,1965,
10621666006530.json,1965,
50736015030184.json,1965,
33736763330032.json,1965,
13631646117808.json,1965,
19647330126607.json,1965,
19647336019814.json,1965,
37735513730017.json,1965,
29663736094981.json,1965,
57105795730106.json,1965,
40687006042949.json,1961,
19647740114777.json,1965,
50710846052534.json,1965,
30736356114888.json,1965,
49709126052104.json,1965,
43694274330312.json,1965,
08100820830042.json,1965,
33669856031611.json,1965,
15633216009195.json,1965,
19647330133686.json,1965,
56738745630256.json,1965,
49708966052039.json,1965,
36677100120758.json,1965,
35675046095202.json,1965,
49709536119069.json,1965,
34765056033609.json,1965,
40688336043343.json,1965,
19643450101600.json,1965,
10623646115224.json,1965,
36675870109470.json,1965,
36676116035372.json,1965,
36678506036636.json,1965,
15636776009799.json,1965,
19101990121939.json,1965,
15635290116392.json,1965,
19647336017735.json,1965,
51713816053250.json,1965,
19647336058374.json,1965,
30736356096044.json,1965,
28662666026983.json,1965,
19734606108344.json,1965,
19650606022982.json,1965,
03739816002851.json,1965,
30103060132910.json,1965,
56105616069231.json,1965,
19646676108401.json,1965,
10738091030121.json,1965,
37683386061964.json,1965,
19647330141556.json,1965,
19647336019681.json,1965,
27659616025985.json,1965,
19646676014740.json,1965,
31750850119487.json,1965,
07617476003933.json,1965,
33672156032684.json,1965,
39685936110555.json,1965,
37103710115998.json,1965,
01612006085773.json,1965,
43696176048045.json,1965,
30736506096192.json,1965,
50710436112338.json,1965,
01611920138339.json,1965,
56725465631742.json,1965,
04614246003073.json,1965,
54722316054514.json,1965,
22655326025068.json,1965,
34752830102277.json,1965,
54755230102574.json,1965,
19647336120810.json,1965,
30666706030415.json,1965,
19648736021489.json,1965,
15638006010128.json,1965,
37683386039184.json,1965,
30664646101125.json,1965,
15636280127209.json,1965,
56737590119396.json,1965,
19650786023345.json,1965,
48705654830022.json,1965,
50712906095517.json,1965,
19647336017552.json,1965,
19647256015143.json,1965,
07617546004097.json,1965,
15635291530252.json,1965,
36678763630308.json,1965,
37683386039887.json,1965,
49753580114934.json,1965,
19645506105886.json,1965,
19645681932144.json,1965,
01611436090294.json,1965,
19649806022636.json,1965,
09619606005680.json,1965,
19647336019665.json,1965,
37683386061980.json,1965,
30664316058820.json,1965,
19648406020911.json,1965,
39685856042204.json,1965,
50712906071583.json,1965,
12101240106161.json,1965,
27660926026207.json,1965,
48705406051189.json,1965,
30736356071161.json,1965,
19647251934470.json,1965,
19647330120808.json,1965,
36678686068779.json,1965,
33672153330511.json,1965,
28662666026967.json,1965,
19734376012314.json,1965,
36677106035851.json,1965,
48705816051411.json,1965,
33670333330131.json,1965,
37683386040224.json,1965,
19757136011118.json,1965,
38684786113245.json,1965,
24753660131862.json,1965,
41688666114771.json,1965,
37683956040513.json,1965,
34752836107981.json,1965,
42691956045504.json,1965,
40687596043079.json,1965,
19647336018998.json,1965,
53105380132423.json,1965,
19643941931807.json,1965,
49708624930103.json,1965,
37683386039242.json,1965,
19647336018832.json,1965,
10622406006704.json,1965,
33671160100503.json,1965,
19753416022008.json,1965,
36676786106629.json,1965,
04614246003024.json,1965,
33672150119180.json,1965,
37680236037931.json,1965,
57726786056303.json,1965,
30736356089494.json,1965,
37683386115331.json,1965,
43693690108167.json,1965,
19646831931781.json,1965,
07616556119754.json,1965,
36678196036263.json,1965,
42691386119804.json,1965,
33103300125237.json,1965,
48104884830071.json,1965,
19648731936749.json,1965,
19647331931435.json,1965,
19734526022297.json,1965,
37680230127431.json,1965,
19734526103352.json,1965,
19647331996610.json,1965,
19647901935899.json,1965,
43696746048813.json,1965,
58727360119362.json,1965,
23656072330272.json,1965,
19648570112714.json,1965,
39686356042444.json,1965,
40688096110621.json,1965,
19647336019848.json,1965,
33670826112007.json,1965,
19647336117667.json,1965,
37768510129320.json,1965,
30736500129296.json,1965,
40687006042915.json,1965,
10625136007405.json,1965,
57726786056246.json,1965,
30667466030795.json,1965,
43693696046221.json,1965,
37683380107482.json,1965,
19647331931989.json,1965,
33669773334299.json,1965,
36678760109850.json,1965,
37683386099063.json,1965,
48104886089668.json,1965,
19649070111047.json,1965,
01611766000590.json,1965,
15636106009732.json,1965,
42691206119820.json,1965,
33103300139428.json,1965,
37683386040273.json,1965,
11626531130046.json,1965,
19734370140533.json,1965,
07617966004857.json,1965,
07616486115380.json,1965,
54755315431184.json,1965,
39685023932308.json,1965,
33672153336492.json,1965,
37682966111314.json,1965,
19647336019632.json,1965,
33670823330503.json,1965,
19647330109231.json,1965,
01612420134668.json,1965,
19647336019798.json,1965,
19647336061550.json,1965,
30736506097042.json,1965,
57726786110894.json,1965,
41689086043681.json,1965,
50755645030176.json,1965,
37680980102608.json,1965,
42691200102848.json,1965,
19647336019327.json,1965,
36678760116160.json,1965,
19642616061246.json,1965,
21654172133056.json,1965,
33751766032031.json,1965,
36678506036685.json,1965,
19647336015754.json,1965,
36750770110866.json,1965,
37680490132506.json,1965,
54722560116517.json,1965,
19647336017339.json,1965,
37680806038152.json,1965,
43696746048805.json,1965,
31667876112700.json,1965,
36678436036545.json,1965,
13631646008569.json,1965,
28662586026751.json,1965,
01611766000640.json,1965,
15735446010011.json,1965,
30664986066922.json,1965,
51714646053383.json,1965,
04614246003032.json,1965,
37683380108274.json,1965,
54720176054175.json,1965,
30664236027270.json,1965,
33670586108955.json,1965,
10622406006712.json,1965,
01611766056923.json,1965,
19647330106351.json,1965,
34765056059265.json,1965,
39767600106484.json,1965,
19648406021091.json,1965,
34752830102236.json,1965,
38684786041529.json,1965,
07618040113589.json,1965,
30665976029490.json,1965,
30666476030951.json,1965,
15737426009609.json,1965,
27660922730240.json,1965,
37680806117709.json,1965,
19647336016752.json,1965,
15638006010169.json,1965,
30664640100917.json,1965,
09619036005540.json,1965,
54722565430368.json,1965,
33670336107676.json,1965,
07617966097141.json,1965,
42692294233060.json,1965,
37680560114686.json,1965,
26736686025928.json,1965,
50710430127613.json,1965,
19651361933902.json,1965,
07616550127464.json,1965,
13632141337609.json,1965,
01611430131177.json,1965,
37680490136416.json,1965,
36677106059398.json,1965,
56725205631817.json,1965,
19648816021620.json,1965,
24656310101402.json,1965,
30664316058861.json,1965,
19647336019624.json,1965,
50712175036256.json,1965,
37735693731221.json,1965,
19650940137042.json,1965,
24656310126771.json,1965,
43694270130856.json,1965,
36677106035810.json,1965,
19734376012355.json,1965,
37683386040265.json,1965,
19648166020754.json,1965,
37683386119168.json,1965,
33103300137836.json,1965,
43693690125526.json,1965,
04615496003370.json,1965,
36678506036693.json,1965,
20651856024087.json,1965,
31750853130150.json,1965,
19647336018170.json,1965,
21653596024343.json,1965,
33672156112668.json,1965,
40687596043038.json,1965,
19645016013163.json,1965,
43694506047203.json,1965,
36678506111728.json,1965,
19643031995679.json,1965,
35674706035042.json,1965,
37683463737384.json,1965,
19647336018873.json,1965,
43696256048086.json,1965,
19647741935436.json,1965,
36678760126714.json,1965,
10739650140269.json,1965,
53738336053805.json,1965,
33672316032791.json,1965,
30736506096184.json,1965,
36678196036222.json,1965,
39686763932100.json,1965,
19647256015440.json,1965,
01612590108944.json,1965,
36678196036388.json,1965,
33672156032692.json,1965,
19647331996651.json,1965,
45701106050462.json,1965,
39754990114140.json,1965,
33670336084669.json,1965,
43695836098263.json,1965,
43694846098214.json,1965,
37682966038970.json,1965,
38684786040695.json,1965,
34674476034623.json,1965,
39685930101576.json,1965,
10621661031897.json,1965,
56737596055917.json,1965,
43695756047740.json,1965,
34765056059232.json,1965,
19646916014856.json,1965,
19768690119636.json,1965,
37683386040232.json,1965,
43694356085690.json,1965,
37682966114854.json,1965,
25735852535409.json,1965,
11101160130724.json,1965,
58727516056816.json,1965,
37682966085088.json,1965,
15737421531367.json,1965,
49753906051791.json,1965,
37684116120968.json,1965,
56725460136804.json,1965,
33671730118943.json,1965,
27659616025977.json,1965,
01611190139220.json,1965,
01611436090328.json,1965,
37680316059570.json,1965,
30665223030434.json,1965,
19647336019673.json,1965,
30664646117634.json,1965,
19647330115253.json,1965,
30664640140061.json,1965,
49709120125831.json,1965,
50712826053078.json,1965,
19647336018824.json,1965,
19101991995869.json,1965,
19648811932409.json,1965,
15634046009369.json,1965,
36678760107730.json,1965,
36676786035513.json,1965,
33669770125732.json,1965,
37683956040505.json,1965,
29102986077226.json,1965,
36676116035380.json,1965,
34674210132019.json,1965,
37681896038350.json,1965,
01612590112763.json,1948,
30664640100891.json,1965,
43104390123794.json,1965,
41689326043939.json,1965,
43694846047328.json,1965,
36678436036586.json,1965,
19647336017495.json,1965,
19647256116933.json,1965,
37737913730215.json,1965,
37683386059711.json,1965,
39686760115402.json,1965,
19647176015051.json,1965,
15635036009559.json,1965,
33671576032353.json,1965,
43693930106005.json,1965,
15737426009625.json,1965,
30665976029516.json,1965,
19646006014047.json,1965,
19647330122622.json,1965,
30664726027734.json,1965,
48705736109672.json,1965,
37683046105555.json,1965,
54719930123646.json,1965,
10621660120964.json,1965,
42691796118434.json,1965,15015
19753416022032.json,1965,
37683386039556.json,1965,41294
30665143037496.json,1965,
27754406026686.json,1965,
50711750121129.json,1965,
19647336017883.json,1965,
30103060134288.json,1965,
19647330121848.json,1965,
19648576021158.json,1965,
53716626053680.json,1965,
33736766032841.json,1965,
54718370110452.json,1965,
19647336017180.json,1965,
37683380131565.json,1965,
33669930141366.json,1965,
54105466119291.json,1965,
33670906112858.json,1965,
43104390123281.json,1965,
54722560133819.json,1965,
39685850139261.json,1965,
19645686013676.json,1927,
19646830140996.json,1965,
41689326044069.json,1965,
10623646007058.json,1965,
37683383737962.json,1965,
10738091030147.json,1965,
38684786041339.json,1965,
19642956057483.json,1965,
38684783830254.json,1965,
36677773630217.json,1965,
51714640107722.json,1965,
56737596093165.json,1965,
39754996110530.json,1965,
30666706116917.json,1965,
33751766108278.json,1965,
54755230137968.json,1965,
19646676109276.json,1965,
15633626110001.json,1965,
19643116011761.json,1965,
19734456014153.json,1965,
01613090137745.json,1965,
49708706066344.json,1965,
40688094034807.json,1965,
14632481431352.json,1965,
15633396009211.json,1965,
19642616011191.json,1965,
19647336019608.json,1965,
19647330124826.json,1965,
35674706107338.json,1965,
07617960129643.json,1965,
39686766042709.json,1965,
13632306008650.json,1965,
30665483034410.json,1965,
36679186118350.json,1965,
39685026041784.json,1965,
56737596055891.json,1965,
15633626066674.json,1965,
36678766036784.json,1965,
36679180108431.json,1965,
36676110124628.json,1965,
01611436090187.json,1965,
49707146051759.json,1965,
19647336016729.json,1965,
15635291532605.json,1965,
29663326027122.json,1965,
24658706025837.json,1965,
01611430134924.json,1965,
39754993930393.json,1965,
43694506109433.json,1965,
12626870107110.json,1965,
37681713733219.json,1965,
23656156114581.json,1965,
39686766098677.json,1965,
19101990121772.json,1965,
19647331930619.json,1965,
06616220118729.json,1965,
07616556070981.json,1965,
43694506115943.json,1965,
19647336017354.json,1965,
33672076106223.json,1965,
19647336015739.json,1965,
56726526097034.json,1965,
34674396034250.json,1965,
06615980630012.json,1965,
07618126005235.json,1965,
41690216044770.json,1965,
34674136033708.json,1965,
19650526022966.json,1965,
43694506047278.json,1965,
44698156049886.json,1965,
48705324830055.json,1965,
19643031935618.json,1965,
19647330101683.json,1965,
33671996120547.json,1965,
19647336018808.json,1965,
43696094334728.json,1965,
33736766032379.json,1965,
31669283130119.json,1965,
30665143032505.json,1965,
30664236027437.json,1965,
43695836047922.json,1965,
01612590111476.json,1965,
01611926000913.json,1965,
07616300107524.json,1965,
01611500132225.json,1965,
39685773933959.json,1965,
24657892430205.json,1965,
30664643030798.json,1965,
38103896069561.json,1965,
19647336058200.json,1965,
19650456022883.json,1965,
19649076021836.json,1965,
41690706067128.json,1965,
30665226028443.json,1965,
43693936046536.json,1965,
19650606023121.json,1965,
07618046097158.json,1965,
01100170131581.json,1965,
36678016036115.json,1965,
55724056054936.json,1965,
41688906043616.json,1965,
39685856116594.json,1965,
50711755030135.json,1965,
34673140108720.json,1965,
30664230140236.json,1965,
37683386112460.json,1965,
43696416118707.json,1965,
36678766036792.json,1965,
19650376022842.json,1965,
39685026041792.json,1965,
43696336048185.json,1965,
38684783830429.json,1965,
15638346010227.json,1965,
19649076066781.json,1965,
19647336016695.json,1965,
19647336016380.json,1965,
44697996049720.json,1965,
27738256026397.json,1965,
37684526040653.json,1965,
19646670106070.json,1965,
15633216116719.json,1965,
32669693233509.json,1965,
34673146077291.json,1965,
34674396117097.json,1965,
37683386077317.json,1965,
36676780137547.json,1965,
19647251935758.json,1965,
37681140115519.json,1965,
39685936042311.json,1965,
16638911632207.json,1965,
10739996119978.json,1965,
33672153336955.json,1965,
19642461996537.json,1965,
34673480100040.json,1965,
36678196036131.json,1965,
19649076058515.json,1965,
19734456014112.json,1965,
37683386040208.json,1954,
19645681996131.json,1965,
07617546004238.json,1965,
36678190100115.json,1965,
37680313731478.json,1965,
36678766036842.json,1965,
17640226084990.json,1965,
04615310121715.json,1965,
37756146112494.json,1965,
01611926000905.json,1965,
30736356030142.json,1965,
36676456106603.json,1965,
50710686071575.json,1965,
43694684331799.json,1958,
01611926001093.json,1965,
39685856110944.json,1965,
34674470132399.json,1965,
19752911996016.json,1965,
49753906060222.json,1965,
07617620138859.json,1965,
15636770113837.json,1965,
10621661030642.json,1965,
01612596057087.json,1935,
15737426009633.json,1965,
37682133730991.json,1965,
30666473030053.json,1965,
43694846047294.json,1965,
19647336058168.json,1965,
41690474136370.json,1965,
19647336017529.json,1965,
30665896029144.json,1965,
58727360121632.json,1965,
36679186037360.json,1965,
37682133734878.json,1965,
38684786040752.json,1965,
33751920101105.json,1965,
19642956011563.json,1965,
19644691932482.json,1965,
57726785730098.json,1965,
33671246109110.json,1965,
01612590115618.json,1956,
38684783834082.json,1965,
19647331939479.json,1965,
19647336019921.json,1965,
45700116097703.json,1965,
39767600129312.json,1965,
43696746048995.json,1965,
33751923330370.json,1965,
19647330139097.json,1965,
37683040131268.json,1965,
50712176052948.json,1965,
19647330109421.json,1965,
55723895530043.json,1965,
19649986022669.json,1965,
37684526040604.json,1965,
27659616026009.json,1965,
36678436059422.json,1965,
04614246003008.json,1965,
37737916105993.json,1965,
19645016013270.json,1965,
19753416022024.json,1965,
36679596037428.json,1965,
30667466030886.json,1965,
37680986111769.json,1965,
01611436056865.json,1965,
19648401933647.json,1965,
01612596114011.json,1965,
37683386071914.json,1965,
56725610137018.json,1965,
56737596093173.json,1965,
56737595630116.json,1965,
24657556116156.json,1965,
37684116059752.json,1965,
04615076003255.json,1965,
33671246106066.json,1965,
41689086043707.json,1965,
19642951936491.json,1965,
10621661030584.json,1965,
19642611930288.json,1965,
49738824935482.json,1965,
52716216053656.json,1965,
39685936108237.json,1965,
43733876067219.json,1965,
15637761530039.json,1965,
50757396053151.json,1965,
19647331930064.json,1965,
38684780111427.json,1965,
10739650130690.json,1965,
56726036055792.json,1965,
39686760121798.json,1965,
19649076021877.json,1965,
16639251630169.json,1965,
36676780110726.json,1965,
43693936046577.json,1965,
16639820136234.json,1965,
19647330102426.json,1965,
56725126055164.json,1965,
19647336017677.json,1965,
36678196036404.json,1965,
24658136025779.json,1965,
19647331933795.json,1965,
33671990133579.json,1965,
54767946054761.json,1965,
56724540109520.json,1965,
37682966106520.json,1965,
19647336018428.json,1965,
27738256026421.json,1965,
19647330108928.json,1965,
30736353030509.json,1965,
37735516099352.json,1965,
43695836047914.json,1965,
04614576003131.json,1965,
16639176108815.json,1965,
57726786118905.json,1965,
57726945735154.json,1965,
42767866045835.json,1965,
30736503030657.json,1965,
30666706030225.json,1965,
36676113630803.json,1965,
37737916039069.json,1965,
31669100102806.json,1965,
21654176024590.json,1965,
33670416031900.json,1965,
19647330127787.json,1965,
56725460125674.json,1965,
10739656120539.json,1965,
10623641034990.json,1965,
10624146007215.json,1965,
39685850111286.json,1965,
31669446031298.json,1965,
33103300128777.json,1965,
10621666111256.json,1965,
19644446012660.json,1965,
01612590111856.json,1965,
19647906020457.json,1965,
19642461931732.json,1965,
19647336018097.json,1965,
19647336017362.json,1965,
33670906032197.json,1965,
30736436030555.json,1965,
19642876011472.json,1965,
54722566092373.json,1965,
15633216008916.json,1965,
07617966004733.json,1965,
33671246105514.json,1965,
51714495137500.json,1965,
45699894533600.json,1965,
10621666006472.json,1965,
19642461936624.json,1965,
19643371931237.json,1965,
54768366110290.json,1965,
37683383730116.json,1965,
19753336020390.json,1965,
33670333330701.json,1965,
19756636120158.json,1965,
37681630139402.json,1965,
45752676050579.json,1965,
19734451939834.json,1965,
55724135530191.json,1965,
34674396096168.json,1965,
19647330100677.json,1965,
43696906049258.json,1965,
28662660121087.json,1965,
40754656042980.json,1965,
19644696012942.json,1965,
22655322230084.json,1965,
15635786010003.json,1965,
37681303731809.json,1965,
56725616055495.json,1965,
13631236008460.json,1965,
37683380106732.json,1965,
49708624935862.json,1965,
19647331935568.json,1965,
37681630137109.json,1965,
50710760101493.json,1965,
37683380107573.json,1965,
39685856042121.json,1965,
17769766108773.json,1965,
23739162330223.json,1965,
36679593638509.json,1965,
33672493337649.json,1965,
19647330109397.json,1965,
19647336057897.json,1965,
30665976118236.json,1965,
37735513730694.json,1965,
21654170124081.json,1965,
19646836110563.json,1965,
36678760127324.json,1965,
01612593030772.json,1965,
31669106031231.json,1965,
19646596014658.json,1965,
54767946108286.json,1965,
41690216112213.json,1965,
19647336016877.json,1965,
19647256015374.json,1965,
52715486053532.json,1965,
10621660133942.json,1965,
10101080111682.json,1965,
19647331930551.json,1965,
29102980116681.json,1965,
19647336016174.json,1965,
01611196100374.json,1965,
33670330110627.json,1965,
01612426068266.json,1965,
39685933932001.json,1965,
36679596108880.json,1965,
34765056033435.json,1965,
34674473430097.json,1965,
10739656006944.json,1965,
19643376012017.json,1965,
33672156032775.json,1965,
19647090107508.json,1965,
37683040102178.json,1965,
19650456022677.json,1965,
15633216009203.json,1965,
30666476109102.json,1965,
07100740137026.json,1965,
30666703030475.json,1965,
38684780107300.json,1965,
19647336019517.json,1965,
37683046105563.json,1965,
19647330122614.json,1965,
37683950140327.json,1965,
13631236008437.json,1965,
01612596002141.json,1948,
42691466045322.json,1965,
19647336017636.json,1965,
36678760127332.json,1965,
19647336018469.json,1965,
30664566027494.json,1965,
34674473430717.json,1965,
36678766068720.json,1965,
41690136044697.json,1965,
39685853934783.json,1965,
37684113730801.json,1965,
37681303731262.json,1965,
34673140137281.json,1965,
39686766042683.json,1965,
01611196090013.json,1965,
56725465634761.json,1965,
19647330122481.json,1965,
19647330112037.json,1965,
55105530134569.json,1965,
37682963730074.json,1965,
19642796011316.json,1965,
15633210129189.json,1965,
19647336107411.json,1965,
01751010130252.json,1965,
15633216009096.json,1965,
34674476105928.json,1965,
13101320134379.json,1965,
34752836117535.json,1965,
04615076003263.json,1965,
41689240127548.json,1965,
36677100100347.json,1965,
19647336017289.json,1965,
34674396034227.json,1965,
56737596071286.json,1965,
12101240137364.json,1965,
13630996099485.json,1965,
37682960129056.json,1965,
39686270127191.json,1965,
44697656118673.json,1965,
36678436059414.json,1965,
19753090127100.json,1965,
19647336017909.json,1965,
37680236037881.json,1965,
15737426009310.json,1965,
01612000134536.json,1965,
43696256048177.json,1965,
15633216008957.json,1965,
11625960139550.json,1965,
19647330122747.json,1965,
43696744338406.json,1965,
56724705630363.json,1965,
37682056038657.json,1965,
30665226028658.json,1965,
36678766037048.json,1965,
43693936046668.json,1965,
07617546004170.json,1965,
57727106066252.json,1965,
43104390129213.json,1965,
37683386039960.json,1965,
27660920112896.json,1965,
19647330100289.json,1965,
10621666006126.json,1965,
19648816021505.json,1965,
37735510113498.json,1965,
19649806022552.json,1965,
27662256115182.json,1965,
36678763635844.json,1965,
36676523630373.json,1965,
07616550102376.json,1965,
30666706109904.json,1965,
19647331939859.json,1965,
33736766112874.json,1965,
41690624138053.json,1965,
19647330112060.json,1965,
19647330108894.json,1965,
43693850133439.json,1965,
10621666006258.json,1965,
43694356115851.json,1965,
01611760130138.json,1965,
34674390101881.json,1965,
10622656006803.json,1965,
43696906049167.json,1965,
39754996042840.json,1965,
01612590110247.json,1965,
12630576008247.json,1965,
36678196036412.json,1965,
56725126055172.json,1965,
30664566027569.json,1965,
43696746049035.json,1965,
19649076058523.json,1965,
19647336016836.json,1965,
30665226028526.json,1965,
41689166043772.json,1965,
45752674531901.json,1965,
16639176113609.json,1965,
30666706030399.json,1965,
01611270130450.json,1965,
17640556010672.json,1965,
45698564530192.json,1965,
15633626107619.json,1965,
38103893830445.json,1965,
58105870117242.json,1965,
30666706030233.json,1965,
54105460125542.json,1965,
48705400112664.json,1965,
35103550132308.json,1965,
20652430110965.json,1965,
34674390102038.json,1965,
33672156032734.json,1965,
24657892430049.json,1965,
36678013634169.json,1965,
28662666115240.json,1965,
19645766057731.json,1965,
10621666006464.json,1965,
27659870118687.json,1965,
21654822130078.json,1965,
36679340138123.json,1965,
36678270137174.json,1965,
09619786005714.json,1958,
39686760118752.json,1965,
19645920100354.json,1965,
37682136085054.json,1965,
50755645031950.json,1965,
37679916069082.json,1965,
30666476085641.json,1965,
11626536007553.json,1965,
19647330122655.json,1965,
13630736008270.json,1965,
37681976038574.json,1965,
30736506098529.json,1965,
07616486003602.json,1965,
27102720124297.json,1965,
37681060127241.json,1965,
33670906032247.json,1965,
34673306033146.json,1965,
37683046110720.json,1965,
04614240431502.json,1965,
37683386040117.json,1965,
30664986027999.json,1965,
19647330121079.json,1965,
33670336031884.json,1965,
19648730119446.json,1965,
19647336018717.json,1965,
56725616055529.json,1965,
19647336015762.json,1965,
50105046069546.json,1965,
10621660140806.json,1965,
30736503030285.json,1965,
19642796011290.json,1965,
19734370137984.json,1965,
19647330133603.json,1965,
38684786040877.json,1965,
07616636119838.json,1965,
43697086049373.json,1965,
41690210133645.json,1965,
30665976029326.json,1965,
15638420113167.json,1965,
19647330109207.json,1965,
37683386039366.json,1965,
10622656006878.json,1965,
30103060134841.json,1965,
56768286055602.json,1965,
19643376011894.json,1965,
31668450117150.json,1965,
42692296045579.json,1965,
43694196046742.json,1965,
14633056008809.json,1965,
19648576111546.json,1965,
37683126039051.json,1965,
34674473430691.json,1965,
01612420110478.json,1965,
34103480106245.json,1965,
37683386099055.json,1965,
15636776009823.json,1965,
36678763631082.json,1965,
37681300132548.json,1965,
30664726027692.json,1965,
20652436024004.json,1965,
43695186047401.json,1965,
43696256088306.json,1965,
19753096115679.json,1965,
36679180138875.json,1965,
36738586109193.json,1965,
33752426032866.json,1965,
13631150131243.json,1965,
23655816025167.json,1965,
19647256015572.json,1965,
47702016050678.json,1965,
33670330105809.json,1965,
30665226028674.json,1965,
19650521995976.json,1965,
19647740108381.json,1965,
13631076103535.json,1965,
19647336018279.json,1965,
19647330140004.json,1965,
52715556053540.json,1965,
10621660136150.json,1965,
36678196036255.json,1965,
09100900123521.json,1965,
15637926010078.json,1965,
20651850129015.json,1965,
31669106116099.json,1965,
17640301732304.json,1965,
19647330115048.json,1965,
19647336017925.json,1965,
37680236037907.json,1965,
30664646027601.json,1965,
49707226051767.json,1965,
57727100121749.json,1965,
24657486025506.json,1965,
09618530930081.json,1965,
19734370115725.json,1965,
28102802830073.json,1965,
19647336019038.json,1965,
31669510140541.json,1965,
12101240134163.json,1965,
19644441932201.json,1965,
33751923330917.json,1965,
38684786041362.json,1965,
07618040730051.json,1965,
39685930113357.json,1965,
37684110111831.json,1965,
19757136011084.json,1965,
19647330106849.json,1965,
33671736032437.json,1965,
36677106102933.json,1965,
36678766059513.json,1965,
34674476034896.json,1965,
10751270129163.json,1965,
07617966061170.json,1965,
43696746049019.json,1965,
19651026023584.json,1965,
34674390101907.json,1965,
09100900930123.json,1965,
19734376012322.json,1965,
50755565036850.json,1965,
19643376011969.json,1965,
36750513630696.json,1965,
30666216029805.json,1965,
50712906053094.json,1965,
23656156025274.json,1965,
40688096043269.json,1965,
19647336119531.json,1965,
19647330120097.json,1965,
50711006116388.json,1965,
15633620113951.json,1965,
43694196047104.json,1965,
34674136033641.json,1965,
10621666006274.json,1965,
10767786006613.json,1965,
37679916037568.json,1965,
37683383731551.json,1965,
54722566054613.json,1965,
30665226028336.json,1965,
37683380111864.json,1965,
37683386040091.json,1965,
36678196036347.json,1965,
42691796045371.json,1965,
44698074436754.json,1965,
35674886035059.json,1965,
57105790132464.json,1965,
19647336018691.json,1965,
39686760139865.json,1965,
01750930138164.json,1965,
57727100138180.json,1965,
19647336100069.json,1965,
56726525630272.json,1965,
37682966097216.json,1965,
48705736097950.json,1965,
20652436024053.json,1965,
43694274335204.json,1965,
37681976038558.json,1965,
19645191932680.json,1965,
37684116117154.json,1965,
19647330123984.json,1965,
54722316054522.json,1965,
35674700127688.json,1965,
41690056044556.json,1965,
33671160141994.json,1965,
33672156032718.json,1965,
30736356112577.json,1965,
37679910119255.json,1965,
19651026023592.json,1965,
10621581032150.json,1965,
56725616118061.json,1965,
33669930139360.json,1965,
33672153330024.json,1965,
54719936054159.json,1965,
31669106111967.json,1965,
36678766059505.json,1965,
34674470120469.json,1965,
33670903330412.json,1965,
19757136011092.json,1965,
19647336019350.json,1965,
38684786040836.json,1965,
19643296071385.json,1965,
30665976029367.json,1965,
41688666043442.json,1965,
43697086049332.json,1965,
30666706030209.json,1965,
42767866045819.json,1965,
54722566054605.json,1965,
34674393430519.json,1965,
31750856118533.json,1965,
04615310139329.json,1965,
15633210139808.json,1965,
19647336061527.json,1965,
10767786006605.json,1965,
43694196047112.json,1965,
19646346014450.json,1965,
01612910137588.json,1965,
05615646003404.json,1965,
19643291995893.json,1965,
36679186106587.json,1965,
37683876040455.json,1965,
28662662830115.json,1965,
50711006112627.json,1965,
37682216038806.json,1965,
37682966070841.json,1965,
20755800140665.json,1965,
37680986038228.json,1965,
34674473432317.json,1965,
50712906053128.json,1965,
31669280121418.json,1965,
49709204935292.json,1965,
33670583331113.json,1965,
30665973031853.json,1965,
30736506100317.json,1965,
23656152335024.json,1965,
39685696104020.json,1965,
19647256015499.json,1965,
42692296045611.json,1965,
19734456014237.json,1965,
29663326106157.json,1965,
19647330127894.json,1965,
37684113738226.json,1965,
01611766000764.json,1965,
05615646105431.json,1965,
13631641331115.json,1965,
16639586010482.json,1965,
19647330129536.json,1965,
21654586024756.json,1965,
31750853130218.json,1965,
19647336018238.json,1965,
38684786089775.json,1965,
19645686013841.json,1965,
36678196036214.json,1965,
13631310135657.json,1965,
43695756047799.json,1965,
54718376120232.json,1965,
24657892439602.json,1965,
33669930102749.json,1965,
41690056102941.json,1965,
37680986038947.json,1965,
33752426111033.json,1965,
15633216008890.json,1965,
19647330123992.json,1965,
15633626096986.json,1965,
57726946120745.json,1965,
19647336019079.json,1965,
36677106111173.json,1965,
09618530930214.json,1965,
19646346014542.json,1960,
38684786041289.json,1965,
19647336016158.json,1965,
49709040101923.json,1965,
19645016013155.json,1965,
19647331932540.json,1965,
56724545630173.json,1965,
50710766107932.json,1965,
19647256015358.json,1965,
19734451935246.json,1965,
49709536052260.json,1965,
19647336071435.json,1965,
19647330126417.json,1965,
19647096014971.json,1965,
37683386059588.json,1965,
50757395030283.json,1965,
19648166020762.json,1965,
19643376011928.json,1965,
37683383730751.json,1965,
01611276090161.json,1965,
30666703035821.json,1965,
44697990140335.json,1965,
44697994437794.json,1965,
37684520105882.json,1965,
01612590126748.json,1965,
05615646003453.json,1965,
31668296109029.json,1965,
49709204930244.json,1965,
38684780101352.json,1965,
34674133430550.json,1965,
30665226028377.json,1965,
36676456035489.json,1965,
36677106110670.json,1965,
40687004030102.json,1965,
33670586031983.json,1965,
19734456014260.json,1965,
39686270126755.json,1965,
19649986068860.json,1965,
19647330135954.json,1965,
19647336019491.json,1965,
37680490127118.json,1965,
37679916037600.json,1965,
56726036084917.json,1965,
20652436024012.json,1965,
01611926001135.json,1965,
30664726027684.json,1965,
37680236070825.json,1965,
36676786061840.json,1965,
10739990123596.json,1965,
10739651030386.json,1965,
01611766056915.json,1965,
36678436111132.json,1965,
36677020135293.json,1965,
33751926112551.json,1965,
19647336017933.json,1965,
37680986093215.json,1965,
58105876069249.json,1965,
37681976098446.json,1965,
15635786090591.json,1965,
28662666026785.json,1965,
43693690107748.json,1965,
01612596002182.json,1965,
36679590101816.json,1965,
19647330139832.json,1965,
17640556105456.json,1965,
34765056033419.json,1965,
37103710138792.json,1965,
19647336120471.json,1965,
44698234432340.json,1965,
44104474430146.json,1965,
10624141036094.json,1965,
22655322235356.json,1965,
05615806088975.json,1965,
19647256015135.json,1965,
07617966114094.json,1965,
30665066113617.json,1936,
42692116045553.json,1965,
50711676110068.json,1965,
30103060137000.json,1965,
19646836014815.json,1965,
36678760109488.json,1965,
37682216038780.json,1965,
19650376022818.json,1965,
36676946035760.json,1965,
20652430109694.json,1965,
30664236027247.json,1965,
19647330117598.json,1965,
19647336016620.json,1965,
34674476034706.json,1965,
19647330129833.json,1965,
34752830111138.json,1965,
17640486010656.json,1965,
43694684333316.json,1962,
19647330128371.json,1965,
15633216114284.json,1965,
19642461996644.json,1965,
19645686013817.json,1926,
19646341934231.json,1965,
54755236054274.json,1965,
01612346001499.json,1965,
21654256024616.json,1965,
45699550121640.json,1965,
37682963735867.json,1965,
41689996044325.json,1965,
19647336017461.json,1965,
07618046005086.json,1965,
48705406051239.json,1952,
19647330141481.json,1965,
19647336019756.json,1965,
19647330128058.json,1965,
30736506106850.json,1965,
19648656021315.json,1965,
19647336057855.json,1965,
19647330109355.json,1965,
19648816021752.json,1965,
19647586020101.json,1965,
22102232230100.json,1965,
07618046114326.json,1965,
19647336058309.json,1965,
54105466069439.json,1965,
19647336018147.json,1965,
07617966004899.json,1965,
27102726069512.json,1965,
07616300734244.json,1965,
39685853930344.json,1965,
23738662330041.json,1965,
56726526056121.json,1965,
45699896050280.json,1965,
57727106056519.json,1965,
34674476034839.json,1965,
38684783839081.json,1965,
34673306033203.json,1965,
37680236038020.json,1965,
37103711996545.json,1965,
43693690129924.json,1965,
47704586050926.json,1965,
42767866118202.json,1965,
39685776041966.json,1965,
21653670129148.json,1965,
17640301730142.json,1965,
37680230138073.json,1965,
49709126052179.json,1965,
13630990112318.json,1965,
54768366054043.json,1965,
36676786102974.json,1965,
37683386039721.json,1965,
19647746116685.json,1965,
26736682633006.json,1965,
36750516106330.json,1965,
19734376023741.json,1965,
33672153336237.json,1965,
31669510108514.json,1965,
33669776031579.json,1965,
19649646022529.json,1965,
49707146051742.json,1965,
23656150115055.json,1965,
37683383731395.json,1965,
43696666062111.json,1965,
56726036055818.json,1965,
47702436050710.json,1965,
43696746048920.json,1965,
39686760121541.json,1965,
37683386089015.json,1965,
48705736051288.json,1965,
15635030110767.json,1965,
37771640137356.json,1965,
19647336017123.json,1965,
15633626104632.json,1965,
19648730108779.json,1965,
33670336031850.json,1965,
36676946109185.json,1965,
34673306115638.json,1965,
19647336058077.json,1965,
39685850108209.json,1965,
43694500129205.json,1965,
19647251995935.json,1965,
54718605430244.json,1965,
43693696046312.json,1965,
55723895530019.json,1965,
19651106023733.json,1965,
40688096097349.json,1965,
19647330109181.json,1965,
31668520120105.json,1965,
19647336019582.json,1965,
50710435030200.json,1965,
33752420106096.json,1965,
15638261530245.json,1965,
30736506100879.json,1965,
19647330126441.json,1965,
34765056033336.json,1965,
07617966004964.json,1965,
31667796031017.json,1965,
30736436066898.json,1965,
19649076021968.json,1965,
39686766042600.json,1965,
15633626108187.json,1965,
56726036055727.json,1965,
08618206005425.json,1965,
19650946023527.json,1965,
15737421530054.json,1965,
41690136044614.json,1965,
34674396059281.json,1965,
01611760135244.json,1965,
48705400140210.json,1965,
36676523637659.json,1965,
35674700115428.json,1965,
07617960136903.json,1965,
19647336057947.json,1965,
15633626009948.json,1965,
38684786041230.json,1965,
40687594030268.json,1965,
19647336018956.json,1965,
37683380123778.json,1965,
49709126095459.json,1965,
48705400125310.json,1965,
39685696041925.json,1965,
01612590115584.json,1960,
19647336018055.json,1965,
42691206045959.json,1965,
04614320433201.json,1965,
40687590110486.json,1965,
34673146113179.json,1965,
30103060132613.json,1965,
33736760113753.json,1965,
23655656025126.json,1965,
37680986116776.json,1965,
47764554733309.json,1965,
19734456069710.json,1965,
24656982430080.json,1965,
20764142030237.json,1965,
43696664330080.json,1965,
19648320108027.json,1965,
19650376022859.json,1965,
19649646022495.json,1965,
19647330122382.json,1965,
37684113731155.json,1965,
30665976029409.json,1965,
19642876011449.json,1965,
19646916014898.json,1965,
19647336016661.json,1965,
19651106023725.json,1965,
43693696046304.json,1965,
10621666006449.json,1965,
43694196046981.json,1965,
50711755031380.json,1965,
36677026107569.json,1965,
30665300134221.json,1965,
33671166107197.json,1965,
33670330123828.json,1965,
40104054030250.json,1965,
21654256024657.json,1965,
57105790113787.json,1965,
48705814830147.json,1965,
01612590115204.json,1953,
19647336017420.json,1965,
01613096002547.json,1965,
35674706035034.json,1965,
10739656112023.json,1965,
09618386005466.json,1965,
54105460124057.json,1965,
38684786062053.json,1965,
15633216009146.json,1965,
01612590130633.json,1965,
08618206005433.json,1965,
19647330109314.json,1965,
37684110115873.json,1965,
01750930132704.json,1965,
12630320111203.json,1965,
21653596024335.json,1965,
54719026054027.json,1965,
04615316003339.json,1965,
01612596066450.json,1958,
01612596001994.json,1927,
45698806050082.json,1965,
19101990121905.json,1965,
07617966004972.json,1965,
48705400122093.json,1965,
30664640106765.json,1965,
37683876106140.json,1965,
30666706110175.json,1965,
38684780119958.json,1965,
01612590115592.json,1965,
51714645130125.json,1965,
15635606009682.json,1965,
39685696041933.json,1965,
36678766036859.json,1965,
19734451934801.json,1965,
33670330100974.json,1965,
50711676052641.json,1965,
30664230131417.json,1965,
19647330114199.json,1965,
30736356030159.json,1965,
15635291533330.json,1965,
36678766112767.json,1965,
19647330122101.json,1965,
19647330133710.json,1965,
43696416060065.json,1965,
30666216107767.json,1965,
19647336019202.json,1965,
04615150430140.json,1965,
19647336016323.json,1965,
37681303731536.json,1965,
56724626055081.json,1965,
33669776031538.json,1965,
33751760120204.json,1965,
07616480106583.json,1965,
33670330110759.json,1965,
10621586006043.json,1965,
19647336120489.json,1965,
36677106110688.json,1965,
19647336058036.json,1965,
56725536055990.json,1965,
33670906111280.json,1965,
30666216071112.json,1965,
19647250107458.json,1965,65000
19651361995802.json,1965,
45699716050215.json,1965,
10622656006746.json,1965,
19650456120513.json,1965,
34674473432838.json,1965,
33752420112094.json,1965,
37680236115646.json,1965,
39686766042568.json,1965,
19645681995497.json,1965,
12626871230044.json,1965,
19646000140582.json,1965,
36675956101786.json,1965,
19647336018501.json,1965,
30736506100838.json,1965,
44104474430278.json,1965,
48705406051106.json,1965,
19734376012231.json,1965,
11626531132109.json,1965,
55724135536750.json,1965,
50710435030168.json,1965,
33672150100545.json,1965,
19649076061634.json,1965,
04614246057137.json,1965,
37681630138156.json,1965,
40687006111058.json,1965,
19643370131573.json,1965,
07617546105357.json,1965,
42691956045421.json,1965,
30664646117642.json,1965,
38684786041271.json,1965,
19647336069157.json,1965,
56725206060339.json,1965,
45699140135624.json,1965,
54105465430061.json,1965,
36750776037337.json,1965,
34674396097083.json,1965,
19647330114967.json,1965,
19647330117648.json,1965,
07617886004527.json,1965,
34752830108860.json,1965,
12630326008163.json,1965,
40688096096325.json,1965,
19647336018444.json,1965,
49706236098248.json,1965,
30736506115786.json,1965,
19647336018014.json,1965,
36738900111096.json,1965,
49707976051833.json,1965,
20102070117184.json,1965,
45698564530804.json,1965,
36739573630233.json,1965,
30665226028419.json,1965,
10754081035575.json,1965,
50755646052898.json,1965,
07617546004063.json,1965,
19647330137513.json,1965,
41689990135608.json,1965,
35674706112320.json,1965,
29102980130823.json,1965,
33671996032510.json,1965,
19647336094726.json,1965,
49709120128074.json,1965,
27754732730885.json,1965,
54719935430194.json,1965,
37735516106512.json,1965,
37684526107577.json,1965,
19651106023709.json,1965,
49708960120980.json,1965,
37679916037683.json,1965,
27738252730125.json,1965,
19647330122341.json,1965,
29663570124834.json,1965,
51714645139001.json,1965,
37680236115778.json,1965,
30664726027742.json,1965,
37681970134155.json,1965,
19647331933852.json,1965,
38684786041123.json,1965,
19645686061303.json,1965,
33669856112080.json,1965,
33671990110577.json,1965,
19734376057590.json,1965,
01612590128413.json,1965,
43104390113704.json,1965,
19647331995836.json,1965,
31667616031009.json,1965,
24656982430106.json,1965,
33672153330859.json,1965,
36679186109219.json,1965,
37683616040380.json,1965,
41690050132068.json,1965,
43104396069371.json,1965,
30665976029219.json,1965,
30736356030175.json,1965,
19650940112706.json,1965,
19647336019384.json,1965,
23655656119184.json,1965,
15637506108781.json,1965,
19647330124503.json,1965,
42692606045736.json,1965,
40688096043244.json,1965,
31667876109680.json,1965,
30665483038445.json,1965,
19647336017230.json,1965,
34674396034334.json,1965,
19648810136945.json,1965,
16739326109888.json,1965,
01612596001812.json,1965,
33752006120554.json,1965,
40688096043301.json,1965,
50711676052682.json,1965,
30664643030756.json,1965,
19647330124016.json,1965,
19647330106864.json,1965,
32669693232006.json,1965,
33672310141598.json,1965,
19643296110035.json,1965,
19642796011340.json,1965,
37683386039259.json,1965,
39686766042790.json,1965,
07617546111504.json,1965,
30667466030761.json,1965,
19645016013247.json,1965,
28662906027031.json,1965,
09619116005581.json,1965,
50711755030010.json,1965,
45701364532750.json,1965,
33751760108241.json,1965,
37764710138776.json,1965,
30665306094643.json,1965,
37681976038467.json,1965,
15635291536325.json,1965,
09618380111724.json,1965,
39685856108856.json,1965,
19647331933043.json,1965,
07616480110494.json,1965,
43694014330239.json,1965,
36739573630589.json,1965,
50710766093504.json,1965,
49707060129981.json,1965,
37683386113211.json,1965,
07618126005185.json,1965,
50710766052518.json,1965,
33672156032627.json,1965,
44697996108138.json,1965,
37681303732336.json,1965,
19647336018741.json,1965,
36678196036297.json,1965,
37683386040141.json,1965,
15638591530351.json,1965,
19647336018311.json,1965,
14766870119081.json,1965,
58105875830047.json,1965,
30666476068621.json,1965,
37683386039432.json,1965,
30664236027338.json,1965,
48705406106405.json,1965,
19753416022156.json,1965,
34674476034383.json,1965,
37683386039598.json,1965,
10621661030675.json,1965,
34673146033013.json,1965,
56724626055107.json,1965,
27660276026108.json,1965,
19647330135715.json,1965,
41690704137279.json,1965,
19648326095442.json,1965,
50711750110593.json,1965,
30665226028435.json,1965,
34765050100487.json,1965,
30665143033362.json,1965,
37680986038244.json,1965,
43696666048714.json,1965,
19647336016026.json,1965,
54755316054001.json,1965,
32669693230083.json,1965,
19648811936806.json,1965,
19647331930403.json,1965,
50710430133827.json,1965,
56725460131698.json,1965,
24657556025563.json,1965,
56725536055396.json,1965,
44697816049621.json,1965,
19647330117721.json,1965,
37681223732179.json,1965,
16739326010565.json,1965,
27661346026496.json,1965,
30665226028823.json,1965,
19647336058333.json,1965,
19650606023287.json,1965,
07618126005243.json,1965,
33669776116339.json,1965,
34674476034946.json,1965,
37681976070833.json,1965,
33671166119721.json,1965,
19647330112870.json,1965,
31669516098610.json,1965,
30665223036555.json,1965,
19647336020051.json,1965,
54718376114078.json,1965,
41689996044309.json,1965,
19647330123141.json,1965,
43695910138750.json,1965,
54755236054258.json,1965,
30103060133983.json,1965,
37680986038194.json,1965,
44754326049944.json,1965,
31668943131687.json,1965,
07617546004188.json,1965,
57726786060396.json,1965,
31669106106108.json,1965,
42691206046031.json,1965,
34674396066690.json,1965,
34674476034680.json,1965,
15633216008940.json,1965,
19647330135996.json,1965,
34765050113878.json,1965,
34673146033005.json,1965,
38684780102103.json,1965,
34674396119440.json,1965,
19650376022834.json,1965,
19649076021786.json,1965,
30736506107502.json,1965,
43104390116814.json,1965,
37683386039424.json,1965,
31669443130010.json,1965,
19649806022545.json,1965,
01612006001283.json,1965,
34674396033799.json,1965,
19647256015119.json,1965,
37684526112221.json,1965,
07618126005193.json,1965,
07618046089130.json,1965,
19647256015549.json,1965,
34674473431111.json,1965,
07617620110684.json,1965,
15633210129171.json,1965,
56726036067292.json,1965,
15638591536440.json,1965,
48705736106363.json,1965,
19645016013197.json,1965,
54755235432786.json,1965,
19647330136986.json,1965,
42692606045777.json,1965,
30664646089452.json,1965,
19647336017271.json,1965,
33670336059026.json,1965,
09618530936302.json,1965,
37680236116396.json,1965,
44698234430096.json,1965,
36678766036834.json,1965,
15634040112185.json,1965,
20652436023980.json,1965,
30666706102826.json,1965,
39685026041834.json,1965,
01612596001853.json,1965,
30666476097000.json,1965,
10739996007371.json,1965,
20102076077200.json,1965,
19645191996123.json,1965,
43694274335907.json,1965,
19647336058325.json,1965,
30664316058895.json,1965,
19647330120014.json,1965,
30736506095137.json,1965,
42767866045926.json,1965,
16739326010573.json,1965,
37683386039648.json,1965,
33752006113625.json,1965,
20755802030161.json,1965,
43694356047146.json,1965,
10739650114751.json,1965,
34739730142042.json,1965,
13630736008288.json,1965,
30667466030720.json,1965,
19734376023782.json,1965,
30665976029433.json,1965,
01611270130294.json,1965,
19734370132969.json,1965,
16639666010508.json,1965,
47705086050967.json,1965,
38684786041420.json,1965,
43696740140483.json,1965,
10621666103840.json,1965,
39685850108225.json,1965,
40688096043194.json,1965,
09618530934554.json,1965,
19649316022198.json,1965,
15637506110431.json,1965,
01612426001606.json,1965,
19734526022222.json,1965,
48705814838058.json,1965,
43696746101752.json,1965,
01611766000749.json,1965,
49709204934154.json,1965,
01612596002117.json,1965,
34765056033526.json,1965,
19647336114912.json,1965,
19734526022388.json,1965,
12768026008148.json,1965,
43696666093082.json,1965,
19647336110951.json,1965,
19647336019111.json,1965,
30664236027379.json,1965,
10751276006977.json,1965,
19647330109512.json,1965,
41690620139915.json,1965,
37683383731213.json,1965,
40688416112155.json,1965,
56725460115105.json,1965,
34103480106229.json,1965,
30666210102814.json,1965,
19647336019541.json,1965,
19647330126482.json,1965,
19647256015267.json,1965,
50710430109074.json,1965,
01612590112797.json,1944,
42691206045975.json,1965,
34673306033278.json,1965,
19757136011050.json,1965,
39685696041909.json,1965,
33751763330487.json,1965,
19647330122838.json,1965,
43696666048755.json,1965,
39754996042857.json,1965,
19647336016067.json,1965,
19647336019392.json,1965,
01613090130849.json,1965,
45699894531000.json,1965,
33671246032338.json,1965,
19643296011803.json,1965,
34674396059307.json,1965,
01751016117600.json,1965,
19648816021729.json,1965,
50713246053201.json,1965,
49709200140855.json,1965,
19646346014492.json,1925,
30665066028062.json,1953,
19647330106872.json,1965,
42772060138370.json,1965,
36677106035919.json,1965,
44698070110007.json,1965,
41690216044747.json,1965,
30664646114516.json,1965,
10621666112882.json,1965,
19647336020010.json,1965,
09100900136036.json,1965,
49708546051965.json,1965,
23656072330033.json,1965,
01316170131763.json,1860,
33672156059133.json,1965,
04614246116610.json,1965,
19647336016505.json,1965,
30665226028815.json,1965,
07616486108989.json,1965,
43694274330676.json,1965,
19648320100636.json,1965,
34739730108621.json,1965,
24657556025555.json,1965,
21654176024509.json,1965,
19646676014674.json,1965,
30666706030316.json,1965,
37764710119271.json,1965,
34674390101048.json,1965,
30664646118954.json,1965,
43733876047641.json,1965,
19647336015796.json,1965,
37684520114637.json,1965,
19757136011027.json,1965,
43696666048722.json,1965,
37683046039036.json,1965,
43694196046759.json,1965,
19647330135723.json,1965,
19643371931187.json,1965,
12628516007918.json,1965,
49707146119655.json,1965,
07617966004600.json,1965,
37681303731486.json,1965,
49709204930160.json,1965,
15635291536606.json,1965,
34673480107946.json,1965,
19647336015846.json,1965,
07617966005011.json,1965,
37683463731007.json,1965,
19643946012165.json,1965,
19644696012934.json,1965,
19734456014328.json,1965,
48705326120240.json,1965,
37683386039812.json,1965,
56726526056204.json,1965,
37680236095038.json,1965,
48104880139030.json,1931,
41689656044176.json,1965,
30664986027916.json,1965,
20652430139691.json,1965,
19647336016786.json,1965,
10621666101109.json,1965,
16639580136556.json,1965,
19647336015903.json,1965,
17640146107791.json,1965,
24657892433605.json,1965,
07617540731646.json,1965,
19646346014518.json,1965,
49706496051635.json,1965,
36103630107466.json,1965,
19650296022768.json,1965,
37684116070890.json,1965,
19643036011647.json,1965,
36678506111744.json,1965,
29102980114330.json,1965,
37684116062004.json,1965,
01611190132142.json,1965,
47704256050884.json,1965,
36676780120329.json,1965,
38684786102479.json,1965,
03739816002877.json,1965,
19647331931336.json,1965,
36677106035893.json,1965,
37679910140558.json,1965,
19647906020499.json,1912,
43695836100325.json,1965,
56105610109900.json,1965,
19647336017206.json,1965,
41690216044788.json,1965,
39686760108159.json,1965,
37679836037550.json,1965,
37681896038384.json,1965,
40688256043319.json,1965,
07617620129064.json,1965,
36678506036610.json,1965,
33669856031637.json,1965,
19642796011233.json,1965,
10621580120246.json,1965,
40687596043111.json,1965,
20764142030104.json,1965,
10738096005995.json,1965,
13631151333004.json,1965,
37682966117469.json,1965,
37684116114276.json,1965,
36677360139576.json,1965,
01612596072235.json,1965,
56726525630793.json,1965,
15633626113401.json,1965,
15633216109052.json,1965,
38684786041115.json,1965,
34673140114702.json,1965,
44697990102665.json,1965,
10739651030626.json,1965,
56725536055461.json,1965,
38684786041545.json,1965,
15635030116715.json,1965,
37683380107102.json,1965,
36678503630530.json,1965,
41690396045017.json,1965,
16639176010409.json,1965,
50755725030259.json,1965,
39686500108035.json,1965,
37764710114678.json,1965,
42691120124255.json,1965,
16638916010367.json,1965,
34673146116818.json,1965,
14632976008791.json,1965,
34674390108951.json,1965,
09618796005508.json,1965,
31669510106443.json,1965,
15637686010037.json,1965,
36677776036032.json,1965,
34765050101832.json,1965,
19734526022347.json,1965,
34765056033443.json,1965,
07617546004055.json,1965,
36677106035885.json,1965,
50711676052708.json,1965,
01611276116222.json,1965,
56726526116040.json,1965,
54719936054142.json,1965,
41104134130076.json,1965,
36679340125419.json,1965,
15637506120398.json,1965,
39686763932654.json,1965,
36675956104475.json,1965,
37684116062012.json,1965,
30665066028054.json,1951,
15634046009344.json,1965,
30666966030456.json,1965,
30103063030426.json,1965,
33670580108464.json,1965,
56725386055321.json,1965,
01611196090120.json,1965,
41688666043459.json,1965,
33671736106207.json,1965,
18641960135756.json,1965,
49709126116958.json,1965,
49738820128330.json,1965,
34673303430667.json,1965,
36678430123851.json,1965,
37683380114041.json,1965,
19734376013494.json,1965,
30666706030357.json,1965,
19644366012546.json,1965,
30664313032786.json,1965,
38684786040968.json,1965,
37735690136267.json,1965,
37681896038392.json,1965,
37680980107870.json,1965,
34673300140699.json,1965,
37682966109318.json,1965,
27660920124602.json,1965,
43696666048763.json,1965,
01100170138867.json,1965,
43694196046718.json,1965,
30667466030829.json,1965,
10739990141036.json,1965,
42767860120402.json,1965,
19647336017990.json,1965,
19647251995539.json,1965,
33751766071203.json,1965,
44697990102673.json,1965,
15634466009450.json,1965,
19651361996263.json,1965,
50712826098297.json,1965,
39686760100206.json,1965,
31669280116459.json,1965,
48705736051338.json,1965,
07617136003768.json,1965,
33672156032650.json,1965,
32103226117360.json,1965,
31668376031116.json,1965,
50755720117770.json,1965,
19734526022214.json,1965,
19647336060511.json,1965,
19734456014369.json,1965,
37683386039853.json,1965,
36677776036024.json,1965,
33752000100420.json,1965,
51105126069454.json,1965,
19647336017586.json,1965,
30664646120356.json,1965,
37737910116467.json,1965,
33670586109797.json,1965,
01611506097653.json,1965,
01612596001648.json,1935,
09737830930099.json,1965,
30665143037090.json,1965,
37683386039150.json,1965,
01612590130146.json,1958,
37679916037709.json,1965,
37684526108708.json,1965,
19651106023683.json,1965,
37681303737905.json,1965,
58727366056659.json,1965,
19647336061584.json,1965,
19646346014559.json,1965,
19648406020838.json,1965,
19647330141531.json,1965,
19647336016513.json,1965,
19647330120022.json,1965,
48705730141150.json,1965,
37684116059745.json,1965,
33672156059125.json,1965,
36679596110357.json,1965,
53750286053730.json,1965,
14766871430057.json,1965,
30666476089478.json,1965,
07617960732941.json,1965,
19647331931377.json,1965,
30664646106819.json,1965,
19734376012397.json,1965,
30103060126037.json,1965,
43696746049043.json,1965,
49708546051973.json,1965,
49709536052294.json,1965,
37684520126300.json,1965,
36678506036651.json,1965,
41690396044978.json,1965,
30736506089437.json,1965,
07618040102566.json,1965,
37682130136978.json,1965,
40687916043186.json,1965,
30665066028146.json,1958,
19101990137166.json,1965,
56739406115430.json,1965,
19648576105621.json,1965,
19757131937697.json,1965,
34674134835302.json,1965,
49738826099246.json,1965,
19643946012173.json,1965,
41690396112650.json,1965,
37756146093272.json,1965,
15633216008999.json,1965,
15638006010144.json,1965,
19645016013288.json,1965,
37684520124917.json,1965,
01612000133397.json,1965,
19648656116172.json,1965,
37683386106199.json,1965,
23655652330355.json,1965,
43697086049407.json,1965,
33671246108716.json,1965,
37681893731072.json,1965,
30664986094635.json,1965,
53750285337407.json,1965,
42691206046007.json,1965,
33672156032742.json,1965,
07618046005136.json,1965,
19734456014294.json,1965,
52714726053466.json,1965,
15634121531656.json,1965,
30665226028229.json,1965,
56726526056212.json,1965,
39685696105738.json,1965,
43694350102616.json,1965,
19647250135525.json,1965,
37683386039804.json,1965,
39685856120059.json,1965,
19647330126375.json,1965,
43733876047591.json,1965,
19644446012694.json,1965,
19101990134361.json,1965,
19647336018063.json,1965,
15635606009708.json,1965,
19647330111211.json,1965,
33670906032163.json,1965,
19647336017396.json,1965,
34674396034292.json,1965,
07618040132902.json,1965,
15635780135186.json,1965,
19647330126532.json,1965,
19647330111641.json,1965,
30736436030688.json,1965,
41690396044903.json,1965,
33671246032288.json,1965,
41690056115026.json,1965,
37735513731163.json,1965,
38684786041206.json,1965,
01611686090492.json,1965,
34674130107383.json,1965,
41688666043475.json,1965,
15739080133504.json,1965,
56724540124750.json,1965,
27660926026355.json,1965,
41690396044846.json,1965,
19647256057848.json,1965,
33316253330834.json,1965,
56739405630371.json,1965,
40687006107544.json,1965,
07616480730259.json,1965,
15633216111264.json,1965,
07618120131714.json,1965,
33669930116947.json,1965,
30666216029961.json,1965,
19648811931674.json,1965,
19734526022404.json,1965,
47736846114607.json,1965,
19647336018576.json,1965,
50711676052724.json,1965,
33752006112429.json,1965,
38684786113252.json,1965,
36677103630019.json,1965,
19647330112201.json,1965,
52716216114250.json,1965,
58727366056675.json,1965,
54722076054423.json,1965,
37679916037725.json,1965,
16639176010433.json,1965,
41689166043905.json,1965,
19648736021471.json,1965,
30103063030723.json,1965,
01612596057004.json,1951,
19647330107003.json,1965,
13631236008494.json,1965,
39685850102632.json,1965,
36677776036008.json,1965,
19645271932706.json,1965,
30665226028252.json,1965,
36677020117382.json,1965,
39685930108613.json,1965,
01751010141432.json,1965,
31669100116624.json,1965,
37683466061998.json,1965,
41690396044796.json,1965,
19647256057798.json,1965,
36676110112672.json,1965,
43104394330320.json,1965,
51713996053268.json,1965,
01612590136051.json,1913,
19647336017115.json,1965,
41690624136693.json,1965,
19644696012959.json,1965,
30665896029128.json,1965,
34765050108795.json,1965,
34674396034011.json,1965,
37683386089023.json,1965,
37680230141218.json,1965,
19647336017545.json,1965,
37771070136473.json,1965,
49709614930350.json,1965,
44772480138909.json,1965,
54722560101857.json,1965,
19647746020267.json,1965,
41690056044598.json,1965,
10754086007090.json,1965,
36676786101513.json,1965,
10101080109991.json,1965,
50105045030069.json,1965,
19648166105407.json,1965,
07616480730465.json,1965,
18641966109748.json,1965,
37764710137067.json,1965,
37684113731460.json,1965,
41690056044432.json,1965,
56725536120117.json,1965,
50710436052468.json,1965,
36675870107425.json,1965,
19753410116285.json,1965,
33752000117408.json,1965,
19647330122176.json,1965,
35103553530037.json,1965,
30736500140988.json,1965,
19642461995398.json,1965,
07617966004840.json,1965,
01100170136101.json,1965,
39685853930237.json,1965,
37684116059786.json,1965,
30736356085336.json,1965,
30667466030852.json,1965,
58727516056840.json,1965,
47705086067136.json,1965,
01612596002273.json,1965,
19647331939784.json,1965,
36677100113423.json,1965,
37680806038145.json,1965,
36750696037246.json,1965,
50711676052773.json,1965,
07617546004311.json,1965,
19646836093025.json,1965,
01611926090583.json,1965,
57727106056485.json,1965,
19647330109363.json,1965,
19647336061402.json,1965,
36678760128926.json,1965,
41689326044044.json,1965,
01611190122085.json,1965,
54722566054720.json,1965,
19648656021323.json,1965,
58727365830138.json,1965,
19647330133272.json,1965,
19646346014575.json,1954,
43696740133363.json,1965,
50757396053185.json,1965,
31669516108351.json,1965,
30666470109678.json,1965,
39685850111419.json,1965,
12628286007884.json,1965,
36678506061899.json,1965,
19647256015416.json,1965,
37683386059679.json,1965,
33671246108690.json,1965,
07617880125435.json,1965,
49753586052351.json,1965,
19647176015093.json,1965,
34674476034730.json,1965,
19647331931971.json,1965,
27660926026181.json,1965,
50710686052500.json,1965,
56737596055941.json,1965,
40688416118145.json,1965,
19647336061394.json,1965,
19646836014823.json,1965,
39685936112197.json,1965,
33671736107601.json,1965,
43694684332474.json,1965,
37682966093223.json,1965,
40104056106769.json,1965,
07616480141028.json,1965,
01612346001440.json,1965,
07616480117218.json,1965,
24102492430163.json,1965,
36750510115089.json,1965,
43694196046775.json,1965,
20764146113914.json,1965,
19647336018022.json,1965,
19650601938083.json,1965,
43694190108126.json,1965,
19647336018188.json,1965,
19101990140962.json,1965,
04614240141069.json,1965,
04614246111116.json,1965,
19647330126573.json,1965,
33672496059166.json,1965,
27660926118962.json,1965,
41688826043566.json,1965,
33671240105940.json,1965,
19647336066294.json,1965,
36675870107433.json,1965,
36738906035406.json,1965,
07616550108019.json,1965,
15633216009062.json,1965,
21654176024525.json,1965,
50757396053193.json,1965,
36678276036453.json,1965,
16639176118459.json,1965,
41688666043434.json,1965,
33751760122960.json,1965,
27660926026314.json,1965,
56726036055750.json,1965,
10623806007074.json,1965,
30665066028039.json,1954,
37683386096051.json,1965,
19647336119044.json,1965,
56725200139626.json,1965,
41690624133716.json,1965,
30666216029920.json,1965,
33670820107359.json,1965,
48705816051502.json,1965,
19645926014021.json,1965,
43733876047682.json,1965,
19647336017768.json,1965,
30664313033115.json,1965,
50711676052765.json,1965,
36750776110605.json,1965,
13101321330117.json,1965,
15634040106575.json,1965,
41690624130993.json,1965,
19647336058283.json,1965,
58727366056634.json,1965,
36738583630076.json,1965,
01611926001051.json,1965,
47703186050769.json,1965,
54722310141713.json,1965,
54753256054084.json,1965,
10621660129338.json,1965,
19647176015085.json,1965,
17640306010649.json,1965,
01611506090401.json,1965,
19648736021430.json,1965,
45699716050223.json,1965,
30666476030100.json,1965,
15633136008833.json,1965,
41689406044085.json,1965,
36678436036552.json,1965,
33672493331006.json,1965,
43696666095418.json,1965,
33671243333770.json,1965,
33670336031827.json,1965,
29663246027098.json,1965,
15739086106306.json,1965,
30736356112452.json,1965,
45752670113407.json,1965,
30665896029169.json,1965,
37680230105957.json,1965,
27754400111088.json,1965,
43696416048201.json,1965,
48705404830451.json,1947,
19753336020325.json,1965,
57726940131706.json,1965,
45699550111393.json,1965,
19647336016745.json,1965,
19647336016315.json,1965,
01750936001390.json,1965,
05615806115000.json,1965,
07616480100461.json,1965,
30664236027288.json,1965,
41690056044473.json,1965,
43693776095350.json,1965,
19649986022701.json,1965,
12628286116289.json,1965,
19753090136531.json,1965,
10621660121533.json,1965,
07616556003651.json,1965,
21654746024889.json,1965,
13630996008361.json,1965,
19643520118521.json,1965,
48705656068290.json,1965,
11626611132851.json,1965,
19647330126524.json,1965,
34674396034284.json,1965,
45699710135848.json,1965,
19647331932920.json,1965,
19647336016968.json,1965,
30664646095095.json,1965,
01612426118525.json,1965,
13631491335306.json,1965,
37679916106025.json,1965,
19647336071443.json,1965,
34674470112169.json,1958,
34739736107734.json,1965,
12630401237007.json,1965,
19734526022412.json,1965,
49708626060230.json,1965,
39754996106488.json,1965,
15633626099428.json,1965,
19647330100800.json,1965,
34674396107239.json,1965,
48705810137380.json,1965,
19647330109322.json,1965,
34674476034458.json,1965,
36738903630274.json,1965,
43104390120642.json,1965,
19644366012439.json,1965,
12630406008213.json,1965,
19646346014534.json,1965,
49738826097059.json,1965,
33752420117424.json,1965,
19647336057988.json,1965,
33669930140632.json,1965,
44698496066542.json,1965,
48705816107684.json,1965,
15634046111355.json,1965,
33736766031702.json,1965,
19647256015457.json,1965,
25735852530020.json,1965,
37683386059638.json,1965,
37682966038988.json,1965,
24102496069199.json,1965,
19646346098768.json,1965,
36678766036750.json,1965,
10621661030287.json,1965,
37680986110381.json,1965,
41689166043913.json,1965,
12753826107874.json,1965,
37679916037733.json,1965,
16639176010425.json,1965,
49707636051809.json,1965,
34674476034771.json,1965,
19647336015978.json,1965,
19647331931930.json,1965,
07617960730291.json,1965,
38684786041586.json,1965,
41690056044424.json,1965,
39685770118307.json,1965,
43694274330031.json,1965,
15101571530492.json,1965,
36678506059448.json,1965,
30664646111827.json,1965,
37754160139378.json,1965,
34673146112031.json,1965,
19647336017800.json,1965,
07617210107797.json,1965,
19647331931526.json,1965,
38684780101774.json,1965,
34673143430477.json,1965,
36678196036370.json,1965,
01100170123968.json,1965,
50710926052542.json,1965,
