cds_code,pdf,json
01100170109835,DNE,DNE
01100170112607,E,E
01100170118489,DNE,DNE
01100170123968,DNE,E
01100170124172,DNE,E
01100170125567,DNE,E
01100170129403,DNE,DNE
01100170130302,DNE,DNE
01100170130401,DNE,E
01100170130419,DNE,E
01100170130427,DNE,DNE
01100170130625,DNE,E
01100170131276,DNE,DNE
01100170131581,DNE,E
01100170131912,DNE,DNE
01100170136101,DNE,E
01100170136226,DNE,E
01100170136853,DNE,DNE
01100170137448,DNE,E
01100170138412,DNE,DNE
01100170138644,DNE,DNE
01100170138867,DNE,E
01100176001788,DNE,E
01100176002000,DNE,E
01100176002729,DNE,DNE
01100176002737,DNE,DNE
01100176002745,DNE,DNE
01100176002752,DNE,DNE
01100176002760,DNE,DNE
01100176066526,DNE,DNE
01100176066534,DNE,DNE
01100176072276,DNE,DNE
01100176089379,DNE,DNE
01100176095897,DNE,DNE
01100176096531,DNE,DNE
01100176097539,DNE,DNE
01100176097562,DNE,DNE
01100176098586,DNE,DNE
01100176098628,DNE,DNE
01100176098636,DNE,DNE
01100176106751,DNE,DNE
01100176114896,DNE,DNE
01316090000000,DNE,DNE
01316090131755,DNE,E
01316170000000,DNE,DNE
01316170131763,DNE,E
01404027200009,DNE,DNE
01611190000000,DNE,DNE
01611190100818,DNE,DNE
01611190106401,DNE,E
01611190111765,DNE,E
01611190119222,DNE,E
01611190122085,DNE,E
01611190126656,DNE,DNE
01611190128199,DNE,DNE
01611190130120,DNE,DNE
01611190130229,DNE,E
01611190130476,DNE,DNE
01611190130609,DNE,E
01611190131805,DNE,DNE
01611190132142,DNE,E
01611190132878,DNE,DNE
01611190134304,DNE,E
01611190138214,DNE,DNE
01611190139220,DNE,E
01611190147058,DNE,DNE
01611196000004,DNE,DNE
01611196090005,DNE,DNE
01611196090013,DNE,E
01611196090021,DNE,E
01611196090039,DNE,E
01611196090047,DNE,E
01611196090054,DNE,E
01611196090062,DNE,DNE
01611196090070,DNE,DNE
01611196090088,DNE,DNE
01611196090096,DNE,DNE
01611196090104,DNE,DNE
01611196090112,DNE,E
01611196090120,DNE,E
01611196090138,DNE,DNE
01611196100374,DNE,E
01611196103451,DNE,DNE
01611196110779,DNE,E
01611270000000,DNE,DNE
01611270126631,DNE,DNE
01611270130211,DNE,DNE
01611270130294,E,E
01611270130351,DNE,DNE
01611270130450,E,E
01611270147066,DNE,DNE
01611276085583,DNE,DNE
01611276090146,E,E
01611276090153,DNE,DNE
01611276090161,E,E
01611276090179,DNE,DNE
01611276095376,E,E
01611276116222,E,E
01611350000000,DNE,DNE
01611350130013,DNE,DNE
01611350130021,DNE,DNE
01611350130096,DNE,DNE
01611350130252,DNE,DNE
01611350130310,DNE,DNE
01611350130583,DNE,DNE
01611350132704,DNE,DNE
01611350138453,DNE,DNE
01611430000000,DNE,DNE
01611430122689,DNE,DNE
01611430122697,DNE,DNE
01611430122804,DNE,DNE
01611430131078,DNE,DNE
01611430131177,DNE,E
01611430131219,DNE,DNE
01611430134924,DNE,E
01611430138552,DNE,DNE
01611430141655,DNE,DNE
01611430147074,DNE,DNE
01611430147082,DNE,DNE
01611430164558,DNE,DNE
01611436056857,DNE,E
01611436056865,DNE,E
01611436068142,DNE,DNE
01611436069603,DNE,DNE
01611436069611,DNE,DNE
01611436090187,DNE,E
01611436090195,DNE,E
01611436090203,DNE,DNE
01611436090211,DNE,E
01611436090229,DNE,DNE
01611436090237,DNE,DNE
01611436090245,DNE,DNE
01611436090252,DNE,E
01611436090260,DNE,DNE
01611436090278,DNE,E
01611436090286,DNE,E
01611436090294,DNE,E
01611436090302,DNE,E
01611436090310,DNE,E
01611436090328,DNE,E
01611436090336,DNE,DNE
01611436096077,DNE,DNE
01611436097729,DNE,E
01611436101042,DNE,DNE
01611436105316,DNE,E
01611439007139,DNE,DNE
01611439011354,DNE,DNE
01611439011362,DNE,DNE
01611500000000,DNE,DNE
01611500102194,DNE,DNE
01611500118216,DNE,DNE
01611500130039,DNE,DNE
01611500130047,DNE,E
01611500130195,DNE,DNE
01611500132209,DNE,DNE
01611500132225,DNE,E
01611500133876,DNE,E
01611500135533,DNE,E
01611506090344,DNE,DNE
01611506090351,DNE,E
01611506090369,DNE,E
01611506090377,DNE,DNE
01611506090385,DNE,E
01611506090393,DNE,E
01611506090401,DNE,E
01611506090419,DNE,E
01611506090427,DNE,DNE
01611506090435,DNE,E
01611506090443,DNE,DNE
01611506090450,DNE,DNE
01611506090468,DNE,E
01611506090476,DNE,DNE
01611506090484,DNE,E
01611506097653,DNE,E
01611506113005,DNE,E
01611680000000,DNE,DNE
01611680119933,DNE,DNE
01611680132746,DNE,E
01611680138198,DNE,DNE
01611686000517,DNE,DNE
01611686090492,DNE,E
01611686113450,DNE,DNE
01611760000000,DNE,DNE
01611760127233,DNE,E
01611760128298,DNE,DNE
01611760130062,DNE,E
01611760130138,DNE,E
01611760130435,DNE,E
01611760130534,DNE,DNE
01611760133108,DNE,DNE
01611760134270,DNE,E
01611760134452,DNE,E
01611760135244,DNE,E
01611760138693,DNE,E
01611760138818,DNE,DNE
01611760138982,DNE,E
01611760138990,DNE,DNE
01611760147090,DNE,DNE
01611760147108,DNE,DNE
01611760147116,DNE,DNE
01611760147124,DNE,DNE
01611766000533,DNE,DNE
01611766000541,DNE,E
01611766000558,DNE,E
01611766000566,DNE,E
01611766000574,DNE,DNE
01611766000582,DNE,DNE
01611766000590,DNE,E
01611766000608,DNE,DNE
01611766000624,DNE,E
01611766000632,DNE,DNE
01611766000640,DNE,E
01611766000665,DNE,E
01611766000673,DNE,E
01611766000681,DNE,E
01611766000707,DNE,DNE
01611766000715,DNE,E
01611766000723,DNE,E
01611766000749,DNE,E
01611766000756,DNE,E
01611766000764,DNE,E
01611766000780,DNE,DNE
01611766000798,DNE,E
01611766000806,DNE,E
01611766000822,DNE,DNE
01611766000830,DNE,E
01611766000848,DNE,E
01611766056873,DNE,E
01611766056881,DNE,E
01611766056899,DNE,DNE
01611766056907,DNE,E
01611766056915,DNE,E
01611766056923,DNE,E
01611766066468,DNE,E
01611766068746,DNE,DNE
01611766085591,DNE,DNE
01611766089320,DNE,E
01611766089619,DNE,E
01611766090500,DNE,DNE
01611766090518,DNE,DNE
01611766090526,DNE,E
01611766090534,DNE,E
01611766090542,DNE,E
01611766090559,DNE,E
01611766104723,DNE,E
01611766106983,DNE,E
01611766111330,DNE,E
01611766113872,DNE,DNE
01611766118897,DNE,DNE
01611920000000,DNE,DNE
01611920108670,DNE,E
01611920111815,DNE,E
01611920113902,DNE,DNE
01611920119248,DNE,DNE
01611920119842,DNE,DNE
01611920127696,DNE,E
01611920127944,E,E
01611920130443,DNE,DNE
01611920131334,DNE,DNE
01611920133009,DNE,E
01611920133520,DNE,DNE
01611920133629,DNE,E
01611920135228,DNE,DNE
01611920135319,DNE,E
01611920137646,E,E
01611920138206,DNE,DNE
01611920138339,DNE,E
01611920147132,DNE,DNE
01611920147140,DNE,DNE
01611920147157,DNE,DNE
01611920147165,DNE,DNE
01611920147173,DNE,DNE
01611920147181,DNE,DNE
01611920147199,DNE,DNE
01611920147207,DNE,DNE
01611920147215,DNE,DNE
01611920147223,DNE,DNE
01611926000863,DNE,DNE
01611926000871,DNE,DNE
01611926000889,DNE,DNE
01611926000905,DNE,E
01611926000913,DNE,E
01611926000921,DNE,E
01611926000947,DNE,E
01611926000954,DNE,DNE
01611926000962,DNE,E
01611926000970,DNE,DNE
01611926000988,DNE,E
01611926000996,DNE,E
01611926001002,DNE,DNE
01611926001010,DNE,DNE
01611926001028,DNE,DNE
01611926001036,DNE,DNE
01611926001044,DNE,E
01611926001051,DNE,E
01611926001069,DNE,DNE
01611926001077,DNE,DNE
01611926001085,DNE,DNE
01611926001093,DNE,E
01611926001101,DNE,E
01611926001119,DNE,DNE
01611926001127,DNE,E
01611926001135,DNE,E
01611926001143,DNE,DNE
01611926001150,DNE,DNE
01611926001168,DNE,DNE
01611926001176,DNE,E
01611926001184,DNE,DNE
01611926001192,DNE,E
01611926001200,DNE,DNE
01611926056931,DNE,E
01611926056949,DNE,E
01611926056956,DNE,E
01611926056964,DNE,DNE
01611926056972,DNE,E
01611926062160,DNE,DNE
01611926066476,DNE,E
01611926068738,DNE,DNE
01611926089528,DNE,DNE
01611926089536,DNE,DNE
01611926090567,DNE,DNE
01611926090575,DNE,DNE
01611926090583,DNE,E
01611926095863,DNE,DNE
01611926103998,DNE,DNE
01611926104566,DNE,E
01611926113815,DNE,E
01612000000000,DNE,DNE
01612000107839,DNE,DNE
01612000120931,DNE,DNE
01612000123554,DNE,DNE
01612000130393,DNE,E
01612000130492,DNE,DNE
01612000132670,DNE,E
01612000133397,DNE,E
01612000134536,DNE,E
01612000135376,DNE,E
01612000138826,DNE,DNE
01612000147231,DNE,DNE
01612000147249,DNE,DNE
01612000164624,DNE,DNE
01612006001218,DNE,DNE
01612006001226,DNE,DNE
01612006001234,DNE,E
01612006001242,DNE,E
01612006001259,DNE,E
01612006001267,DNE,DNE
01612006001275,DNE,DNE
01612006001283,DNE,E
01612006001291,DNE,E
01612006001309,DNE,DNE
01612006001317,DNE,E
01612006001325,DNE,DNE
01612006001333,DNE,DNE
01612006001341,DNE,E
01612006071666,DNE,DNE
01612006071674,DNE,DNE
01612006071906,DNE,E
01612006085773,DNE,E
01612006089338,DNE,E
01612006097661,DNE,E
01612006110332,DNE,E
01612006117543,DNE,E
01612180000000,DNE,DNE
01612186001358,DNE,E
01612260000000,DNE,DNE
01612266001366,DNE,DNE
01612266001374,DNE,DNE
01612266001382,DNE,DNE
01612266001390,DNE,DNE
01612266001408,DNE,DNE
01612266001416,DNE,DNE
01612266001424,DNE,DNE
01612266001432,DNE,DNE
01612266066484,DNE,DNE
01612340000000,DNE,DNE
01612340116301,DNE,DNE
01612340130054,DNE,E
01612340130484,DNE,E
01612340130682,DNE,DNE
01612340135418,DNE,DNE
01612340135426,DNE,E
01612340135442,DNE,DNE
01612346001440,DNE,E
01612346001457,DNE,DNE
01612346001465,DNE,DNE
01612346001473,DNE,DNE
01612346001481,DNE,E
01612346001499,DNE,E
01612346001507,DNE,E
01612346001515,DNE,DNE
01612346001523,DNE,E
01612346001531,DNE,E
01612346001549,DNE,DNE
01612346001556,DNE,DNE
01612346095897,DNE,DNE
01612346102917,DNE,E
01612346103444,DNE,DNE
01612346104970,DNE,DNE
01612346120752,DNE,DNE
01612420000000,DNE,DNE
01612420110460,DNE,E
01612420110478,DNE,E
01612420114629,DNE,DNE
01612420126763,DNE,E
01612420130278,DNE,DNE
01612420134635,DNE,DNE
01612420134668,DNE,E
01612420135475,DNE,DNE
01612420147256,DNE,DNE
01612420147264,DNE,DNE
01612420147272,DNE,DNE
01612420147280,DNE,DNE
01612420147298,DNE,DNE
01612420147306,DNE,DNE
01612420147314,DNE,DNE
01612426001572,DNE,E
01612426001580,DNE,DNE
01612426001598,DNE,DNE
01612426001606,DNE,E
01612426001614,DNE,DNE
01612426001622,DNE,E
01612426056980,DNE,DNE
01612426068266,DNE,E
01612426089346,DNE,DNE
01612426097679,DNE,E
01612426101604,DNE,E
01612426115505,DNE,E
01612426115554,DNE,E
01612426118525,DNE,E
01612590000000,DNE,DNE
01612590100065,DNE,E
01612590100123,DNE,DNE
01612590100693,DNE,DNE
01612590100701,DNE,E
01612590100719,DNE,DNE
01612590100792,DNE,E
01612590100826,DNE,DNE
01612590100834,DNE,DNE
01612590100842,DNE,DNE
01612590100859,DNE,DNE
01612590101063,DNE,DNE
01612590101469,DNE,DNE
01612590102954,DNE,DNE
01612590102962,DNE,DNE
01612590102970,DNE,DNE
01612590102988,DNE,E
01612590106468,DNE,DNE
01612590106542,DNE,DNE
01612590106559,DNE,DNE
01612590106906,DNE,E
01612590107169,DNE,DNE
01612590107276,DNE,DNE
01612590107417,DNE,DNE
01612590108803,DNE,DNE
01612590108852,DNE,DNE
01612590108944,DNE,E
01612590109819,DNE,E
01612590109983,DNE,DNE
01612590110163,DNE,DNE
01612590110171,DNE,DNE
01612590110189,DNE,E
01612590110239,DNE,E
01612590110247,DNE,E
01612590110254,DNE,E
01612590110262,DNE,DNE
01612590110361,DNE,DNE
01612590111476,DNE,E
01612590111823,DNE,DNE
01612590111856,DNE,E
01612590112474,DNE,DNE
01612590112482,DNE,DNE
01612590112755,DNE,DNE
01612590112763,DNE,E
01612590112771,DNE,DNE
01612590112789,DNE,E
01612590112797,DNE,E
01612590112805,DNE,DNE
01612590112813,DNE,E
01612590114363,DNE,E
01612590114454,DNE,DNE
01612590114868,DNE,E
01612590115014,DNE,E
01612590115204,DNE,E
01612590115238,DNE,E
01612590115386,DNE,DNE
01612590115576,DNE,DNE
01612590115584,DNE,E
01612590115592,DNE,E
01612590115600,DNE,E
01612590115618,DNE,E
01612590115626,DNE,E
01612590115634,DNE,DNE
01612590115667,DNE,E
01612590116137,DNE,DNE
01612590118224,DNE,E
01612590118653,DNE,E
01612590119859,DNE,E
01612590120188,DNE,DNE
01612590120626,DNE,DNE
01612590121210,DNE,DNE
01612590121228,DNE,E
01612590121376,DNE,E
01612590123026,DNE,DNE
01612590123711,DNE,DNE
01612590125161,DNE,E
01612590125716,DNE,E
01612590125856,DNE,DNE
01612590126748,DNE,E
01612590128413,DNE,E
01612590129635,DNE,E
01612590129932,E,E
01612590130070,DNE,DNE
01612590130088,DNE,DNE
01612590130112,DNE,DNE
01612590130146,DNE,E
01612590130153,DNE,DNE
01612590130161,DNE,DNE
01612590130179,DNE,E
01612590130187,DNE,DNE
01612590130203,DNE,DNE
01612590130237,DNE,DNE
01612590130245,DNE,DNE
01612590130328,DNE,DNE
01612590130336,DNE,DNE
01612590130344,DNE,DNE
01612590130377,DNE,DNE
01612590130385,DNE,DNE
01612590130468,DNE,DNE
01612590130518,DNE,DNE
01612590130526,DNE,DNE
01612590130542,DNE,DNE
01612590130575,DNE,E
01612590130591,DNE,DNE
01612590130617,DNE,DNE
01612590130633,DNE,E
01612590130658,DNE,DNE
01612590130666,DNE,E
01612590130674,DNE,DNE
01612590130732,DNE,E
01612590131672,DNE,DNE
01612590131896,DNE,DNE
01612590131946,DNE,DNE
01612590132043,DNE,DNE
01612590132092,DNE,DNE
01612590132514,DNE,E
01612590132555,DNE,DNE
01612590132688,DNE,E
01612590133132,DNE,DNE
01612590134015,DNE,E
01612590134437,DNE,DNE
01612590134791,DNE,DNE
01612590135210,DNE,DNE
01612590135665,DNE,DNE
01612590135806,DNE,DNE
01612590135905,DNE,E
01612590136002,DNE,DNE
01612590136051,DNE,E
01612590137943,DNE,E
01612590141804,DNE,E
01612590147322,DNE,DNE
01612590147330,DNE,DNE
01612590147348,DNE,DNE
01612590147355,DNE,DNE
01612590147363,DNE,DNE
01612590147371,DNE,DNE
01612590147389,DNE,DNE
01612590147397,DNE,DNE
01612590147405,DNE,DNE
01612590147413,DNE,DNE
01612590147421,DNE,DNE
01612590147439,DNE,DNE
01612590147447,DNE,DNE
01612590147454,DNE,DNE
01612590147462,DNE,DNE
01612590147470,DNE,DNE
01612590147488,DNE,DNE
01612590147496,DNE,DNE
01612590147504,DNE,DNE
01612590147512,DNE,DNE
01612590147520,DNE,DNE
01612590147538,DNE,DNE
01612590147546,DNE,DNE
01612590147553,DNE,DNE
01612590147561,DNE,DNE
01612590147579,DNE,DNE
01612590147587,DNE,DNE
01612590147595,DNE,DNE
01612590149187,DNE,DNE
01612590164806,DNE,DNE
01612590164814,DNE,DNE
01612593030772,DNE,E
01612596001630,DNE,E
01612596001648,DNE,E
01612596001655,DNE,E
01612596001663,DNE,E
01612596001671,DNE,DNE
01612596001689,DNE,E
01612596001697,DNE,E
01612596001705,DNE,DNE
01612596001713,DNE,E
01612596001721,DNE,DNE
01612596001739,DNE,E
01612596001747,DNE,DNE
01612596001754,DNE,E
01612596001762,DNE,DNE
01612596001770,DNE,DNE
01612596001796,DNE,DNE
01612596001804,DNE,DNE
01612596001812,DNE,E
01612596001820,DNE,E
01612596001838,DNE,E
01612596001846,DNE,E
01612596001853,DNE,E
01612596001861,DNE,DNE
01612596001879,DNE,E
01612596001887,DNE,DNE
01612596001895,DNE,DNE
01612596001903,DNE,E
01612596001911,DNE,E
01612596001929,DNE,E
01612596001937,DNE,DNE
01612596001945,DNE,E
01612596001952,DNE,DNE
01612596001960,DNE,DNE
01612596001978,DNE,DNE
01612596001986,DNE,DNE
01612596001994,DNE,E
01612596002018,DNE,E
01612596002026,DNE,DNE
01612596002034,DNE,DNE
01612596002042,DNE,E
01612596002059,DNE,E
01612596002067,DNE,DNE
01612596002075,DNE,E
01612596002083,DNE,E
01612596002091,DNE,DNE
01612596002109,DNE,E
01612596002117,DNE,E
01612596002125,DNE,E
01612596002133,DNE,DNE
01612596002141,DNE,E
01612596002158,DNE,DNE
01612596002166,DNE,DNE
01612596002174,DNE,E
01612596002182,DNE,E
01612596002190,DNE,E
01612596002208,DNE,DNE
01612596002216,DNE,E
01612596002224,DNE,DNE
01612596002232,DNE,DNE
01612596002240,DNE,DNE
01612596002257,DNE,DNE
01612596002265,DNE,DNE
01612596002273,DNE,E
01612596056998,DNE,E
01612596057004,DNE,E
01612596057012,DNE,DNE
01612596057020,DNE,E
01612596057038,DNE,DNE
01612596057046,DNE,E
01612596057053,DNE,DNE
01612596057061,DNE,E
01612596057079,DNE,E
01612596057087,DNE,E
01612596057095,DNE,E
01612596057103,DNE,DNE
01612596065866,DNE,DNE
01612596066443,DNE,DNE
01612596066450,DNE,E
01612596069629,DNE,DNE
01612596069637,DNE,DNE
01612596072235,DNE,E
01612596072243,DNE,DNE
01612596085781,DNE,DNE
01612596089353,DNE,DNE
01612596089742,DNE,DNE
01612596094734,DNE,DNE
01612596095707,DNE,DNE
01612596095871,DNE,DNE
01612596096523,DNE,E
01612596098701,DNE,DNE
01612596103170,DNE,DNE
01612596105019,DNE,DNE
01612596111660,DNE,E
01612596113807,DNE,E
01612596114011,DNE,E
01612596115711,DNE,DNE
01612596116891,DNE,DNE
01612596117394,DNE,DNE
01612596117402,DNE,DNE
01612596117568,DNE,E
01612596117576,DNE,DNE
01612596117972,DNE,DNE
01612596118608,DNE,E
01612596118616,DNE,E
01612596118640,DNE,E
01612596118657,DNE,E
01612596119911,DNE,DNE
01612596120570,DNE,DNE
01612596120778,DNE,DNE
01612596120786,DNE,DNE
01612596998447,DNE,DNE
01612670132712,DNE,DNE
01612750000000,DNE,DNE
01612750125492,DNE,DNE
01612750130260,DNE,DNE
01612750130286,DNE,E
01612750136515,DNE,E
01612756002281,DNE,E
01612756002299,DNE,E
01612756002307,DNE,E
01612756066492,DNE,E
01612830000000,DNE,DNE
01612836002315,DNE,DNE
01612836002323,DNE,DNE
01612836002331,DNE,DNE
01612836002349,DNE,DNE
01612836002356,DNE,DNE
01612836066500,DNE,DNE
01612836089361,DNE,DNE
01612910000000,DNE,DNE
01612910134528,DNE,E
01612910136184,DNE,DNE
01612910137489,DNE,DNE
01612910137588,DNE,E
01612910141473,DNE,E
01612916002364,DNE,DNE
01612916002372,DNE,E
01612916002380,DNE,DNE
01612916002398,DNE,E
01612916002406,DNE,DNE
01612916002414,DNE,E
01612916002422,DNE,E
01612916002430,DNE,E
01612916002448,DNE,E
01612916002455,DNE,E
01612916002463,DNE,E
01612916057111,DNE,E
01612916066518,DNE,E
01612916118830,DNE,DNE
01613090000000,DNE,DNE
01613090101212,DNE,E
01613090111799,DNE,E
01613090114421,DNE,E
01613090129569,DNE,DNE
01613090130104,DNE,DNE
01613090130369,DNE,DNE
01613090130849,DNE,E
01613090134734,DNE,DNE
01613090137711,DNE,DNE
01613090137745,DNE,E
01613090137810,DNE,E
01613096002471,DNE,DNE
01613096002489,DNE,DNE
01613096002497,DNE,DNE
01613096002505,DNE,E
01613096002513,DNE,E
01613096002521,DNE,E
01613096002539,DNE,E
01613096002547,DNE,E
01613096002554,DNE,E
01613096002562,DNE,E
01613096002570,DNE,DNE
01613096002588,DNE,DNE
01613096002596,DNE,DNE
01613096002604,DNE,E
01613096002612,DNE,E
01613096002620,DNE,E
01613096002638,DNE,DNE
01613096002646,DNE,DNE
01613096002653,DNE,E
01613096002661,DNE,DNE
01613096002679,DNE,DNE
01613096002695,DNE,DNE
01613096002703,DNE,E
01613250000000,DNE,DNE
01613256002711,DNE,DNE
01740050000000,DNE,DNE
01740050195016,DNE,DNE
01740130000000,DNE,DNE
01740130195024,DNE,DNE
01740210000000,DNE,DNE
01740210195032,DNE,DNE
01740390000000,DNE,DNE
01740390195040,DNE,DNE
01741870000000,DNE,DNE
01741870195057,DNE,DNE
01750930000000,DNE,DNE
01750930108571,DNE,DNE
01750930114579,DNE,E
01750930123935,DNE,E
01750930125930,DNE,E
01750930130500,DNE,DNE
01750930131615,DNE,E
01750930132704,DNE,E
01750930136929,DNE,E
01750930137331,DNE,DNE
01750930138164,DNE,E
01750930138453,DNE,E
01750930141515,DNE,E
01750930141937,DNE,E
01750936001366,DNE,DNE
01750936001374,DNE,E
01750936001382,DNE,DNE
01750936001390,DNE,E
01750936001424,DNE,E
01750936001432,DNE,DNE
01750936066484,DNE,E
01750936118038,DNE,E
01751010000000,DNE,DNE
01751010113480,DNE,DNE
01751010122986,DNE,DNE
01751010130013,DNE,DNE
01751010130096,DNE,E
01751010130252,DNE,E
01751010130310,DNE,DNE
01751010130559,DNE,DNE
01751010130583,DNE,E
01751010141432,DNE,E
01751010163121,DNE,DNE
01751010163139,DNE,DNE
01751016001366,DNE,E
01751016001416,DNE,E
01751016002315,DNE,E
01751016002323,DNE,E
01751016002349,DNE,E
01751016002356,DNE,E
01751016066500,DNE,E
01751016089361,DNE,E
01751016108971,DNE,E
01751016114318,DNE,E
01751016117592,DNE,E
01751016117600,DNE,E
01751190000000,DNE,DNE
01751190130641,DNE,DNE
01751196002711,DNE,E
01756220000000,DNE,DNE
01757050000000,DNE,DNE
01763720000000,DNE,DNE
01763800000000,DNE,DNE
01766530000000,DNE,DNE
01771800000000,DNE,DNE
01771800138289,DNE,E
02100250000000,DNE,DNE
02100250230011,DNE,DNE
02100250230037,DNE,DNE
02100256077143,DNE,DNE
02613330000000,DNE,DNE
02613330137125,DNE,DNE
02613330147645,DNE,DNE
02613330230029,DNE,DNE
02613330230045,DNE,DNE
02613330230052,DNE,DNE
02613336002778,DNE,DNE
02613336002786,DNE,DNE
02613336002794,DNE,DNE
02613336002802,DNE,DNE
02613336077143,DNE,DNE
02613336089551,DNE,DNE
02613336105373,DNE,DNE
02613336106256,DNE,DNE
02613336114573,DNE,DNE
03100330000000,DNE,DNE
03100330112516,DNE,DNE
03100330129692,DNE,DNE
03100330142588,DNE,DNE
03100330142596,DNE,DNE
03100330142604,DNE,DNE
03100330142612,DNE,DNE
03100330330035,DNE,E
03100330330068,DNE,E
03100330390013,DNE,DNE
03100336084958,DNE,DNE
03320450337352,DNE,DNE
03322270330027,DNE,DNE
03322760337352,DNE,DNE
03613410000000,DNE,DNE
03613410334250,DNE,DNE
03613416002810,DNE,DNE
03613580000000,DNE,DNE
03613580334755,DNE,DNE
03613586002828,DNE,DNE
03613586002836,DNE,DNE
03613660000000,DNE,DNE
03613660330019,DNE,DNE
03613660330753,DNE,DNE
03613666002844,DNE,DNE
03613666002851,DNE,DNE
03613666002869,DNE,DNE
03613666002877,DNE,DNE
03613666089551,DNE,DNE
03739810000000,DNE,DNE
03739810138461,DNE,DNE
03739810330019,DNE,E
03739810330035,DNE,DNE
03739810330050,DNE,E
03739810330753,DNE,E
03739810334250,DNE,DNE
03739810334755,DNE,E
03739816002810,DNE,E
03739816002828,DNE,E
03739816002844,DNE,E
03739816002851,DNE,E
03739816002869,DNE,E
03739816002877,DNE,E
03739816107387,DNE,E
03739816107395,DNE,E
03748560000000,DNE,DNE
03748560330043,DNE,DNE
04100410000000,DNE,DNE
04100410106492,DNE,DNE
04100410106500,DNE,DNE
04100410114991,E,E
04100410128256,DNE,DNE
04100410128264,DNE,DNE
04100410128272,DNE,DNE
04100410129817,E,E
04100410131284,DNE,DNE
04100410134213,E,E
04100410136820,DNE,DNE
04100410139493,E,E
04100410142620,DNE,DNE
04100410142638,DNE,DNE
04100410142646,DNE,DNE
04100410142653,DNE,DNE
04100410142661,DNE,DNE
04100410142679,DNE,DNE
04100410142687,DNE,DNE
04100410142695,DNE,DNE
04100410142703,DNE,DNE
04100410430033,DNE,DNE
04100410430041,DNE,DNE
04100410430058,DNE,DNE
04100410430066,DNE,E
04100410430074,DNE,DNE
04100410430090,E,E
04100410430165,DNE,DNE
04100410430173,DNE,DNE
04100410430181,DNE,DNE
04100416068324,DNE,DNE
04100416068332,DNE,DNE
04100416068340,DNE,DNE
04100416068357,DNE,DNE
04100416068365,DNE,DNE
04100416068373,DNE,DNE
04100416069256,DNE,E
04100416089106,DNE,DNE
04100416097125,DNE,DNE
04613820000000,DNE,DNE
04613826002919,DNE,E
04614080000000,DNE,DNE
04614080109868,DNE,DNE
04614080430207,DNE,DNE
04614080430827,DNE,DNE
04614086002943,DNE,DNE
04614086002950,DNE,DNE
04614086113435,DNE,DNE
04614086115976,DNE,DNE
04614240000000,DNE,DNE
04614240110551,DNE,E
04614240111039,DNE,E
04614240118042,DNE,E
04614240120394,DNE,E
04614240120576,DNE,DNE
04614240121269,DNE,DNE
04614240121475,DNE,E
04614240123810,DNE,DNE
04614240123976,DNE,E
04614240137828,E,E
04614240141069,DNE,E
04614240141085,E,E
04614240147660,DNE,DNE
04614240147678,DNE,DNE
04614240147686,DNE,DNE
04614240147694,DNE,DNE
04614240152645,DNE,DNE
04614240430199,DNE,E
04614240430215,DNE,DNE
04614240431502,DNE,E
04614240431577,DNE,DNE
04614240431676,DNE,E
04614240437558,DNE,E
04614246002968,DNE,E
04614246002976,DNE,E
04614246002984,DNE,DNE
04614246002992,DNE,DNE
04614246003008,DNE,E
04614246003016,DNE,DNE
04614246003024,DNE,E
04614246003032,DNE,E
04614246003040,DNE,E
04614246003057,DNE,DNE
04614246003065,DNE,DNE
04614246003073,DNE,E
04614246003081,DNE,E
04614246003099,DNE,E
04614246003107,DNE,E
04614246057129,DNE,E
04614246057137,DNE,E
04614246101513,DNE,DNE
04614246109722,DNE,E
04614246111116,DNE,E
04614246113310,DNE,DNE
04614246113773,DNE,DNE
04614246116610,DNE,E
04614246119523,DNE,DNE
04614320000000,DNE,DNE
04614320430082,DNE,DNE
04614320430124,DNE,DNE
04614320433201,E,E
04614326003115,E,E
04614326105761,E,E
04614400000000,DNE,DNE
04614570000000,DNE,DNE
04614570125252,DNE,DNE
04614576003131,DNE,E
04614576003149,DNE,DNE
04614576118244,DNE,DNE
04614650000000,DNE,DNE
04614656003156,DNE,DNE
04614656003164,DNE,DNE
04614656003172,DNE,DNE
04614730000000,DNE,DNE
04614730433946,DNE,DNE
04614730433953,DNE,DNE
04614990000000,DNE,DNE
04614996003198,DNE,E
04615070000000,DNE,DNE
04615070110072,DNE,E
04615070121509,DNE,E
04615070129577,DNE,E
04615070147611,DNE,DNE
04615076003123,DNE,DNE
04615076003206,DNE,DNE
04615076003214,DNE,DNE
04615076003222,DNE,DNE
04615076003230,DNE,DNE
04615076003248,DNE,DNE
04615076003255,DNE,E
04615076003263,DNE,E
04615076003271,DNE,DNE
04615076094957,DNE,DNE
04615076120919,DNE,DNE
04615150000000,DNE,DNE
04615150430017,DNE,DNE
04615150430116,DNE,DNE
04615150430140,DNE,E
04615150434803,DNE,E
04615150435602,DNE,E
04615150437566,DNE,E
04615230000000,DNE,DNE
04615230110510,DNE,E
04615230123687,DNE,DNE
04615230147702,DNE,DNE
04615230147710,DNE,DNE
04615230164160,DNE,DNE
04615236003289,DNE,E
04615236003297,DNE,E
04615236089080,DNE,E
04615236115034,DNE,E
04615236115067,DNE,DNE
04615236116693,DNE,DNE
04615310000000,DNE,DNE
04615310110338,E,E
04615310118257,DNE,DNE
04615310121715,DNE,E
04615310129999,DNE,DNE
04615310139329,DNE,E
04615310430025,DNE,DNE
04615310430108,DNE,E
04615310430132,DNE,DNE
04615310432856,DNE,E
04615310437350,DNE,E
04615316003305,DNE,DNE
04615316003313,DNE,E
04615316003321,DNE,E
04615316003339,DNE,E
04615316003347,DNE,DNE
04615316089098,DNE,DNE
04615316105522,DNE,E
04615316112585,DNE,E
04615316112999,E,E
04615316113526,DNE,E
04615316113765,DNE,E
04615316113781,DNE,DNE
04615319010422,DNE,DNE
04615490000000,DNE,DNE
04615490101485,DNE,DNE
04615490102327,DNE,E
04615490141341,DNE,E
04615490147728,DNE,DNE
04615496003354,DNE,E
04615496003362,DNE,E
04615496003370,DNE,E
04615496121016,DNE,E
04733790000000,DNE,DNE
04733796002901,DNE,DNE
04733796002927,E,E
04733796115950,DNE,DNE
04746820000000,DNE,DNE
04746820490011,DNE,DNE
04755070000000,DNE,DNE
04755070430157,DNE,DNE
04755070433946,E,E
04755070433953,E,E
04755076003156,E,E
04755076003164,E,E
04755076003172,E,E
04755076116016,DNE,DNE
05100580000000,DNE,DNE
05100580105999,DNE,DNE
05100580134502,DNE,DNE
05100580142711,DNE,DNE
05100580530048,DNE,E
05100580530105,DNE,DNE
05100580530147,DNE,DNE
05100580530154,DNE,E
05100580530162,DNE,DNE
05100586003487,DNE,DNE
05100586077150,DNE,E
05100589010745,DNE,E
05320036066948,DNE,DNE
05615560000000,DNE,DNE
05615560530014,DNE,E
05615560530071,DNE,DNE
05615560530089,DNE,DNE
05615560530113,DNE,DNE
05615560530121,DNE,DNE
05615560532507,DNE,E
05615640000000,DNE,DNE
05615640147736,DNE,DNE
05615640147744,DNE,DNE
05615640147751,DNE,DNE
05615640147769,DNE,DNE
05615640530022,DNE,E
05615640530030,DNE,DNE
05615640530055,DNE,E
05615640530063,DNE,DNE
05615640530113,DNE,DNE
05615640530139,DNE,DNE
05615640531509,DNE,E
05615640531517,DNE,DNE
05615646003388,DNE,DNE
05615646003404,DNE,E
05615646003420,DNE,DNE
05615646003438,DNE,E
05615646003446,DNE,E
05615646003453,DNE,E
05615646105431,DNE,E
05615646108518,DNE,E
05615720000000,DNE,DNE
05615720141820,E,E
05615726003388,E,E
05615726003461,DNE,E
05615726117006,DNE,DNE
05615800000000,DNE,DNE
05615806003396,DNE,E
05615806003412,DNE,DNE
05615806003479,DNE,DNE
05615806088975,DNE,E
05615806111884,DNE,E
05615806115000,DNE,E
05615806116560,DNE,DNE
05748640000000,DNE,DNE
05748640530097,DNE,DNE
06100660000000,DNE,DNE
06100660136580,DNE,E
06100660138438,DNE,DNE
06100660142729,DNE,DNE
06100660142737,DNE,DNE
06100660142745,DNE,DNE
06100660142752,DNE,DNE
06100660142760,DNE,DNE
06100660142778,DNE,DNE
06100660630020,DNE,DNE
06100660630111,DNE,E
06100660634774,DNE,DNE
06100666069264,DNE,DNE
06615980000000,DNE,DNE
06615980630012,DNE,E
06615980630013,DNE,DNE
06615980630046,DNE,E
06615980630061,DNE,DNE
06615980631259,DNE,E
06615986003495,DNE,E
06615986057152,DNE,E
06616060000000,DNE,DNE
06616060133223,DNE,DNE
06616060630053,DNE,DNE
06616060630095,DNE,DNE
06616060634758,DNE,DNE
06616066003503,DNE,DNE
06616140000000,DNE,DNE
06616140630087,E,E
06616140630095,DNE,DNE
06616140630103,DNE,DNE
06616140635250,E,E
06616146003511,E,E
06616146003529,DNE,DNE
06616146003537,E,E
06616146003545,DNE,DNE
06616146103576,E,E
06616220000000,DNE,DNE
06616220118729,E,E
06616220118737,DNE,DNE
06616220630038,E,E
06616220630079,DNE,DNE
06616220630129,DNE,DNE
06616220637504,E,E
06616226003552,E,E
06616226057160,DNE,DNE
07100740000000,DNE,DNE
07100740107326,DNE,DNE
07100740107334,DNE,DNE
07100740107342,DNE,DNE
07100740114470,DNE,E
07100740118208,DNE,DNE
07100740120444,DNE,DNE
07100740129528,DNE,E
07100740129684,E,E
07100740134114,DNE,DNE
07100740137026,DNE,E
07100740730036,DNE,DNE
07100740730127,DNE,DNE
07100740730135,DNE,DNE
07100740730143,DNE,DNE
07100740730242,DNE,DNE
07100740730556,DNE,DNE
07100740730614,DNE,E
07100740730663,DNE,DNE
07100740731380,DNE,E
07100740731950,DNE,DNE
07100740733477,DNE,DNE
07100740733535,DNE,DNE
07100740735985,DNE,DNE
07100746005276,DNE,DNE
07100746005284,DNE,DNE
07100746005292,DNE,DNE
07100746005300,DNE,DNE
07100746005318,DNE,DNE
07100746005342,DNE,DNE
07100746005359,DNE,DNE
07100746060412,DNE,DNE
07100746068696,DNE,DNE
07100746071013,DNE,DNE
07100746071021,DNE,DNE
07100746077168,DNE,DNE
07100746085096,DNE,DNE
07100746089114,DNE,DNE
07100746093462,DNE,DNE
07100746093470,DNE,DNE
07100746094908,DNE,DNE
07100746097901,DNE,DNE
07100746098727,DNE,DNE
07100746098735,DNE,DNE
07100746100671,DNE,DNE
07100746100978,DNE,DNE
07100746102834,DNE,DNE
07100746102842,DNE,DNE
07100746104418,DNE,DNE
07100746118368,DNE,E
07616300000000,DNE,DNE
07616300107524,DNE,E
07616300730226,DNE,DNE
07616300730283,DNE,E
07616300731125,DNE,E
07616300732404,DNE,DNE
07616300732420,DNE,DNE
07616300733725,DNE,E
07616300734244,DNE,E
07616480000000,DNE,DNE
07616480100461,DNE,E
07616480100479,DNE,E
07616480106583,DNE,E
07616480110494,DNE,E
07616480113761,DNE,E
07616480115063,DNE,E
07616480117218,DNE,E
07616480117283,DNE,DNE
07616480119586,DNE,DNE
07616480137430,DNE,E
07616480141028,DNE,E
07616480730101,DNE,E
07616480730200,DNE,DNE
07616480730259,DNE,E
07616480730465,DNE,E
07616480730481,DNE,DNE
07616480730531,DNE,DNE
07616480730804,DNE,DNE
07616480730861,DNE,E
07616486003578,DNE,E
07616486003586,DNE,DNE
07616486003594,DNE,E
07616486003602,DNE,E
07616486003610,DNE,E
07616486003628,DNE,E
07616486003636,DNE,E
07616486057178,DNE,E
07616486061154,DNE,E
07616486084941,DNE,E
07616486108989,DNE,E
07616486110514,DNE,E
07616486113104,DNE,E
07616486115380,DNE,E
07616486115703,DNE,E
07616486117501,DNE,E
07616550000000,DNE,DNE
07616550102376,DNE,E
07616550108019,DNE,E
07616550110528,DNE,E
07616550127464,DNE,E
07616550142331,DNE,DNE
07616556003644,DNE,E
07616556003651,DNE,E
07616556070981,DNE,E
07616556109730,DNE,E
07616556112718,DNE,E
07616556117410,DNE,E
07616556119754,DNE,E
07616630000000,DNE,DNE
07616630130930,DNE,E
07616630139667,DNE,E
07616636003669,DNE,E
07616636101943,DNE,E
07616636114714,DNE,DNE
07616636119838,DNE,E
07616710000000,DNE,DNE
07616716003677,DNE,DNE
07616970000000,DNE,DNE
07616970737023,DNE,E
07616970737619,DNE,E
07616976003685,DNE,E
07616976003693,DNE,DNE
07616976003701,DNE,E
07617050000000,DNE,DNE
07617050117275,DNE,DNE
07617050133769,DNE,DNE
07617056003719,DNE,DNE
07617056115109,DNE,DNE
07617056118160,DNE,DNE
07617130000000,DNE,DNE
07617130142364,DNE,DNE
07617136003727,DNE,E
07617136003735,DNE,DNE
07617136003743,DNE,E
07617136003750,DNE,E
07617136003768,DNE,E
07617136003776,DNE,DNE
07617136003784,DNE,DNE
07617136003792,DNE,E
07617136003800,DNE,DNE
07617136003818,DNE,DNE
07617210000000,DNE,DNE
07617210107797,DNE,E
07617210730150,DNE,DNE
07617210730457,DNE,E
07617210730572,DNE,E
07617210733980,DNE,E
07617210733998,DNE,E
07617390000000,DNE,DNE
07617390116780,DNE,DNE
07617390730069,DNE,DNE
07617390730432,DNE,DNE
07617390730440,DNE,E
07617390730473,DNE,E
07617390730549,DNE,E
07617390734152,DNE,DNE
07617396003826,DNE,E
07617396003834,DNE,E
07617396003842,DNE,E
07617396003859,DNE,DNE
07617396003867,DNE,DNE
07617396003875,DNE,E
07617396003883,DNE,DNE
07617396003891,DNE,DNE
07617396057186,DNE,E
07617399011784,DNE,DNE
07617470000000,DNE,DNE
07617476003909,DNE,E
07617476003917,DNE,E
07617476003925,DNE,E
07617476003933,DNE,E
07617476914808,DNE,DNE
07617540000000,DNE,DNE
07617540106088,DNE,E
07617540134072,DNE,E
07617540135822,DNE,E
07617540138115,DNE,E
07617540140103,DNE,DNE
07617540140442,DNE,E
07617540730044,DNE,E
07617540730077,DNE,DNE
07617540730085,DNE,DNE
07617540730119,DNE,DNE
07617540730168,DNE,DNE
07617540730176,DNE,DNE
07617540730317,DNE,E
07617540730333,DNE,DNE
07617540730341,DNE,DNE
07617540730358,DNE,E
07617540730408,DNE,DNE
07617540730416,DNE,DNE
07617540730424,DNE,DNE
07617540730655,DNE,E
07617540731646,DNE,E
07617540731836,DNE,E
07617540734509,DNE,DNE
07617540734566,DNE,E
07617540734764,DNE,E
07617540734822,DNE,DNE
07617540735662,DNE,DNE
07617540735670,DNE,DNE
07617540737809,DNE,E
07617546003941,DNE,DNE
07617546003958,DNE,E
07617546003966,DNE,E
07617546003974,DNE,E
07617546003982,DNE,E
07617546003990,DNE,DNE
07617546004006,DNE,DNE
07617546004014,DNE,DNE
07617546004022,DNE,DNE
07617546004030,DNE,E
07617546004048,DNE,E
07617546004055,DNE,E
07617546004063,DNE,E
07617546004071,DNE,DNE
07617546004089,DNE,DNE
07617546004097,DNE,E
07617546004105,DNE,E
07617546004113,DNE,DNE
07617546004121,DNE,DNE
07617546004139,DNE,DNE
07617546004147,DNE,DNE
07617546004154,DNE,E
07617546004162,DNE,E
07617546004170,DNE,E
07617546004188,DNE,E
07617546004196,DNE,E
07617546004204,DNE,DNE
07617546004212,DNE,DNE
07617546004220,DNE,E
07617546004238,DNE,E
07617546004246,DNE,E
07617546004253,DNE,E
07617546004261,DNE,E
07617546004279,DNE,DNE
07617546004287,DNE,DNE
07617546004295,DNE,E
07617546004303,DNE,E
07617546004311,DNE,E
07617546004329,DNE,E
07617546004337,DNE,E
07617546004345,DNE,E
07617546004352,DNE,E
07617546004360,DNE,E
07617546004378,DNE,E
07617546004386,DNE,DNE
07617546004394,DNE,E
07617546004402,DNE,E
07617546004410,DNE,E
07617546066575,DNE,DNE
07617546068688,DNE,DNE
07617546069041,DNE,DNE
07617546071401,DNE,DNE
07617546096226,DNE,E
07617546101299,DNE,DNE
07617546101307,DNE,DNE
07617546101315,DNE,DNE
07617546101323,DNE,DNE
07617546101505,DNE,DNE
07617546104350,DNE,DNE
07617546105357,DNE,E
07617546111504,DNE,E
07617546112395,DNE,E
07617546114904,DNE,E
07617546118087,DNE,E
07617549011370,DNE,DNE
07617620000000,DNE,DNE
07617620110684,DNE,E
07617620129064,DNE,E
07617620138859,DNE,E
07617620147777,DNE,DNE
07617620147785,DNE,DNE
07617626004428,DNE,E
07617626004436,DNE,DNE
07617626096234,DNE,E
07617626108765,DNE,E
07617626110803,DNE,E
07617626110811,DNE,E
07617626119226,DNE,E
07617700000000,DNE,DNE
07617706004444,DNE,E
07617706004451,DNE,E
07617706004469,DNE,DNE
07617706004477,DNE,E
07617706004485,DNE,DNE
07617706004493,DNE,DNE
07617706004501,DNE,E
07617706066583,DNE,E
07617880000000,DNE,DNE
07617880116863,DNE,E
07617880125435,DNE,E
07617880147793,DNE,DNE
07617880147801,DNE,DNE
07617880147819,DNE,DNE
07617880147827,DNE,DNE
07617880147835,DNE,DNE
07617880147843,DNE,DNE
07617880147850,DNE,DNE
07617880147868,DNE,DNE
07617880730028,DNE,DNE
07617880730093,DNE,DNE
07617880730184,DNE,E
07617880730192,DNE,DNE
07617880730507,DNE,DNE
07617880730564,DNE,DNE
07617880735332,DNE,DNE
07617880735340,DNE,DNE
07617880735407,DNE,E
07617880735472,DNE,DNE
07617886004519,DNE,DNE
07617886004527,DNE,E
07617886004535,DNE,E
07617886004543,DNE,E
07617886004550,DNE,DNE
07617886004568,DNE,E
07617886004576,DNE,E
07617886057194,DNE,DNE
07617886061162,DNE,E
07617886069132,DNE,DNE
07617886084966,DNE,E
07617886098578,DNE,E
07617886109383,DNE,E
07617886114003,DNE,DNE
07617886117212,DNE,DNE
07617960000000,DNE,DNE
07617960101477,DNE,E
07617960110973,E,E
07617960115352,DNE,DNE
07617960116319,DNE,DNE
07617960118539,DNE,DNE
07617960126805,DNE,E
07617960129643,DNE,E
07617960132100,DNE,E
07617960132118,DNE,E
07617960133637,E,E
07617960135434,DNE,E
07617960136903,DNE,E
07617960147876,DNE,DNE
07617960147884,DNE,DNE
07617960147892,DNE,DNE
07617960147900,DNE,DNE
07617960147918,DNE,DNE
07617960147926,DNE,DNE
07617960147934,DNE,DNE
07617960147942,DNE,DNE
07617960147959,DNE,DNE
07617960147967,DNE,DNE
07617960147975,DNE,DNE
07617960147983,DNE,DNE
07617960147991,DNE,DNE
07617960148007,DNE,DNE
07617960148015,DNE,DNE
07617960148023,DNE,DNE
07617960730267,DNE,DNE
07617960730275,DNE,DNE
07617960730291,DNE,E
07617960730309,DNE,DNE
07617960730325,DNE,E
07617960730366,DNE,DNE
07617960730374,DNE,DNE
07617960730382,DNE,DNE
07617960730390,DNE,DNE
07617960730499,DNE,DNE
07617960730523,DNE,DNE
07617960730580,DNE,DNE
07617960730598,DNE,E
07617960732164,DNE,E
07617960732941,DNE,E
07617960733204,DNE,DNE
07617960733253,DNE,E
07617960733469,DNE,DNE
07617960733659,DNE,E
07617960735316,DNE,E
07617960735902,DNE,E
07617960735928,DNE,DNE
07617966004584,DNE,DNE
07617966004592,DNE,DNE
07617966004600,DNE,E
07617966004618,DNE,DNE
07617966004626,DNE,DNE
07617966004634,DNE,DNE
07617966004642,DNE,DNE
07617966004659,DNE,E
07617966004667,DNE,E
07617966004675,DNE,DNE
07617966004683,DNE,DNE
07617966004691,DNE,E
07617966004709,DNE,DNE
07617966004717,DNE,DNE
07617966004725,DNE,DNE
07617966004733,DNE,E
07617966004741,DNE,E
07617966004758,DNE,E
07617966004766,DNE,E
07617966004774,DNE,E
07617966004782,DNE,E
07617966004790,DNE,DNE
07617966004808,DNE,E
07617966004816,DNE,DNE
07617966004824,DNE,E
07617966004832,DNE,E
07617966004840,DNE,E
07617966004857,DNE,E
07617966004865,DNE,E
07617966004873,DNE,E
07617966004881,DNE,E
07617966004899,DNE,E
07617966004907,DNE,E
07617966004915,DNE,E
07617966004923,DNE,DNE
07617966004931,DNE,E
07617966004949,DNE,DNE
07617966004956,DNE,E
07617966004964,DNE,E
07617966004972,DNE,E
07617966004980,DNE,E
07617966004998,DNE,E
07617966005003,DNE,E
07617966005011,DNE,E
07617966005029,DNE,DNE
07617966005037,DNE,E
07617966005045,DNE,E
07617966005052,DNE,DNE
07617966005276,DNE,DNE
07617966005342,DNE,DNE
07617966057202,DNE,DNE
07617966057210,DNE,E
07617966057228,DNE,E
07617966057236,DNE,E
07617966057244,DNE,E
07617966057251,DNE,DNE
07617966061170,DNE,E
07617966068696,DNE,DNE
07617966070999,DNE,DNE
07617966097141,DNE,E
07617966099717,DNE,E
07617966112015,DNE,E
07617966114086,DNE,E
07617966114094,DNE,E
07617966119234,DNE,DNE
07617966119515,DNE,E
07617966119518,DNE,DNE
07617966120885,DNE,E
07618040000000,DNE,DNE
07618040102566,DNE,E
07618040108324,DNE,E
07618040109173,DNE,E
07618040113118,DNE,E
07618040113589,DNE,E
07618040114728,DNE,DNE
07618040116541,DNE,E
07618040119032,DNE,E
07618040132902,DNE,E
07618040730051,DNE,E
07618040730218,DNE,E
07618040730226,DNE,DNE
07618040730234,DNE,DNE
07618040730515,DNE,DNE
07618040734368,DNE,E
07618040736504,DNE,E
07618040736819,DNE,E
07618046005060,DNE,E
07618046005078,DNE,E
07618046005086,DNE,E
07618046005094,DNE,E
07618046005102,DNE,E
07618046005110,DNE,E
07618046005128,DNE,E
07618046005136,DNE,E
07618046005144,DNE,E
07618046005151,DNE,E
07618046066591,DNE,E
07618046071005,DNE,DNE
07618046071039,DNE,E
07618046089130,DNE,E
07618046096036,DNE,E
07618046097158,DNE,E
07618046097166,DNE,E
07618046100952,DNE,E
07618046102669,DNE,DNE
07618046108161,DNE,E
07618046110449,DNE,E
07618046113336,DNE,E
07618046114326,DNE,E
07618046117451,DNE,E
07618046117485,DNE,E
07618120000000,DNE,DNE
07618120131714,DNE,E
07618126005169,DNE,E
07618126005177,DNE,E
07618126005185,DNE,E
07618126005193,DNE,E
07618126005201,DNE,DNE
07618126005219,DNE,DNE
07618126005227,DNE,DNE
07618126005235,DNE,E
07618126005243,DNE,E
07743440000000,DNE,DNE
07743440790022,DNE,DNE
07768100000000,DNE,DNE
07768100125815,DNE,DNE
07770240000000,DNE,DNE
07773540000000,DNE,DNE
07773540132233,DNE,E
08100820000000,DNE,DNE
08100820106625,DNE,DNE
08100820106666,DNE,DNE
08100820109777,DNE,DNE
08100820114116,DNE,DNE
08100820830018,DNE,DNE
08100820830026,DNE,DNE
08100820830042,DNE,E
08100820830059,DNE,E
08100820830067,DNE,DNE
08100820840017,DNE,DNE
08100826077176,DNE,DNE
08100826120208,DNE,DNE
08618200000000,DNE,DNE
08618200137729,DNE,E
08618200148031,DNE,DNE
08618200148049,DNE,DNE
08618200148056,DNE,DNE
08618200148064,DNE,DNE
08618200830034,DNE,DNE
08618200833004,DNE,E
08618200836205,DNE,E
08618206005375,DNE,E
08618206005383,DNE,E
08618206005391,DNE,E
08618206005409,DNE,DNE
08618206005417,DNE,E
08618206005425,DNE,E
08618206005433,DNE,E
08618206005441,DNE,E
08618206005458,DNE,E
08618206113013,DNE,E
08743510000000,DNE,DNE
08743510890012,DNE,DNE
09100900000000,DNE,DNE
09100900106047,E,E
09100900110841,DNE,DNE
09100900111716,DNE,DNE
09100900118117,DNE,DNE
09100900123521,E,E
09100900123927,DNE,DNE
09100900136036,E,E
09100900142786,DNE,DNE
09100900142794,DNE,DNE
09100900142802,DNE,DNE
09100900142810,DNE,DNE
09100900142828,DNE,DNE
09100900142836,DNE,DNE
09100900142844,DNE,DNE
09100900142851,DNE,DNE
09100900142869,DNE,DNE
09100900142877,DNE,DNE
09100900142885,DNE,DNE
09100900142893,DNE,DNE
09100900142901,DNE,DNE
09100900142919,DNE,DNE
09100900142927,DNE,DNE
09100900142935,DNE,DNE
09100900142943,DNE,DNE
09100900930016,DNE,DNE
09100900930123,E,E
09100900930131,E,E
09100900930172,DNE,DNE
09100900930180,DNE,DNE
09100906066609,DNE,DNE
09100906069470,E,E
09100906096572,DNE,DNE
09100906103550,DNE,DNE
09100906103568,DNE,DNE
09100906104434,DNE,DNE
09618380000000,DNE,DNE
09618380100024,DNE,E
09618380107227,DNE,E
09618380111724,DNE,E
09618380129965,DNE,E
09618380136200,E,E
09618380137919,DNE,E
09618380139006,E,E
09618386005466,DNE,E
09618386005474,DNE,E
09618386096614,DNE,E
09618386107361,DNE,E
09618386110456,DNE,E
09618386112361,DNE,E
09618460000000,DNE,DNE
09618460123125,DNE,E
09618466005482,DNE,E
09618530000000,DNE,DNE
09618530101808,DNE,DNE
09618530930032,DNE,DNE
09618530930057,DNE,DNE
09618530930081,DNE,E
09618530930149,DNE,DNE
09618530930164,DNE,E
09618530930206,DNE,DNE
09618530930214,DNE,E
09618530930222,DNE,DNE
09618530932707,DNE,DNE
09618530932756,DNE,E
09618530934554,DNE,E
09618530936302,DNE,E
09618536104558,DNE,DNE
09618610000000,DNE,DNE
09618790000000,DNE,DNE
09618790102251,DNE,DNE
09618796005508,DNE,E
09618796109698,DNE,E
09618870000000,DNE,DNE
09618876005516,DNE,DNE
09618876110167,DNE,DNE
09618950000000,DNE,DNE
09618956005524,E,E
09619030000000,DNE,DNE
09619030110155,DNE,E
09619030140459,DNE,E
09619030930024,DNE,DNE
09619030930040,DNE,E
09619030930107,DNE,DNE
09619030937805,DNE,E
09619030937813,DNE,DNE
09619036005532,DNE,DNE
09619036005540,DNE,E
09619036005557,DNE,DNE
09619036005565,DNE,E
09619036005573,DNE,E
09619036094700,DNE,DNE
09619036095301,DNE,E
09619036105399,DNE,DNE
09619110000000,DNE,DNE
09619116005581,DNE,E
09619116103857,DNE,E
09619290000000,DNE,DNE
09619290111781,DNE,DNE
09619296005599,E,E
09619296005607,DNE,DNE
09619296005615,E,E
09619296106678,E,E
09619370000000,DNE,DNE
09619450000000,DNE,DNE
09619450148072,DNE,DNE
09619450930198,DNE,DNE
09619456005631,DNE,E
09619456112569,DNE,E
09619456114664,DNE,E
09619520000000,DNE,DNE
09619526005649,DNE,DNE
09619526005656,DNE,DNE
09619526005664,DNE,DNE
09619526005672,DNE,DNE
09619526120638,DNE,DNE
09619600000000,DNE,DNE
09619600101998,DNE,DNE
09619606005680,DNE,E
09619606005698,DNE,DNE
09619606107437,DNE,E
09619606112908,DNE,DNE
09619780000000,DNE,DNE
09619780101519,DNE,E
09619780108258,DNE,E
09619786005706,DNE,E
09619786005714,DNE,E
09619786098693,DNE,E
09619786103527,DNE,E
09619786109441,DNE,E
09619860000000,DNE,DNE
09619866005722,E,E
09737756105399,DNE,DNE
09737830000000,DNE,DNE
09737830121566,DNE,E
09737830930065,DNE,DNE
09737830930073,DNE,E
09737830930099,DNE,E
09737830930115,DNE,DNE
09737830930156,DNE,DNE
09737836005490,DNE,E
09737836005623,DNE,E
09737836097422,DNE,DNE
09737836100945,DNE,DNE
09737836107486,DNE,DNE
09737836109854,DNE,DNE
09737836110498,DNE,E
09743770000000,DNE,DNE
09743770990010,DNE,DNE
09764890000000,DNE,DNE
09765960000000,DNE,DNE
09765960119529,DNE,DNE
09765960119537,DNE,DNE
10101080000000,DNE,DNE
10101080109991,E,E
10101080110387,DNE,DNE
10101080111682,DNE,E
10101080119628,DNE,E
10101080119867,DNE,DNE
10101080125260,DNE,DNE
10101080127514,DNE,DNE
10101080136291,DNE,E
10101080140186,DNE,E
10101080142950,DNE,DNE
10101081030030,DNE,DNE
10101081030048,DNE,DNE
10101081030055,DNE,DNE
10101081030063,DNE,DNE
10101081030097,DNE,DNE
10101081030337,DNE,E
10101081030899,DNE,E
10101081030923,DNE,DNE
10101086060438,DNE,DNE
10101086069488,DNE,E
10101086085112,E,E
10101086092696,DNE,DNE
10101086093413,DNE,DNE
10101086093421,DNE,DNE
10101086093439,DNE,DNE
10101086096796,DNE,DNE
10101086096804,DNE,DNE
10101086096812,DNE,DNE
10101086096960,DNE,DNE
10101086097935,DNE,DNE
10101086100770,DNE,DNE
10101086101182,DNE,DNE
10619940000000,DNE,DNE
10619946005730,DNE,E
10620000000000,DNE,DNE
10620000107896,DNE,DNE
10620180000000,DNE,DNE
10620186005755,DNE,DNE
10620260000000,DNE,DNE
10620266005763,DNE,DNE
10620266005771,DNE,DNE
10620340000000,DNE,DNE
10620346005789,DNE,DNE
10620420000000,DNE,DNE
10620426005797,DNE,DNE
10620590000000,DNE,DNE
10620596005805,DNE,DNE
10620670000000,DNE,DNE
10620676005813,DNE,DNE
10620750000000,DNE,DNE
10620751030394,DNE,DNE
10620751030535,DNE,DNE
10620751030543,DNE,DNE
10620830000000,DNE,DNE
10620831030790,DNE,DNE
10620831035112,DNE,DNE
10620910000000,DNE,DNE
10620916005821,DNE,DNE
10621090000000,DNE,DNE
10621096005839,DNE,E
10621170000000,DNE,DNE
10621170101949,DNE,DNE
10621170106419,DNE,DNE
10621170108142,DNE,DNE
10621170110270,DNE,DNE
10621170111153,DNE,DNE
10621170113548,DNE,DNE
10621170113555,DNE,DNE
10621170113563,DNE,DNE
10621170118018,DNE,DNE
10621170123869,DNE,DNE
10621170133314,DNE,DNE
10621170139766,DNE,DNE
10621170142281,DNE,DNE
10621170142521,DNE,DNE
10621170148080,DNE,DNE
10621170148098,DNE,DNE
10621170148106,DNE,DNE
10621170148114,DNE,DNE
10621170148122,DNE,DNE
10621170148130,DNE,DNE
10621170148148,DNE,DNE
10621170148155,DNE,DNE
10621170148163,DNE,DNE
10621170148171,DNE,DNE
10621170148189,DNE,DNE
10621170148197,DNE,DNE
10621170148205,DNE,DNE
10621170148213,DNE,DNE
10621170148221,DNE,DNE
10621170148239,DNE,DNE
10621170148247,DNE,DNE
10621170148254,DNE,DNE
10621170148262,DNE,DNE
10621170148270,DNE,DNE
10621170148288,DNE,DNE
10621170148296,DNE,DNE
10621170148304,DNE,DNE
10621170148312,DNE,DNE
10621170148320,DNE,DNE
10621170148338,DNE,DNE
10621170148346,DNE,DNE
10621170152660,DNE,DNE
10621170162545,DNE,DNE
10621170162552,DNE,DNE
10621170164947,DNE,DNE
10621171030071,DNE,DNE
10621171030196,DNE,DNE
10621171030469,DNE,DNE
10621171030485,DNE,DNE
10621171030501,DNE,DNE
10621171030634,DNE,DNE
10621171030683,DNE,DNE
10621171030782,DNE,DNE
10621171031004,DNE,DNE
10621171031053,DNE,DNE
10621176005847,DNE,DNE
10621176005854,DNE,DNE
10621176005862,DNE,DNE
10621176005870,DNE,DNE
10621176005888,DNE,DNE
10621176005896,DNE,DNE
10621176005904,DNE,DNE
10621176005912,DNE,DNE
10621176005920,DNE,DNE
10621176005938,DNE,DNE
10621176006639,DNE,DNE
10621176066617,DNE,DNE
10621176097026,DNE,DNE
10621176098370,DNE,DNE
10621176100408,DNE,DNE
10621176100648,DNE,DNE
10621176100887,DNE,DNE
10621176101190,DNE,DNE
10621176101984,DNE,DNE
10621176104624,DNE,DNE
10621176106660,DNE,DNE
10621176108088,DNE,DNE
10621176108096,DNE,DNE
10621176109235,DNE,DNE
10621176109243,DNE,DNE
10621176109912,DNE,DNE
10621176109920,DNE,DNE
10621176110258,DNE,DNE
10621176112304,DNE,DNE
10621176112742,DNE,DNE
10621176113575,DNE,DNE
10621176113583,DNE,DNE
10621176116313,DNE,DNE
10621176116321,DNE,DNE
10621176117550,DNE,DNE
10621176120083,DNE,DNE
10621176120091,DNE,DNE
10621250000000,DNE,DNE
10621251030113,DNE,DNE
10621251030477,DNE,DNE
10621251030527,DNE,DNE
10621251030873,DNE,DNE
10621251031376,DNE,DNE
10621256005953,DNE,DNE
10621256005961,DNE,DNE
10621256005979,DNE,DNE
10621256005987,DNE,DNE
10621256057269,DNE,DNE
10621256102008,DNE,DNE
10621256110209,DNE,DNE
10621256110217,DNE,DNE
10621256110225,DNE,DNE
10621256113849,DNE,DNE
10621410000000,DNE,DNE
10621580000000,DNE,DNE
10621580108977,DNE,DNE
10621580120246,DNE,E
10621580126250,DNE,DNE
10621581030014,DNE,DNE
10621581030550,DNE,DNE
10621581031954,DNE,E
10621581032051,DNE,DNE
10621581032150,DNE,E
10621586006027,DNE,E
10621586006035,DNE,DNE
10621586006043,DNE,E
10621586006050,DNE,E
10621586115190,DNE,E
10621660000000,DNE,DNE
10621660106682,DNE,DNE
10621660106740,DNE,E
10621660107532,DNE,DNE
10621660108100,DNE,E
10621660108118,DNE,E
10621660108555,DNE,E
10621660111633,DNE,DNE
10621660113720,DNE,DNE
10621660113811,DNE,E
10621660113829,DNE,E
10621660114355,DNE,E
10621660114553,E,E
10621660115196,DNE,DNE
10621660119339,DNE,E
10621660119891,DNE,DNE
10621660120964,DNE,E
10621660121533,DNE,E
10621660129338,DNE,E
10621660132134,DNE,E
10621660133942,DNE,E
10621660136150,DNE,E
10621660140038,DNE,E
10621660140764,DNE,E
10621660140806,DNE,E
10621660141127,DNE,E
10621660148387,DNE,DNE
10621660148395,DNE,DNE
10621660148403,DNE,DNE
10621660148411,DNE,DNE
10621660148429,DNE,DNE
10621660148437,DNE,DNE
10621660148445,DNE,DNE
10621660148452,DNE,DNE
10621660148460,DNE,DNE
10621660148478,DNE,DNE
10621660148486,DNE,DNE
10621660148494,DNE,DNE
10621660148502,DNE,DNE
10621660148510,DNE,DNE
10621660148528,DNE,DNE
10621660148536,DNE,DNE
10621660148544,DNE,DNE
10621660148551,DNE,DNE
10621660148569,DNE,DNE
10621660148577,DNE,DNE
10621660148585,DNE,DNE
10621660148593,DNE,DNE
10621660148601,DNE,DNE
10621660148619,DNE,DNE
10621660148627,DNE,DNE
10621660148635,DNE,DNE
10621660148643,DNE,DNE
10621660148650,DNE,DNE
10621660148668,DNE,DNE
10621660148676,DNE,DNE
10621660148684,DNE,DNE
10621660148692,DNE,DNE
10621660148700,DNE,DNE
10621660148718,DNE,DNE
10621660148726,DNE,DNE
10621660148734,DNE,DNE
10621660148742,DNE,DNE
10621660148759,DNE,DNE
10621660148767,DNE,DNE
10621660148775,DNE,DNE
10621660148783,DNE,DNE
10621660148791,DNE,DNE
10621660148809,DNE,DNE
10621660148817,DNE,DNE
10621660148825,DNE,DNE
10621660148833,DNE,DNE
10621660148841,DNE,DNE
10621660148858,DNE,DNE
10621660148866,DNE,DNE
10621660148874,DNE,DNE
10621660148882,DNE,DNE
10621660148890,DNE,DNE
10621660148908,DNE,DNE
10621660148916,DNE,DNE
10621660148924,DNE,DNE
10621660148932,DNE,DNE
10621660148940,DNE,DNE
10621660148957,DNE,DNE
10621660148965,DNE,DNE
10621660148973,DNE,DNE
10621660148981,DNE,DNE
10621660148999,DNE,DNE
10621660149005,DNE,DNE
10621660149013,DNE,DNE
10621660155879,DNE,DNE
10621660155887,DNE,DNE
10621661030089,DNE,DNE
10621661030154,DNE,DNE
10621661030162,DNE,DNE
10621661030170,DNE,DNE
10621661030188,DNE,DNE
10621661030204,DNE,DNE
10621661030212,DNE,DNE
10621661030279,DNE,E
10621661030287,DNE,E
10621661030295,DNE,E
10621661030303,DNE,DNE
10621661030584,DNE,E
10621661030642,DNE,E
10621661030667,DNE,DNE
10621661030675,DNE,E
10621661030717,DNE,E
10621661030733,DNE,DNE
10621661030816,DNE,DNE
10621661030840,DNE,E
10621661030907,DNE,DNE
10621661031632,DNE,E
10621661031897,DNE,E
10621661032309,DNE,DNE
10621661032507,DNE,E
10621661032911,DNE,E
10621661034214,DNE,E
10621661035831,DNE,E
10621666006068,DNE,E
10621666006076,DNE,E
10621666006084,DNE,E
10621666006092,DNE,E
10621666006100,DNE,E
10621666006118,DNE,E
10621666006126,DNE,E
10621666006134,DNE,DNE
10621666006142,DNE,E
10621666006159,DNE,E
10621666006167,DNE,DNE
10621666006175,DNE,DNE
10621666006183,DNE,E
10621666006191,DNE,E
10621666006209,DNE,DNE
10621666006217,DNE,E
10621666006225,DNE,E
10621666006233,DNE,E
10621666006241,DNE,DNE
10621666006258,DNE,E
10621666006266,DNE,E
10621666006274,DNE,E
10621666006282,DNE,E
10621666006290,DNE,E
10621666006308,DNE,E
10621666006316,DNE,E
10621666006324,DNE,E
10621666006332,DNE,E
10621666006340,DNE,DNE
10621666006357,DNE,E
10621666006365,DNE,E
10621666006373,DNE,E
10621666006381,DNE,E
10621666006399,DNE,DNE
10621666006407,DNE,E
10621666006415,DNE,E
10621666006423,DNE,E
10621666006431,DNE,E
10621666006449,DNE,E
10621666006456,DNE,E
10621666006464,DNE,E
10621666006472,DNE,E
10621666006480,DNE,E
10621666006498,DNE,DNE
10621666006506,DNE,DNE
10621666006514,DNE,E
10621666006522,DNE,E
10621666006530,DNE,E
10621666006548,DNE,E
10621666006555,DNE,E
10621666006563,DNE,E
10621666006571,DNE,E
10621666006589,DNE,E
10621666006597,DNE,E
10621666057277,DNE,DNE
10621666057285,DNE,E
10621666057293,DNE,E
10621666057301,DNE,DNE
10621666057319,DNE,DNE
10621666057327,DNE,E
10621666057335,DNE,E
10621666057343,DNE,E
10621666057350,DNE,DNE
10621666061188,DNE,E
10621666061196,DNE,E
10621666061204,DNE,E
10621666066625,DNE,DNE
10621666068704,DNE,E
10621666072185,DNE,DNE
10621666085112,DNE,DNE
10621666085120,DNE,E
10621666085138,DNE,E
10621666088538,DNE,E
10621666088546,DNE,E
10621666088934,DNE,E
10621666088942,DNE,E
10621666096069,DNE,DNE
10621666097265,DNE,DNE
10621666097273,DNE,DNE
10621666101091,DNE,E
10621666101109,DNE,E
10621666102016,DNE,E
10621666103832,DNE,E
10621666103840,DNE,E
10621666104574,DNE,DNE
10621666105746,DNE,E
10621666109961,DNE,E
10621666110316,DNE,DNE
10621666110910,DNE,DNE
10621666111231,DNE,E
10621666111249,DNE,E
10621666111256,DNE,E
10621666112619,DNE,E
10621666112882,DNE,E
10621666116602,DNE,DNE
10621666116651,DNE,E
10621666117477,DNE,E
10621666118095,DNE,DNE
10621666119176,DNE,DNE
10621666120125,DNE,E
10621666120695,DNE,DNE
10621666120703,DNE,E
10621740000000,DNE,DNE
10621741030857,DNE,DNE
10621741030865,DNE,DNE
10621741030915,DNE,DNE
10621746006621,DNE,DNE
10621746108021,DNE,DNE
10621746119432,DNE,DNE
10621820000000,DNE,DNE
10621826006639,DNE,DNE
10621900000000,DNE,DNE
10621906005805,DNE,DNE
10621906006647,DNE,DNE
10621906007223,DNE,DNE
10622080000000,DNE,DNE
10622086006654,DNE,DNE
10622160000000,DNE,DNE
10622166006662,DNE,DNE
10622240000000,DNE,DNE
10622246006670,DNE,DNE
10622246006688,DNE,DNE
10622246006696,DNE,DNE
10622320000000,DNE,DNE
10622321033422,DNE,DNE
10622321033430,DNE,DNE
10622400000000,DNE,DNE
10622400113142,DNE,E
10622400114587,DNE,E
10622400164632,DNE,DNE
10622401030303,DNE,DNE
10622406006704,DNE,E
10622406006712,DNE,E
10622406006720,DNE,E
10622406108328,DNE,E
10622406114805,DNE,E
10622406117287,DNE,DNE
10622570000000,DNE,DNE
10622570124727,DNE,E
10622571030303,DNE,DNE
10622571033695,DNE,E
10622571033729,DNE,E
10622650000000,DNE,DNE
10622650105692,DNE,E
10622650106815,DNE,E
10622650108092,DNE,E
10622650116640,DNE,E
10622650116657,DNE,E
10622650119800,DNE,DNE
10622650119834,DNE,DNE
10622650126292,DNE,E
10622650149021,DNE,DNE
10622650149039,DNE,DNE
10622650149047,DNE,DNE
10622650149054,DNE,DNE
10622650149062,DNE,DNE
10622650149070,DNE,DNE
10622650149088,DNE,DNE
10622650149096,DNE,DNE
10622650149104,DNE,DNE
10622651030220,DNE,DNE
10622651030378,DNE,E
10622651033703,DNE,E
10622651035310,DNE,E
10622656006738,DNE,E
10622656006746,DNE,E
10622656006753,DNE,E
10622656006761,DNE,E
10622656006787,DNE,E
10622656006795,DNE,E
10622656006803,DNE,E
10622656006811,DNE,DNE
10622656006829,DNE,E
10622656006837,DNE,E
10622656006845,DNE,E
10622656006878,DNE,E
10622656088959,DNE,E
10622656088967,DNE,DNE
10622730000000,DNE,DNE
10622736006886,DNE,DNE
10622810000000,DNE,DNE
10622810110445,DNE,DNE
10622810140434,DNE,DNE
10622810149112,DNE,DNE
10622811030444,DNE,DNE
10622811033950,DNE,DNE
10622811033976,DNE,DNE
10622816006894,DNE,DNE
10622816006902,DNE,DNE
10622990000000,DNE,DNE
10622996006910,DNE,DNE
10623070000000,DNE,DNE
10623076006936,DNE,DNE
10623076006944,DNE,DNE
10623076006951,DNE,DNE
10623150000000,DNE,DNE
10623156006969,DNE,DNE
10623156006977,DNE,DNE
10623156006985,DNE,DNE
10623230000000,DNE,DNE
10623310000000,DNE,DNE
10623310124354,DNE,DNE
10623310127175,DNE,DNE
10623310130880,DNE,DNE
10623310137661,DNE,E
10623310164640,DNE,DNE
10623316007009,E,E
10623490000000,DNE,DNE
10623496007017,DNE,DNE
10623560000000,DNE,DNE
10623566007025,DNE,E
10623640000000,DNE,DNE
10623640107409,DNE,E
10623640107623,DNE,DNE
10623640118661,DNE,DNE
10623640126870,DNE,E
10623640149120,DNE,DNE
10623641030238,DNE,DNE
10623641030329,DNE,DNE
10623641034990,DNE,E
10623641035005,DNE,DNE
10623646007033,DNE,E
10623646007041,DNE,E
10623646007058,DNE,E
10623646115224,DNE,E
10623720000000,DNE,DNE
10623726007066,DNE,DNE
10623800000000,DNE,DNE
10623800124982,DNE,DNE
10623800136499,E,E
10623800136754,DNE,DNE
10623800138347,DNE,DNE
10623800138354,DNE,DNE
10623800149138,DNE,DNE
10623806007074,DNE,E
10623980000000,DNE,DNE
10623986007082,DNE,DNE
10623986007090,DNE,DNE
10624060000000,DNE,DNE
10624061030253,DNE,DNE
10624061030436,DNE,DNE
10624061030519,DNE,DNE
10624061035575,DNE,DNE
10624140000000,DNE,DNE
10624140113043,DNE,E
10624140123463,DNE,E
10624140141291,DNE,E
10624140149146,DNE,DNE
10624140149153,DNE,DNE
10624140149161,DNE,DNE
10624140149179,DNE,DNE
10624140155895,DNE,DNE
10624141030105,DNE,DNE
10624141030451,DNE,E
10624141030766,DNE,DNE
10624141030824,DNE,E
10624141036086,DNE,E
10624141036094,DNE,E
10624141095033,DNE,DNE
10624146007108,DNE,E
10624146007116,DNE,E
10624146007124,DNE,E
10624146007132,DNE,E
10624146007140,DNE,E
10624146007157,DNE,E
10624146007165,DNE,E
10624146007173,DNE,E
10624146007181,DNE,E
10624146007199,DNE,DNE
10624146007207,DNE,E
10624146007215,DNE,E
10624146070007,DNE,DNE
10624146070015,DNE,DNE
10624146070023,DNE,DNE
10624146117865,DNE,DNE
10624146117873,DNE,DNE
10624220000000,DNE,DNE
10624226007223,DNE,DNE
10624300000000,DNE,DNE
10624300142141,DNE,DNE
10624301030758,DNE,E
10624301036607,DNE,E
10624301036615,DNE,DNE
10624301036672,DNE,E
10624306007231,DNE,E
10624306007256,DNE,E
10624306007264,DNE,DNE
10624306007272,DNE,DNE
10624306007280,DNE,E
10624306007298,DNE,E
10624306007314,DNE,E
10624306007322,DNE,E
10624306007330,DNE,DNE
10624306007348,DNE,E
10624306111124,DNE,E
10624480000000,DNE,DNE
10624486007355,DNE,DNE
10624486007363,DNE,DNE
10624486096853,DNE,DNE
10624550000000,DNE,DNE
10624551030139,DNE,DNE
10624551030311,DNE,DNE
10624551030592,DNE,DNE
10624551030618,DNE,DNE
10624551036938,DNE,DNE
10624710000000,DNE,DNE
10624716007371,DNE,DNE
10624890000000,DNE,DNE
10624896007389,DNE,DNE
10624970000000,DNE,DNE
10624976007397,DNE,DNE
10625050000000,DNE,DNE
10625051030246,DNE,DNE
10625051030261,DNE,DNE
10625051030352,DNE,DNE
10625051030360,DNE,DNE
10625051037456,DNE,DNE
10625130000000,DNE,DNE
10625130149195,DNE,DNE
10625136007405,DNE,E
10625210000000,DNE,DNE
10625390000000,DNE,DNE
10625390100214,DNE,DNE
10625390149203,DNE,DNE
10625391030881,DNE,DNE
10625396007413,E,E
10625396097737,DNE,DNE
10625396097745,DNE,DNE
10625396112387,E,E
10625470000000,DNE,DNE
10625470120535,DNE,DNE
10625470127159,DNE,DNE
10625470133454,DNE,DNE
10625470135103,DNE,E
10625470136523,E,E
10625470149211,DNE,DNE
10625476007421,DNE,DNE
10738090000000,DNE,DNE
10738090123950,DNE,E
10738090162867,DNE,DNE
10738091030121,DNE,E
10738091030147,DNE,E
10738091030345,DNE,DNE
10738091030535,DNE,DNE
10738091030568,DNE,DNE
10738091030691,DNE,DNE
10738096005995,DNE,E
10738096006001,DNE,E
10738096006019,DNE,E
10739650000000,DNE,DNE
10739650106476,DNE,E
10739650113993,DNE,E
10739650114751,DNE,E
10739650123943,DNE,E
10739650125682,DNE,E
10739650130690,DNE,E
10739650140269,DNE,E
10739650140509,DNE,E
10739650162560,DNE,DNE
10739650162990,DNE,DNE
10739650163006,DNE,DNE
10739650163014,DNE,DNE
10739650163022,DNE,DNE
10739650163030,DNE,DNE
10739651030386,DNE,E
10739651030402,DNE,DNE
10739651030626,DNE,E
10739651030790,DNE,E
10739651035112,DNE,E
10739656005789,DNE,E
10739656006654,DNE,E
10739656006662,DNE,E
10739656006910,DNE,E
10739656006936,DNE,E
10739656006944,DNE,E
10739656006951,DNE,E
10739656007389,DNE,E
10739656112023,DNE,E
10739656112775,DNE,E
10739656115521,DNE,E
10739656120521,DNE,E
10739656120539,DNE,E
10739990000000,DNE,DNE
10739990123596,DNE,E
10739990141036,DNE,E
10739990142422,DNE,DNE
10739990163048,DNE,DNE
10739991030428,DNE,DNE
10739991030543,DNE,DNE
10739991030576,DNE,DNE
10739991030741,DNE,DNE
10739991033422,DNE,E
10739991033430,DNE,E
10739996006670,DNE,DNE
10739996006688,DNE,E
10739996006696,DNE,E
10739996007371,DNE,E
10739996119978,DNE,E
10741530000000,DNE,DNE
10741531095017,DNE,DNE
10742600000000,DNE,DNE
10742601095025,DNE,DNE
10751270000000,DNE,DNE
10751270129163,DNE,E
10751270163147,DNE,DNE
10751271030261,DNE,E
10751271030410,DNE,DNE
10751271030493,DNE,E
10751271030725,DNE,E
10751276006969,DNE,E
10751276006977,DNE,E
10751276006985,DNE,E
10752260000000,DNE,DNE
10752266005755,DNE,DNE
10752266007355,DNE,DNE
10752266007363,DNE,DNE
10752266096853,DNE,DNE
10752340000000,DNE,DNE
10752340115360,DNE,DNE
10752340118281,DNE,DNE
10752341030246,DNE,DNE
10752341030261,DNE,DNE
10752341030352,DNE,DNE
10752341030360,DNE,DNE
10752341030659,DNE,DNE
10752341037456,DNE,DNE
10752343430485,DNE,DNE
10752346005805,DNE,DNE
10752346006647,DNE,DNE
10752346007223,DNE,DNE
10752346007397,DNE,DNE
10752750000000,DNE,DNE
10752750124123,DNE,DNE
10752750124586,DNE,DNE
10752751030139,DNE,DNE
10752751030600,DNE,DNE
10752751030709,DNE,DNE
10752751030808,DNE,DNE
10752751036938,DNE,DNE
10752756005755,DNE,DNE
10752756007355,DNE,DNE
10752756007363,DNE,DNE
10752756096853,DNE,DNE
10752756111553,DNE,DNE
10752756112544,DNE,DNE
10752756116552,DNE,DNE
10754080000000,DNE,DNE
10754080142166,DNE,E
10754080163493,DNE,DNE
10754081030253,DNE,E
10754081030519,DNE,DNE
10754081030832,DNE,DNE
10754081035575,DNE,E
10754086007082,DNE,E
10754086007090,DNE,E
10755980000000,DNE,DNE
10755980108985,DNE,DNE
10755980142174,DNE,DNE
10755980164749,DNE,DNE
10755981030535,DNE,E
10755981030543,DNE,E
10755986005813,DNE,E
10755986006993,DNE,DNE
10767780000000,DNE,DNE
10767780108993,DNE,DNE
10767780122473,E,E
10767780122770,DNE,DNE
10767780139873,DNE,DNE
10767780164061,DNE,DNE
10767780164079,DNE,DNE
10767781030774,DNE,E
10767781038298,E,E
10767781038306,E,E
10767786005748,E,E
10767786006605,E,E
10767786006613,E,E
11101160000000,DNE,DNE
11101160100370,DNE,DNE
11101160124909,DNE,E
11101160130724,E,E
11101160130807,DNE,DNE
11101160142968,DNE,DNE
11101160142976,DNE,DNE
11101160142984,DNE,DNE
11101160142992,DNE,DNE
11101161130079,DNE,DNE
11101161130087,DNE,DNE
11101161130103,DNE,DNE
11101166007629,DNE,DNE
11101166071955,DNE,DNE
11101166071963,DNE,DNE
11101166071971,DNE,DNE
11101166077184,DNE,DNE
11101166094478,DNE,DNE
11101166094486,DNE,DNE
11101166094916,DNE,DNE
11101166097414,DNE,DNE
11101166097976,DNE,DNE
11625540000000,DNE,DNE
11625546007439,DNE,DNE
11625700000000,DNE,DNE
11625880000000,DNE,DNE
11625881133685,DNE,DNE
11625881133693,DNE,DNE
11625960000000,DNE,DNE
11625960139550,E,E
11625966007454,DNE,E
11626120000000,DNE,DNE
11626126007470,DNE,DNE
11626126007488,DNE,DNE
11626126007496,DNE,DNE
11626200000000,DNE,DNE
11626201130012,DNE,DNE
11626201135656,DNE,DNE
11626380000000,DNE,DNE
11626386007504,E,E
11626460000000,DNE,DNE
11626461130020,DNE,DNE
11626461130095,DNE,DNE
11626461130152,DNE,DNE
11626461136209,DNE,DNE
11626466007512,DNE,DNE
11626466007520,DNE,DNE
11626466007538,DNE,DNE
11626466089262,DNE,DNE
11626466119218,DNE,DNE
11626530000000,DNE,DNE
11626531130046,DNE,E
11626531130137,DNE,DNE
11626531132109,DNE,E
11626536007546,DNE,E
11626536007553,DNE,E
11626536119200,DNE,DNE
11626610000000,DNE,DNE
11626611130038,DNE,E
11626611130129,DNE,DNE
11626611132851,DNE,E
11626616007561,DNE,DNE
11626616007579,DNE,DNE
11626616007587,DNE,DNE
11626616007595,DNE,DNE
11626616007603,DNE,E
11626616007611,DNE,E
11626616118475,DNE,DNE
11626616120737,DNE,DNE
11743850000000,DNE,DNE
11743851190016,DNE,DNE
11754810000000,DNE,DNE
11754810106252,DNE,DNE
11754811130012,DNE,E
11754811130145,DNE,E
11754811135656,DNE,E
11754816007470,DNE,E
11754816007488,DNE,E
11754816007496,DNE,E
11765620000000,DNE,DNE
11765620164053,DNE,DNE
11765621130053,DNE,DNE
11765621130061,DNE,DNE
11765621130111,DNE,DNE
11765621133701,DNE,DNE
11765626007447,DNE,DNE
11765626118079,DNE,DNE
12101240000000,DNE,DNE
12101240106153,E,E
12101240106161,E,E
12101240106179,DNE,E
12101240106187,DNE,DNE
12101240106195,DNE,DNE
12101240106203,E,E
12101240115097,DNE,DNE
12101240120972,DNE,DNE
12101240134163,E,E
12101240137364,DNE,E
12101240143008,DNE,DNE
12101240147652,DNE,DNE
12101240150011,DNE,DNE
12101241230077,DNE,DNE
12101241230184,DNE,DNE
12101241232214,DNE,DNE
12101246008221,DNE,E
12101246066641,DNE,DNE
12101246066658,DNE,DNE
12101246077192,E,E
12101246100440,DNE,DNE
12101246105639,DNE,DNE
12626790000000,DNE,DNE
12626790109975,DNE,DNE
12626790111708,E,E
12626790127266,DNE,DNE
12626790137653,E,E
12626796007637,DNE,DNE
12626796007645,DNE,DNE
12626796007652,DNE,DNE
12626796007660,E,E
12626796007678,E,E
12626796120562,DNE,E
12626796120612,DNE,DNE
12626870000000,DNE,DNE
12626870107110,DNE,E
12626870111922,DNE,DNE
12626870124263,E,E
12626871230036,DNE,DNE
12626871230044,E,E
12626871230051,E,E
12626871230143,DNE,DNE
12626871230614,DNE,DNE
12626871230705,E,E
12626871235209,E,E
12626950000000,DNE,DNE
12626951230168,DNE,DNE
12626956007686,DNE,E
12627030000000,DNE,DNE
12627036007694,DNE,E
12627110000000,DNE,DNE
12627116007702,DNE,DNE
12627116007900,DNE,DNE
12627290000000,DNE,DNE
12627296007710,DNE,E
12627370000000,DNE,DNE
12627376007728,DNE,E
12627450000000,DNE,DNE
12627456007736,DNE,E
12627456007744,DNE,E
12627520000000,DNE,DNE
12627526007751,DNE,DNE
12627526007769,DNE,DNE
12627526007777,DNE,DNE
12627526007785,DNE,DNE
12627526007793,DNE,DNE
12627526007801,DNE,DNE
12627526007819,DNE,DNE
12627526007827,DNE,DNE
12627526007835,DNE,DNE
12627526096564,DNE,DNE
12627526114706,DNE,DNE
12627600000000,DNE,DNE
12627601230101,DNE,DNE
12627601230127,DNE,DNE
12627601232057,DNE,DNE
12627601232107,DNE,DNE
12627601232206,DNE,DNE
12627606057376,DNE,DNE
12627606057384,DNE,DNE
12627606066633,DNE,DNE
12627606103204,DNE,DNE
12627780000000,DNE,DNE
12627786007843,DNE,DNE
12627860000000,DNE,DNE
12627861230085,DNE,DNE
12627861232909,DNE,DNE
12627940000000,DNE,DNE
12627946007850,DNE,E
12628020000000,DNE,DNE
12628100000000,DNE,DNE
12628100108043,DNE,DNE
12628100108688,DNE,E
12628101230119,DNE,DNE
12628101233352,DNE,E
12628101233402,DNE,E
12628280000000,DNE,DNE
12628286007884,DNE,E
12628286116289,DNE,E
12628360000000,DNE,DNE
12628366007892,DNE,E
12628510000000,DNE,DNE
12628516007918,DNE,E
12628690000000,DNE,DNE
12628696007926,DNE,DNE
12628850000000,DNE,DNE
12628856007942,DNE,DNE
12628930000000,DNE,DNE
12628936007959,E,E
12629010000000,DNE,DNE
12629010118182,DNE,DNE
12629010118190,DNE,DNE
12629011230028,DNE,DNE
12629011234004,DNE,DNE
12629016007967,DNE,DNE
12629016007975,DNE,DNE
12629016007983,DNE,DNE
12629016007991,DNE,DNE
12629016008007,DNE,DNE
12629190000000,DNE,DNE
12629196008015,DNE,E
12629270000000,DNE,DNE
12629276008023,DNE,E
12629350000000,DNE,DNE
12629356008031,E,E
12629430000000,DNE,DNE
12629436008049,DNE,DNE
12629436008254,DNE,DNE
12629436107866,DNE,DNE
12629436107874,DNE,DNE
12629500000000,DNE,DNE
12629500120816,DNE,DNE
12629506008056,DNE,DNE
12629506008064,DNE,DNE
12629506008072,DNE,DNE
12629680000000,DNE,DNE
12629686008080,DNE,E
12629760000000,DNE,DNE
12629760115154,DNE,E
12629766008098,DNE,E
12629840000000,DNE,DNE
12629846008106,DNE,E
12630080000000,DNE,DNE
12630086008114,DNE,DNE
12630086008122,DNE,DNE
12630160000000,DNE,DNE
12630240000000,DNE,DNE
12630246008155,DNE,E
12630320000000,DNE,DNE
12630320111203,E,E
12630320124289,DNE,E
12630326008163,DNE,E
12630326008171,DNE,E
12630400000000,DNE,DNE
12630400129114,DNE,E
12630400140376,DNE,E
12630401230010,DNE,E
12630401230069,DNE,E
12630401230093,DNE,DNE
12630401230176,DNE,DNE
12630401237007,DNE,E
12630406008189,DNE,DNE
12630406008197,DNE,E
12630406008205,DNE,DNE
12630406008213,DNE,E
12630406008239,DNE,E
12630406057392,DNE,DNE
12630406101893,DNE,DNE
12630570000000,DNE,DNE
12630576008247,E,E
12743930000000,DNE,DNE
12743931290014,DNE,DNE
12753740000000,DNE,DNE
12753741232909,E,E
12753746007843,E,E
12753820000000,DNE,DNE
12753821230085,DNE,E
12753821230135,DNE,DNE
12753826008049,DNE,E
12753826107874,DNE,E
12755150000000,DNE,DNE
12755150127407,DNE,DNE
12755150137778,DNE,DNE
12755150163592,DNE,DNE
12755150163600,DNE,DNE
12755151230101,DNE,DNE
12755151230127,DNE,DNE
12755151230150,DNE,E
12755151232057,DNE,DNE
12755151232107,DNE,DNE
12755151232206,DNE,DNE
12755156007751,DNE,DNE
12755156007769,DNE,DNE
12755156007777,DNE,DNE
12755156007785,DNE,DNE
12755156007793,DNE,DNE
12755156007801,DNE,DNE
12755156007819,DNE,DNE
12755156007827,DNE,DNE
12755156007835,DNE,DNE
12755156057376,DNE,DNE
12755156057384,DNE,DNE
12755156066633,DNE,DNE
12755156103204,DNE,DNE
12755156114706,DNE,DNE
12768020000000,DNE,DNE
12768020124164,DNE,E
12768026007868,E,E
12768026007876,E,E
12768026008130,E,E
12768026008148,E,E
13101320000000,DNE,DNE
13101320112391,DNE,DNE
13101320131094,DNE,E
13101320134379,DNE,E
13101320143016,DNE,DNE
13101320143024,DNE,DNE
13101320143032,DNE,DNE
13101320143040,DNE,DNE
13101320143057,DNE,DNE
13101320143065,DNE,DNE
13101320143073,DNE,DNE
13101320143081,DNE,DNE
13101320143099,DNE,DNE
13101320143107,DNE,DNE
13101320143115,DNE,DNE
13101320143123,DNE,DNE
13101320143131,DNE,DNE
13101321330067,DNE,DNE
13101321330075,DNE,DNE
13101321330083,DNE,DNE
13101321330109,DNE,DNE
13101321330117,DNE,E
13101321330125,DNE,DNE
13101326008668,DNE,DNE
13101326008676,DNE,DNE
13101326008684,DNE,DNE
13101326069272,DNE,E
13101326071054,DNE,DNE
13101326071070,DNE,DNE
13101326097281,DNE,DNE
13630730000000,DNE,DNE
13630730142414,DNE,DNE
13630736008262,DNE,E
13630736008270,DNE,E
13630736008288,DNE,E
13630736008296,DNE,E
13630736008304,DNE,E
13630736008312,DNE,DNE
13630736008320,DNE,DNE
13630736098461,DNE,DNE
13630810000000,DNE,DNE
13630811330141,DNE,E
13630811331354,DNE,E
13630811331404,DNE,E
13630990000000,DNE,DNE
13630990112318,E,E
13630990113985,E,E
13630990118364,DNE,DNE
13630990149237,DNE,DNE
13630991330026,DNE,DNE
13630991330158,DNE,DNE
13630991332154,E,E
13630991332204,E,E
13630996008338,DNE,DNE
13630996008346,E,E
13630996008353,DNE,DNE
13630996008361,E,E
13630996008379,E,E
13630996008387,E,E
13630996099485,E,E
13630996106975,E,E
13630996111587,DNE,E
13631070000000,DNE,DNE
13631071330034,DNE,DNE
13631071332501,DNE,E
13631076008395,DNE,E
13631076008403,DNE,E
13631076103535,DNE,E
13631150000000,DNE,DNE
13631150131243,DNE,E
13631150140954,DNE,E
13631151330091,DNE,DNE
13631151330133,DNE,E
13631151333004,DNE,E
13631151333558,DNE,E
13631230000000,DNE,DNE
13631230118455,DNE,E
13631230118778,DNE,DNE
13631230121855,DNE,DNE
13631230122663,E,E
13631236008411,E,E
13631236008429,E,E
13631236008437,E,E
13631236008445,E,E
13631236008452,E,E
13631236008460,E,E
13631236008478,E,E
13631236008486,E,E
13631236008494,E,E
13631236108823,E,E
13631236113658,E,E
13631310000000,DNE,DNE
13631310124149,DNE,DNE
13631310135657,DNE,E
13631316008502,DNE,E
13631316096689,DNE,DNE
13631490000000,DNE,DNE
13631490125922,DNE,E
13631491330042,DNE,DNE
13631491335306,DNE,E
13631491337138,E,E
13631496008510,DNE,E
13631496008528,DNE,E
13631496008536,DNE,E
13631496008544,DNE,DNE
13631640000000,DNE,DNE
13631640138917,DNE,E
13631641331115,DNE,E
13631641335900,DNE,E
13631646008551,DNE,E
13631646008569,DNE,E
13631646008577,DNE,DNE
13631646117808,DNE,E
13631720000000,DNE,DNE
13631726008585,DNE,E
13631800000000,DNE,DNE
13631806008593,DNE,E
13631980000000,DNE,DNE
13631986008619,DNE,DNE
13632060000000,DNE,DNE
13632066008627,E,E
13632140000000,DNE,DNE
13632140120881,DNE,E
13632140149252,DNE,DNE
13632141330018,DNE,E
13632141330059,DNE,DNE
13632141337609,DNE,E
13632146008635,DNE,E
13632146106298,DNE,E
13632146107130,DNE,DNE
13632220000000,DNE,DNE
13632226008643,DNE,E
13632300000000,DNE,DNE
13632306008650,DNE,E
13744010000000,DNE,DNE
13744011390012,DNE,DNE
14101400000000,DNE,DNE
14101400110049,DNE,DNE
14101400116905,DNE,DNE
14101400117994,DNE,E
14101400121301,DNE,DNE
14101400128447,DNE,DNE
14101400128454,DNE,DNE
14101400143149,DNE,DNE
14101400143156,DNE,DNE
14101400143164,DNE,DNE
14101400143172,DNE,DNE
14101400143180,DNE,DNE
14101400143198,DNE,DNE
14101400143206,DNE,DNE
14101400150045,DNE,DNE
14101400152637,DNE,DNE
14101401430032,DNE,DNE
14101401430073,DNE,E
14101401430099,DNE,DNE
14101401430115,DNE,DNE
14101401430131,DNE,DNE
14101406069280,DNE,DNE
14101406104202,DNE,DNE
14632480000000,DNE,DNE
14632480120832,DNE,DNE
14632480129072,DNE,DNE
14632481430057,DNE,DNE
14632481430123,DNE,DNE
14632481431352,DNE,E
14632486008692,DNE,E
14632550000000,DNE,DNE
14632551430057,DNE,DNE
14632556008718,DNE,DNE
14632630000000,DNE,DNE
14632710000000,DNE,DNE
14632711430016,DNE,DNE
14632711430040,DNE,DNE
14632711430065,DNE,E
14632711438308,DNE,E
14632716008734,DNE,DNE
14632716008742,DNE,E
14632716008759,DNE,E
14632890000000,DNE,DNE
14632890112151,DNE,DNE
14632890113241,DNE,DNE
14632891430024,DNE,DNE
14632891430081,DNE,DNE
14632891434901,DNE,E
14632896008767,DNE,DNE
14632896008775,DNE,E
14632896008783,DNE,DNE
14632970000000,DNE,DNE
14632970118893,DNE,DNE
14632971436203,DNE,E
14632976008791,DNE,E
14633050000000,DNE,DNE
14633056008809,DNE,E
14740700000000,DNE,DNE
14740701495019,DNE,DNE
14766870000000,DNE,DNE
14766870110031,DNE,E
14766870118299,DNE,E
14766870119081,DNE,E
14766870122671,DNE,DNE
14766870125047,DNE,E
14766871430057,DNE,E
14766871430107,DNE,E
14766871431600,DNE,E
14766876008700,DNE,E
14766876008726,DNE,E
14766876070783,DNE,DNE
15101570000000,DNE,DNE
15101570119669,DNE,E
15101570124040,DNE,E
15101570135467,DNE,E
15101570142505,DNE,DNE
15101570143214,DNE,DNE
15101570143222,DNE,DNE
15101570143230,DNE,DNE
15101570143248,DNE,DNE
15101570143255,DNE,DNE
15101570143263,DNE,DNE
15101570143271,DNE,DNE
15101570143289,DNE,DNE
15101570143297,DNE,DNE
15101570143305,DNE,DNE
15101570156364,DNE,DNE
15101571530062,DNE,DNE
15101571530153,DNE,DNE
15101571530187,DNE,DNE
15101571530237,DNE,DNE
15101571530278,DNE,DNE
15101571530302,DNE,E
15101571530310,DNE,E
15101571530443,DNE,DNE
15101571530492,DNE,E
15101571530500,DNE,E
15101571536614,DNE,DNE
15101576009518,DNE,DNE
15101576069496,DNE,DNE
15101576094858,DNE,DNE
15101576096010,DNE,DNE
15101576096903,DNE,DNE
15101576096945,DNE,DNE
15101576096952,DNE,DNE
15101576100457,DNE,DNE
15101576100465,DNE,DNE
15101576105290,DNE,DNE
15101576106389,DNE,DNE
15101576116073,DNE,DNE
15633130000000,DNE,DNE
15633130113027,DNE,E
15633130149260,DNE,DNE
15633130149278,DNE,DNE
15633130149286,DNE,DNE
15633136008817,DNE,E
15633136008825,DNE,DNE
15633136008833,DNE,E
15633136102818,DNE,DNE
15633136110464,DNE,E
15633139011750,DNE,DNE
15633210000000,DNE,DNE
15633210128694,DNE,DNE
15633210129171,DNE,E
15633210129189,DNE,E
15633210138149,DNE,E
15633210139808,DNE,E
15633210149294,DNE,DNE
15633210149302,DNE,DNE
15633210149310,DNE,DNE
15633210149328,DNE,DNE
15633210149336,DNE,DNE
15633210149344,DNE,DNE
15633210149351,DNE,DNE
15633210149369,DNE,DNE
15633210149377,DNE,DNE
15633210149385,DNE,DNE
15633210149393,DNE,DNE
15633210149401,DNE,DNE
15633210149419,DNE,DNE
15633210149427,DNE,DNE
15633210149435,DNE,DNE
15633210149443,DNE,DNE
15633210149450,DNE,DNE
15633210149468,DNE,DNE
15633210149476,DNE,DNE
15633210149484,DNE,DNE
15633216008841,DNE,E
15633216008858,DNE,E
15633216008866,DNE,E
15633216008874,DNE,E
15633216008882,DNE,E
15633216008890,DNE,E
15633216008908,DNE,DNE
15633216008916,DNE,E
15633216008924,DNE,E
15633216008932,DNE,E
15633216008940,DNE,E
15633216008957,DNE,E
15633216008965,DNE,E
15633216008973,DNE,E
15633216008981,DNE,E
15633216008999,DNE,E
15633216009005,DNE,E
15633216009013,DNE,E
15633216009021,DNE,E
15633216009047,DNE,E
15633216009054,DNE,DNE
15633216009062,DNE,E
15633216009070,DNE,E
15633216009088,DNE,E
15633216009096,DNE,E
15633216009104,DNE,E
15633216009112,DNE,DNE
15633216009120,DNE,E
15633216009138,DNE,E
15633216009146,DNE,E
15633216009153,DNE,E
15633216009161,DNE,E
15633216009179,DNE,E
15633216009187,DNE,E
15633216009195,DNE,E
15633216009203,DNE,E
15633216109052,DNE,E
15633216109060,DNE,E
15633216109078,DNE,E
15633216111264,DNE,E
15633216111900,DNE,E
15633216114110,DNE,DNE
15633216114284,DNE,E
15633216116719,DNE,E
15633216118293,DNE,DNE
15633216903587,DNE,DNE
15633390000000,DNE,DNE
15633390108589,E,E
15633396009211,E,E
15633396009229,E,E
15633396009237,E,E
15633470000000,DNE,DNE
15633540000000,DNE,DNE
15633546009252,DNE,E
15633620000000,DNE,DNE
15633620110775,DNE,E
15633620113951,DNE,E
15633620119099,DNE,E
15633620136713,DNE,E
15633620140731,DNE,E
15633620149492,DNE,DNE
15633620149500,DNE,DNE
15633626009260,DNE,E
15633626009922,DNE,E
15633626009930,DNE,E
15633626009948,DNE,E
15633626009955,DNE,E
15633626066674,DNE,E
15633626095012,DNE,E
15633626096986,DNE,E
15633626099428,DNE,E
15633626099436,DNE,E
15633626104632,DNE,E
15633626105423,DNE,E
15633626107619,DNE,E
15633626107627,DNE,E
15633626108187,DNE,E
15633626110001,DNE,E
15633626112262,DNE,E
15633626113401,DNE,E
15633626115257,DNE,E
15633626119994,DNE,E
15633700000000,DNE,DNE
15633700149518,DNE,DNE
15633706009278,DNE,E
15633880000000,DNE,DNE
15633886009286,DNE,DNE
15633886104772,DNE,E
15633960000000,DNE,DNE
15634040000000,DNE,DNE
15634040106575,DNE,E
15634040112185,DNE,E
15634040120139,DNE,E
15634040123075,DNE,DNE
15634040127712,DNE,E
15634040149526,DNE,DNE
15634040149534,DNE,DNE
15634040149542,DNE,DNE
15634040149559,DNE,DNE
15634040149567,DNE,DNE
15634040149575,DNE,DNE
15634046009344,DNE,E
15634046009351,DNE,E
15634046009369,DNE,E
15634046009377,DNE,E
15634046009385,DNE,DNE
15634046009393,DNE,E
15634046009401,DNE,DNE
15634046111355,DNE,E
15634046115471,DNE,E
15634046117915,DNE,E
15634046118228,DNE,DNE
15634120000000,DNE,DNE
15634120100529,DNE,E
15634120116384,DNE,E
15634121530088,DNE,DNE
15634121530211,DNE,DNE
15634121531656,DNE,E
15634121531672,DNE,E
15634200000000,DNE,DNE
15634206009419,E,E
15634206119689,DNE,DNE
15634380000000,DNE,DNE
15634380149583,DNE,DNE
15634386009435,E,E
15634386009443,E,E
15634460000000,DNE,DNE
15634460110213,DNE,DNE
15634466009450,DNE,E
15634530000000,DNE,DNE
15634536009468,DNE,DNE
15634536009476,DNE,DNE
15634536009484,DNE,DNE
15634610000000,DNE,DNE
15634610106690,E,E
15634610107987,E,E
15634610129130,E,E
15634616009492,DNE,DNE
15634616009500,E,E
15634790000000,DNE,DNE
15634796009518,DNE,DNE
15634796009526,DNE,DNE
15634796101588,DNE,E
15634796104004,DNE,E
15634796109987,DNE,E
15634796112783,DNE,E
15634796112791,DNE,E
15634870000000,DNE,DNE
15634876009534,DNE,DNE
15634950000000,DNE,DNE
15635030000000,DNE,DNE
15635030100685,DNE,E
15635030101014,DNE,E
15635030110767,DNE,E
15635030116715,DNE,E
15635030120865,DNE,E
15635030141903,DNE,E
15635030149591,DNE,DNE
15635030149609,DNE,DNE
15635030152678,DNE,DNE
15635030152686,DNE,DNE
15635030152694,DNE,DNE
15635030164954,DNE,DNE
15635030164962,DNE,DNE
15635030164970,DNE,DNE
15635036009559,DNE,E
15635036009567,DNE,E
15635036009575,DNE,DNE
15635036009583,DNE,E
15635036009591,DNE,E
15635036107783,DNE,DNE
15635036108468,DNE,E
15635036111157,DNE,E
15635036112270,DNE,E
15635290000000,DNE,DNE
15635290100198,DNE,E
15635290110999,DNE,E
15635290116392,DNE,E
15635290116400,DNE,E
15635290125062,DNE,E
15635290141101,DNE,E
15635290149617,DNE,DNE
15635291530021,DNE,E
15635291530047,DNE,E
15635291530104,DNE,DNE
15635291530112,DNE,E
15635291530161,DNE,DNE
15635291530179,DNE,DNE
15635291530195,DNE,DNE
15635291530203,DNE,DNE
15635291530252,DNE,E
15635291530260,DNE,DNE
15635291530294,DNE,DNE
15635291530344,DNE,E
15635291530369,DNE,E
15635291530385,DNE,E
15635291530435,DNE,DNE
15635291530450,DNE,DNE
15635291530476,DNE,E
15635291530609,DNE,DNE
15635291530708,DNE,E
15635291531375,DNE,DNE
15635291532290,DNE,E
15635291532605,DNE,E
15635291533330,DNE,E
15635291533538,DNE,E
15635291534775,DNE,E
15635291535087,DNE,E
15635291535392,DNE,E
15635291536325,DNE,E
15635291536606,DNE,E
15635371531300,DNE,DNE
15635450000000,DNE,DNE
15635450112524,DNE,DNE
15635450122887,DNE,DNE
15635450149666,DNE,DNE
15635456009641,DNE,DNE
15635456009658,DNE,DNE
15635456105696,DNE,DNE
15635520000000,DNE,DNE
15635526009666,DNE,DNE
15635526115042,DNE,DNE
15635600000000,DNE,DNE
15635600149674,DNE,DNE
15635600149682,DNE,DNE
15635600152702,DNE,DNE
15635606009674,DNE,E
15635606009682,DNE,E
15635606009690,DNE,E
15635606009708,DNE,E
15635780000000,DNE,DNE
15635780107771,DNE,E
15635780135186,DNE,E
15635786009716,DNE,DNE
15635786009989,DNE,E
15635786010003,DNE,E
15635786090591,DNE,E
15635860000000,DNE,DNE
15635866009724,DNE,DNE
15635940000000,DNE,DNE
15635940149690,DNE,DNE
15635946060420,DNE,E
15635946102792,DNE,E
15636100000000,DNE,DNE
15636106009732,DNE,E
15636280000000,DNE,DNE
15636280122853,E,E
15636280123455,DNE,DNE
15636280127183,DNE,DNE
15636280127209,DNE,E
15636280128504,DNE,E
15636280134312,DNE,E
15636280137687,DNE,E
15636280138131,DNE,E
15636281533843,E,E
15636286009740,E,E
15636286121024,DNE,DNE
15636360000000,DNE,DNE
15636510000000,DNE,DNE
15636516009245,DNE,DNE
15636516009773,DNE,DNE
15636690000000,DNE,DNE
15636696009781,DNE,E
15636770000000,DNE,DNE
15636770107847,DNE,DNE
15636770113837,DNE,E
15636770114512,DNE,E
15636770136259,DNE,E
15636770138487,DNE,DNE
15636771530013,DNE,DNE
15636771530336,DNE,DNE
15636771530427,DNE,DNE
15636771534460,DNE,DNE
15636776009799,DNE,E
15636776009807,DNE,DNE
15636776009815,DNE,DNE
15636776009823,DNE,E
15636776111272,DNE,E
15636776117220,DNE,DNE
15636850000000,DNE,DNE
15636850135236,DNE,DNE
15636850141077,DNE,DNE
15636851530286,DNE,DNE
15636851530997,DNE,DNE
15636851531482,DNE,DNE
15636851531987,DNE,DNE
15636856009831,DNE,DNE
15636856009864,DNE,DNE
15636856009872,DNE,DNE
15636856009880,DNE,DNE
15636856009898,DNE,DNE
15636856009906,DNE,DNE
15636856110191,DNE,DNE
15636930000000,DNE,DNE
15636930113738,DNE,E
15636936009914,DNE,E
15636936103493,DNE,E
15636936108575,DNE,E
15636936118681,DNE,E
15637010000000,DNE,DNE
15637016009922,DNE,DNE
15637016009930,DNE,DNE
15637016009948,DNE,DNE
15637016009955,DNE,DNE
15637016066674,DNE,DNE
15637016095012,DNE,DNE
15637016096986,DNE,DNE
15637016099428,DNE,DNE
15637016099436,DNE,DNE
15637016104632,DNE,DNE
15637016105423,DNE,DNE
15637190000000,DNE,DNE
15637196009963,DNE,E
15637270000000,DNE,DNE
15637350000000,DNE,DNE
15637356009989,DNE,DNE
15637356010003,DNE,DNE
15637356090591,DNE,DNE
15637430000000,DNE,DNE
15637500000000,DNE,DNE
15637500111245,DNE,E
15637506010029,DNE,E
15637506096127,DNE,E
15637506108781,DNE,E
15637506110431,DNE,E
15637506111686,DNE,E
15637506113484,DNE,E
15637506117717,DNE,E
15637506120398,DNE,E
15637680000000,DNE,DNE
15637680124842,DNE,DNE
15637686010037,DNE,E
15637760000000,DNE,DNE
15637760111377,DNE,E
15637761530039,DNE,E
15637761530377,DNE,E
15637761530419,DNE,DNE
15637761534957,DNE,E
15637766010045,DNE,E
15637766010052,DNE,E
15637766061212,DNE,DNE
15637840000000,DNE,DNE
15637840118604,DNE,DNE
15637840126862,DNE,DNE
15637846010060,DNE,E
15637846118103,DNE,DNE
15637920000000,DNE,DNE
15637926010078,DNE,E
15637926010086,DNE,E
15637926010094,DNE,E
15637926010102,DNE,E
15638000000000,DNE,DNE
15638001530518,DNE,DNE
15638006010110,DNE,E
15638006010128,DNE,E
15638006010136,DNE,E
15638006010144,DNE,E
15638006010151,DNE,E
15638006010169,DNE,E
15638180000000,DNE,DNE
15638180107904,DNE,DNE
15638181530138,DNE,DNE
15638181535905,DNE,DNE
15638260000000,DNE,DNE
15638260127258,DNE,DNE
15638260141663,DNE,E
15638261530245,DNE,E
15638261530328,DNE,DNE
15638261530393,DNE,DNE
15638261530468,DNE,DNE
15638261536135,DNE,E
15638266010177,DNE,DNE
15638266010185,DNE,DNE
15638266010193,DNE,DNE
15638266010201,DNE,E
15638266010219,DNE,DNE
15638266057426,DNE,E
15638266101877,DNE,DNE
15638266105415,DNE,E
15638266108898,DNE,E
15638340000000,DNE,DNE
15638346010227,DNE,E
15638346010235,DNE,E
15638420000000,DNE,DNE
15638420113167,DNE,E
15638420138701,DNE,E
15638426010243,DNE,E
15638426010250,DNE,E
15638426010268,DNE,E
15638426110340,DNE,E
15638590000000,DNE,DNE
15638591530120,DNE,DNE
15638591530351,DNE,E
15638591536440,DNE,E
15638671535707,DNE,DNE
15638671555812,DNE,DNE
15735440000000,DNE,DNE
15735446010011,E,E
15735446117816,E,E
15737420000000,DNE,DNE
15737420115717,DNE,DNE
15737420119495,DNE,DNE
15737420162800,DNE,DNE
15737420162818,DNE,DNE
15737420162826,DNE,DNE
15737421530054,DNE,E
15737421530070,DNE,DNE
15737421531367,DNE,E
15737426009294,DNE,E
15737426009302,DNE,DNE
15737426009310,DNE,E
15737426009328,DNE,E
15737426009336,DNE,DNE
15737426009609,DNE,E
15737426009617,DNE,E
15737426009625,DNE,E
15737426009633,DNE,E
15737426009971,DNE,DNE
15737426085203,DNE,DNE
15737426110712,DNE,E
15739080000000,DNE,DNE
15739080133504,DNE,E
15739081530146,DNE,E
15739081530229,DNE,E
15739081534155,DNE,E
15739086009757,DNE,E
15739086009765,DNE,E
15739086106306,DNE,E
15741610000000,DNE,DNE
15741611595016,DNE,DNE
15747570000000,DNE,DNE
15747571595040,DNE,DNE
15747650000000,DNE,DNE
15747651595057,DNE,DNE
15748070000000,DNE,DNE
15748071595149,DNE,DNE
15751680000000,DNE,DNE
15751680102111,DNE,DNE
15751680113910,DNE,DNE
15751681530401,E,E
15751681530484,DNE,DNE
15751686009468,E,E
15751686009476,E,E
15751686009484,DNE,DNE
15756300000000,DNE,DNE
16101650000000,DNE,DNE
16101650121434,DNE,DNE
16101650143313,DNE,DNE
16101650143321,DNE,DNE
16101650143339,DNE,DNE
16101650143347,DNE,DNE
16101651630037,DNE,DNE
16101651630045,DNE,DNE
16101651630052,DNE,DNE
16101651630094,DNE,DNE
16101651630102,DNE,E
16101651630193,DNE,DNE
16101656010581,DNE,DNE
16101656010599,DNE,DNE
16101656069298,DNE,E
16101656089239,DNE,DNE
16101656096317,DNE,DNE
16101656097380,DNE,DNE
16638750000000,DNE,DNE
16638750101717,DNE,E
16638750112698,DNE,E
16638750118331,DNE,DNE
16638750121491,DNE,DNE
16638756010276,DNE,E
16638756010284,DNE,E
16638830000000,DNE,DNE
16638836010292,DNE,E
16638836010300,DNE,E
16638836010318,DNE,E
16638836010326,DNE,E
16638910000000,DNE,DNE
16638910110858,E,E
16638910114488,DNE,DNE
16638910120154,DNE,DNE
16638910122820,E,E
16638910149716,DNE,DNE
16638911630086,DNE,DNE
16638911630177,DNE,DNE
16638911632140,E,E
16638911632207,E,E
16638916010334,E,E
16638916010342,E,E
16638916010359,E,E
16638916010367,E,E
16638916010375,DNE,DNE
16638919011727,DNE,DNE
16639090000000,DNE,DNE
16639096010383,DNE,DNE
16639170000000,DNE,DNE
16639170110981,DNE,E
16639176010391,DNE,E
16639176010409,DNE,E
16639176010417,DNE,E
16639176010425,DNE,E
16639176010433,DNE,E
16639176010458,DNE,E
16639176103485,DNE,DNE
16639176108815,DNE,E
16639176112379,DNE,E
16639176113609,DNE,E
16639176118459,DNE,E
16639176118796,DNE,DNE
16639176118798,DNE,E
16639179009341,DNE,DNE
16639250000000,DNE,DNE
16639250118919,DNE,E
16639250137901,DNE,DNE
16639251630060,DNE,DNE
16639251630151,DNE,E
16639251630169,DNE,E
16639251634245,DNE,E
16639251634302,DNE,DNE
16639251634401,DNE,E
16639330000000,DNE,DNE
16639336010466,DNE,E
16639410000000,DNE,DNE
16639416010474,DNE,E
16639580000000,DNE,DNE
16639580132860,DNE,DNE
16639580136556,E,E
16639586010482,DNE,E
16639586113120,DNE,E
16639660000000,DNE,DNE
16639660114611,DNE,DNE
16639666010490,DNE,DNE
16639666010508,DNE,E
16639740000000,DNE,DNE
16639740100156,DNE,DNE
16639740128702,DNE,E
16639740140368,DNE,E
16639746010516,DNE,DNE
16639746010524,DNE,DNE
16639746010532,DNE,E
16639746010540,DNE,DNE
16639746066666,DNE,E
16639746069140,DNE,E
16639746111934,DNE,E
16639746118590,DNE,E
16639820000000,DNE,DNE
16639820102004,DNE,DNE
16639820110205,DNE,E
16639820133512,DNE,DNE
16639820136234,E,E
16639821630011,E,E
16639821630128,DNE,DNE
16639821630144,DNE,DNE
16639821635606,DNE,E
16639900000000,DNE,DNE
16639900116699,DNE,E
16639906010557,DNE,E
16639906110233,DNE,E
16739320000000,DNE,DNE
16739320162958,DNE,DNE
16739321630078,E,E
16739321630110,DNE,DNE
16739321630136,DNE,DNE
16739321630185,E,E
16739321630953,E,E
16739326010565,E,E
16739326010573,E,E
16739326109888,E,E
16739326116966,DNE,DNE
16739326118566,E,E
16747080000000,DNE,DNE
16747081690015,DNE,DNE
17101730000000,DNE,DNE
17101730107995,DNE,DNE
17101730113225,DNE,DNE
17101730117093,DNE,DNE
17101730128231,DNE,E
17101730142125,DNE,DNE
17101730143354,DNE,DNE
17101730143362,DNE,DNE
17101730143370,DNE,DNE
17101730143388,DNE,DNE
17101730143396,DNE,DNE
17101730143404,DNE,DNE
17101730143412,DNE,DNE
17101730143420,DNE,DNE
17101731730068,DNE,DNE
17101731730167,DNE,E
17101736069306,DNE,DNE
17101736095319,DNE,DNE
17321441790021,DNE,DNE
17640140000000,DNE,DNE
17640140120774,DNE,DNE
17640140120790,DNE,DNE
17640140130989,DNE,DNE
17640140138537,DNE,E
17640140139717,DNE,DNE
17640140141382,DNE,DNE
17640141730043,DNE,E
17640141730100,DNE,DNE
17640141730159,DNE,E
17640141734359,DNE,E
17640146010607,DNE,E
17640146069587,DNE,DNE
17640146071989,DNE,DNE
17640146107791,DNE,E
17640146112759,DNE,E
17640220000000,DNE,DNE
17640220107706,DNE,E
17640220112490,DNE,DNE
17640220117861,DNE,DNE
17640220121442,DNE,DNE
17640220132571,DNE,DNE
17640220142158,DNE,E
17640221730027,DNE,E
17640221730076,DNE,DNE
17640221730118,DNE,E
17640221730134,DNE,DNE
17640221735000,DNE,E
17640226010615,DNE,E
17640226010623,DNE,E
17640226057434,DNE,E
17640226084990,DNE,E
17640226103212,DNE,DNE
17640226103964,DNE,DNE
17640226109706,DNE,E
17640226113930,DNE,DNE
17640300000000,DNE,DNE
17640300114215,DNE,E
17640301730019,DNE,E
17640301730142,DNE,E
17640301732304,DNE,E
17640306010631,DNE,E
17640306010649,DNE,E
17640480000000,DNE,DNE
17640486010656,E,E
17640550000000,DNE,DNE
17640550108340,DNE,E
17640550129601,DNE,E
17640551730035,DNE,E
17640551730084,DNE,DNE
17640551730126,DNE,DNE
17640551736008,DNE,E
17640556010664,DNE,DNE
17640556010672,DNE,E
17640556105456,DNE,E
17640556107049,DNE,E
17640556110761,DNE,E
17640556115869,DNE,DNE
17640630000000,DNE,DNE
17640636115612,DNE,DNE
17640710000000,DNE,DNE
17744190000000,DNE,DNE
17744191790013,DNE,DNE
17769760000000,DNE,DNE
17769760123547,DNE,DNE
17769761730050,DNE,E
17769761730175,DNE,DNE
17769761737006,DNE,E
17769766010680,DNE,E
17769766108773,DNE,E
18101810000000,DNE,DNE
18101810138495,DNE,DNE
18101810138503,DNE,DNE
18101810140566,DNE,DNE
18101811830058,DNE,DNE
18101811830066,DNE,DNE
18101811830140,DNE,DNE
18101816010854,DNE,DNE
18101816069934,DNE,E
18101816096218,DNE,DNE
18640890000000,DNE,DNE
18640890136374,DNE,DNE
18640891830041,DNE,DNE
18640891830108,DNE,DNE
18640891830116,DNE,DNE
18640891831601,DNE,DNE
18640896010698,DNE,DNE
18640896010706,DNE,DNE
18640970000000,DNE,DNE
18640976010714,DNE,DNE
18640976096341,DNE,DNE
18641050000000,DNE,DNE
18641056010730,DNE,E
18641130000000,DNE,DNE
18641136010748,E,E
18641210000000,DNE,DNE
18641216010755,DNE,DNE
18641390000000,DNE,DNE
18641390101246,DNE,DNE
18641390106385,DNE,DNE
18641390131953,DNE,E
18641391830017,DNE,DNE
18641391830033,DNE,DNE
18641391830082,DNE,DNE
18641391830124,DNE,DNE
18641391833409,DNE,DNE
18641391833805,DNE,E
18641391833813,DNE,E
18641540000000,DNE,DNE
18641546010763,DNE,DNE
18641620000000,DNE,DNE
18641620118067,DNE,DNE
18641620120287,DNE,DNE
18641626010789,DNE,E
18641700000000,DNE,DNE
18641706010797,E,E
18641880000000,DNE,DNE
18641880120147,DNE,DNE
18641886010805,DNE,DNE
18641960000000,DNE,DNE
18641960135756,DNE,E
18641966010813,E,E
18641966010821,E,E
18641966010839,DNE,DNE
18641966109748,E,E
18641966116503,DNE,DNE
18641966116511,DNE,DNE
18642040000000,DNE,DNE
18642041830025,DNE,DNE
18642041830074,DNE,DNE
18642041830090,DNE,DNE
18642041830132,DNE,DNE
18642041838507,DNE,E
18642046010847,DNE,E
18642046119374,DNE,DNE
18747400000000,DNE,DNE
18747401895028,DNE,DNE
18750360000000,DNE,DNE
18750360100552,DNE,DNE
18750360121657,DNE,DNE
18750360124537,DNE,DNE
18750361830033,DNE,DNE
18750361833409,DNE,DNE
18750366010714,DNE,DNE
18750366010763,DNE,E
18750366096341,DNE,DNE
18767290000000,DNE,DNE
19101990000000,DNE,DNE
19101990100776,DNE,DNE
19101990102145,DNE,DNE
19101990106880,DNE,E
19101990109660,DNE,E
19101990109918,DNE,DNE
19101990112128,DNE,E
19101990112730,DNE,DNE
19101990115030,DNE,E
19101990115212,DNE,E
19101990121772,DNE,E
19101990121822,E,E
19101990121871,E,E
19101990121897,DNE,DNE
19101990121905,E,E
19101990121921,E,E
19101990121939,E,E
19101990121947,DNE,DNE
19101990121954,E,E
19101990121970,DNE,DNE
19101990121988,DNE,DNE
19101990121996,DNE,DNE
19101990122002,DNE,DNE
19101990122010,DNE,DNE
19101990122028,DNE,DNE
19101990122036,DNE,DNE
19101990122044,DNE,DNE
19101990122051,DNE,DNE
19101990122069,DNE,DNE
19101990122077,DNE,DNE
19101990123604,DNE,DNE
19101990123612,DNE,DNE
19101990123877,DNE,DNE
19101990124925,DNE,DNE
19101990125229,DNE,DNE
19101990127274,DNE,DNE
19101990127498,DNE,E
19101990127522,DNE,DNE
19101990128025,DNE,E
19101990132605,DNE,E
19101990134346,DNE,E
19101990134361,DNE,E
19101990135368,DNE,E
19101990135582,DNE,E
19101990136119,DNE,E
19101990137166,DNE,E
19101990137679,DNE,E
19101990138669,E,E
19101990139170,DNE,E
19101990139345,DNE,E
19101990140400,DNE,DNE
19101990140681,DNE,E
19101990140756,DNE,DNE
19101990140772,DNE,E
19101990140798,DNE,E
19101990140962,DNE,E
19101990143438,DNE,DNE
19101990143446,DNE,DNE
19101990143453,DNE,DNE
19101990143461,DNE,DNE
19101990143479,DNE,DNE
19101990143487,DNE,DNE
19101990143495,DNE,DNE
19101990143503,DNE,DNE
19101990143511,DNE,DNE
19101990143529,DNE,DNE
19101990143537,DNE,DNE
19101990143545,DNE,DNE
19101990143552,DNE,DNE
19101990143560,DNE,DNE
19101990143578,DNE,DNE
19101990143586,DNE,DNE
19101990143594,DNE,DNE
19101990143602,DNE,DNE
19101990143610,DNE,DNE
19101990143628,DNE,DNE
19101990143636,DNE,DNE
19101990143644,DNE,DNE
19101990143651,DNE,DNE
19101990143669,DNE,DNE
19101990143677,DNE,DNE
19101990143685,DNE,DNE
19101990143693,DNE,DNE
19101990143701,DNE,DNE
19101990143719,DNE,DNE
19101990143727,DNE,DNE
19101990143735,DNE,DNE
19101990143743,DNE,DNE
19101990143750,DNE,DNE
19101990143768,DNE,DNE
19101990143776,DNE,DNE
19101990143784,DNE,DNE
19101990143792,DNE,DNE
19101990143800,DNE,DNE
19101990143818,DNE,DNE
19101990143826,DNE,DNE
19101990143834,DNE,DNE
19101990143842,DNE,DNE
19101990143859,DNE,DNE
19101990143867,DNE,DNE
19101990143875,DNE,DNE
19101990143883,DNE,DNE
19101990143891,DNE,DNE
19101990143909,DNE,DNE
19101990143917,DNE,DNE
19101990143925,DNE,DNE
19101990143933,DNE,DNE
19101990143941,DNE,DNE
19101990143958,DNE,DNE
19101990143966,DNE,DNE
19101990164822,DNE,DNE
19101990164830,DNE,DNE
19101990164848,DNE,DNE
19101990164855,DNE,DNE
19101990164863,DNE,DNE
19101991930049,DNE,DNE
19101991930569,DNE,DNE
19101991930742,DNE,DNE
19101991930882,DNE,DNE
19101991930890,DNE,DNE
19101991930916,DNE,DNE
19101991931138,DNE,DNE
19101991931203,DNE,DNE
19101991931229,DNE,DNE
19101991931898,DNE,DNE
19101991931906,DNE,DNE
19101991931914,DNE,DNE
19101991932177,DNE,DNE
19101991932193,DNE,DNE
19101991932268,DNE,DNE
19101991932557,DNE,DNE
19101991932565,DNE,DNE
19101991932573,DNE,DNE
19101991932599,DNE,DNE
19101991932607,DNE,DNE
19101991932615,DNE,DNE
19101991932631,DNE,DNE
19101991932714,DNE,DNE
19101991932730,DNE,DNE
19101991932748,DNE,DNE
19101991932755,DNE,DNE
19101991932771,DNE,DNE
19101991932797,DNE,DNE
19101991932805,DNE,DNE
19101991932813,DNE,DNE
19101991932839,DNE,DNE
19101991933357,DNE,DNE
19101991933399,E,E
19101991933720,DNE,DNE
19101991934058,DNE,DNE
19101991934496,DNE,DNE
19101991934504,DNE,DNE
19101991934587,DNE,DNE
19101991934892,DNE,DNE
19101991935170,DNE,DNE
19101991935386,DNE,DNE
19101991935394,DNE,DNE
19101991935451,DNE,DNE
19101991935642,DNE,DNE
19101991935691,DNE,DNE
19101991936129,DNE,DNE
19101991936483,DNE,DNE
19101991936525,DNE,DNE
19101991937317,DNE,DNE
19101991937630,DNE,DNE
19101991937648,DNE,DNE
19101991937655,DNE,DNE
19101991937721,DNE,DNE
19101991937986,DNE,DNE
19101991938059,DNE,DNE
19101991938067,DNE,DNE
19101991995232,DNE,DNE
19101991995240,DNE,DNE
19101991995257,DNE,DNE
19101991995265,DNE,DNE
19101991995869,E,E
19101991996008,DNE,DNE
19101991996164,DNE,DNE
19101991996172,DNE,DNE
19101991996180,DNE,DNE
19101991996198,DNE,DNE
19101991996206,DNE,DNE
19101991996214,E,E
19101991996222,DNE,DNE
19101996069173,DNE,DNE
19101996071716,DNE,DNE
19101996071765,DNE,DNE
19101996071773,DNE,DNE
19101996071781,DNE,DNE
19101996071849,DNE,DNE
19101996071872,DNE,DNE
19101996085716,DNE,DNE
19101996085930,DNE,DNE
19101996085955,DNE,DNE
19101996085963,DNE,DNE
19101996093876,DNE,DNE
19101996094015,DNE,DNE
19101996094148,DNE,DNE
19101996094213,DNE,DNE
19101996094239,DNE,DNE
19101996095475,DNE,DNE
19101996116883,DNE,E
19101996119945,DNE,E
19101999005430,DNE,DNE
19101999005455,DNE,DNE
19111970000000,DNE,DNE
19111971931146,DNE,DNE
19111971931153,DNE,DNE
19111971931195,DNE,DNE
19111971931799,DNE,DNE
19111971931815,DNE,DNE
19111971931831,DNE,DNE
19111971931872,DNE,DNE
19111971932003,DNE,DNE
19111971932011,DNE,DNE
19111971932045,DNE,DNE
19111971932052,DNE,DNE
19111971932300,DNE,DNE
19111971932789,DNE,DNE
19111971933266,DNE,DNE
19111971995232,DNE,DNE
19111976014187,DNE,DNE
19111976014898,DNE,DNE
19111976022040,DNE,DNE
19111976022511,DNE,DNE
19111976071708,DNE,DNE
19111976071724,DNE,DNE
19111976071732,DNE,DNE
19111976071740,DNE,DNE
19111976071757,DNE,DNE
19111976071799,DNE,DNE
19111976071823,DNE,DNE
19111976071831,DNE,DNE
19111976071856,DNE,DNE
19111976071864,DNE,DNE
19111976071880,DNE,DNE
19111976071898,DNE,DNE
19111976085724,DNE,DNE
19111976085732,DNE,DNE
19111976085740,DNE,DNE
19111976085757,DNE,DNE
19111976085948,DNE,DNE
19111976085989,DNE,DNE
19111976089544,DNE,DNE
19111976092704,DNE,DNE
19111976093678,DNE,DNE
19111976093686,DNE,DNE
19111976093694,DNE,DNE
19111976093702,DNE,DNE
19111976093728,DNE,DNE
19111976093736,DNE,DNE
19111976093744,DNE,DNE
19111976093751,DNE,DNE
19111976093769,DNE,DNE
19111976093777,DNE,DNE
19111976093785,DNE,DNE
19111976093793,DNE,DNE
19111976093801,DNE,DNE
19111976093819,DNE,DNE
19111976093827,DNE,DNE
19111976093835,DNE,DNE
19111976093843,DNE,DNE
19111976093850,DNE,DNE
19111976093868,DNE,DNE
19111976093876,DNE,DNE
19111976093884,DNE,DNE
19111976093892,DNE,DNE
19111976093900,DNE,DNE
19111976093918,DNE,DNE
19111976093926,DNE,DNE
19111976093934,DNE,DNE
19111976093942,DNE,DNE
19111976093959,DNE,DNE
19111976093967,DNE,DNE
19111976093975,DNE,DNE
19111976093983,DNE,DNE
19111976093991,DNE,DNE
19111976094007,DNE,DNE
19111976094015,DNE,DNE
19111976094023,DNE,DNE
19111976094031,DNE,DNE
19111976094049,DNE,DNE
19111976094056,DNE,DNE
19111976094072,DNE,DNE
19111976094080,DNE,DNE
19111976094098,DNE,DNE
19111976094114,DNE,DNE
19111976094122,DNE,DNE
19111976094130,DNE,DNE
19111976094148,DNE,DNE
19111976094155,DNE,DNE
19111976094163,DNE,DNE
19111976094171,DNE,DNE
19111976094189,DNE,DNE
19111976094205,DNE,DNE
19111976094213,DNE,DNE
19111976094221,DNE,DNE
19111976094239,DNE,DNE
19111976094247,DNE,DNE
19111976094254,DNE,DNE
19111976094262,DNE,DNE
19111976094270,DNE,DNE
19111976094288,DNE,DNE
19111976094296,DNE,DNE
19111976094304,DNE,DNE
19111976094320,DNE,DNE
19111976094338,DNE,DNE
19111976094346,DNE,DNE
19111976094353,DNE,DNE
19111976094361,DNE,DNE
19111976094379,DNE,DNE
19111976094387,DNE,DNE
19111976094395,DNE,DNE
19111976094403,DNE,DNE
19111976094411,DNE,DNE
19111976094429,DNE,DNE
19111976094437,DNE,DNE
19111976094445,DNE,DNE
19111976094452,DNE,DNE
19111976094460,DNE,DNE
19111976095483,DNE,DNE
19111976095491,DNE,DNE
19111976095509,DNE,DNE
19111976095525,DNE,DNE
19111976095533,DNE,DNE
19111976095558,DNE,DNE
19111976095566,DNE,DNE
19111976095574,DNE,DNE
19111976095582,DNE,DNE
19111976095590,DNE,DNE
19111976095608,DNE,DNE
19111976095616,DNE,DNE
19111976095624,DNE,DNE
19111976095632,DNE,DNE
19111976095640,DNE,DNE
19111976095657,DNE,DNE
19111976095665,DNE,DNE
19111976095673,DNE,DNE
19111976095681,DNE,DNE
19111976095699,DNE,DNE
19111976095715,DNE,DNE
19111976095723,DNE,DNE
19111976095731,DNE,DNE
19111976095749,DNE,DNE
19111976095756,DNE,DNE
19111976095764,DNE,DNE
19111976095772,DNE,DNE
19111976095780,DNE,DNE
19111976095798,DNE,DNE
19111976095806,DNE,DNE
19111976095814,DNE,DNE
19111976095822,DNE,DNE
19111976095830,DNE,DNE
19111976095848,DNE,DNE
19111976095855,DNE,DNE
19111976096374,DNE,DNE
19111976096382,DNE,DNE
19111976096390,DNE,DNE
19111976096408,DNE,DNE
19111976096416,DNE,DNE
19111976096424,DNE,DNE
19111976096432,DNE,DNE
19111976096440,DNE,DNE
19111976096457,DNE,DNE
19111976096465,DNE,DNE
19111976096473,DNE,DNE
19111976096481,DNE,DNE
19111976096499,DNE,DNE
19111976096507,DNE,DNE
19111976096861,DNE,DNE
19111976097448,DNE,DNE
19111976097455,DNE,DNE
19111976097463,DNE,DNE
19111976097471,DNE,DNE
19111976097489,DNE,DNE
19111976097497,DNE,DNE
19111976097505,DNE,DNE
19111976097513,DNE,DNE
19111976097521,DNE,DNE
19111976097547,DNE,DNE
19111976097554,DNE,DNE
19111976097570,DNE,DNE
19111976097588,DNE,DNE
19111976097596,DNE,DNE
19111976097604,DNE,DNE
19111976098818,DNE,DNE
19111976098826,DNE,DNE
19111976098834,DNE,DNE
19111976098842,DNE,DNE
19111976098859,DNE,DNE
19111976098867,DNE,DNE
19111976098875,DNE,DNE
19111976098883,DNE,DNE
19111976098891,DNE,DNE
19111976098909,DNE,DNE
19111976098917,DNE,DNE
19111976098925,DNE,DNE
19111976098933,DNE,DNE
19111976098941,DNE,DNE
19111976098958,DNE,DNE
19111976098966,DNE,DNE
19111976098974,DNE,DNE
19111976098982,DNE,DNE
19111976098990,DNE,DNE
19111976099279,DNE,DNE
19111976099287,DNE,DNE
19111976099295,DNE,DNE
19111976099303,DNE,DNE
19111976099311,DNE,DNE
19111976099337,DNE,DNE
19111976099345,DNE,DNE
19111976099824,DNE,DNE
19111976099832,DNE,DNE
19111976099840,DNE,DNE
19111976099857,DNE,DNE
19111976099865,DNE,DNE
19111976099873,DNE,DNE
19111976099881,DNE,DNE
19111976099899,DNE,DNE
19111976099907,DNE,DNE
19111976099915,DNE,DNE
19111976099923,DNE,DNE
19111976099931,DNE,DNE
19111976099949,DNE,DNE
19111976099956,DNE,DNE
19111976099964,DNE,DNE
19111976099972,DNE,DNE
19111976101240,DNE,DNE
19111976101257,DNE,DNE
19111976101265,DNE,DNE
19111976101273,DNE,DNE
19111976101281,DNE,DNE
19111976101331,DNE,DNE
19111976101349,DNE,DNE
19111976101356,DNE,DNE
19111976101364,DNE,DNE
19111976101372,DNE,DNE
19111976101380,DNE,DNE
19111976101398,DNE,DNE
19111976101406,DNE,DNE
19111976101414,DNE,DNE
19111976101422,DNE,DNE
19111976101430,DNE,DNE
19111976101448,DNE,DNE
19111976101455,DNE,DNE
19111976101463,DNE,DNE
19111976101471,DNE,DNE
19111976101489,DNE,DNE
19111976102222,DNE,DNE
19111976102248,DNE,DNE
19111976102255,DNE,DNE
19111976102263,DNE,DNE
19111976102271,DNE,DNE
19111976102289,DNE,DNE
19111976102297,DNE,DNE
19111976102305,DNE,DNE
19111976102313,DNE,DNE
19111976102321,DNE,DNE
19111976102339,DNE,DNE
19111976102347,DNE,DNE
19111976102354,DNE,DNE
19111976102362,DNE,DNE
19111976102370,DNE,DNE
19111976102388,DNE,DNE
19111976102396,DNE,DNE
19111976102404,DNE,DNE
19111976102412,DNE,DNE
19111976102420,DNE,DNE
19111976102438,DNE,DNE
19111976102446,DNE,DNE
19111976102453,DNE,DNE
19111976103006,DNE,DNE
19111976103014,DNE,DNE
19111976103022,DNE,DNE
19111976103030,DNE,DNE
19111976103048,DNE,DNE
19111976103055,DNE,DNE
19111976103063,DNE,DNE
19111976103071,DNE,DNE
19111976103089,DNE,DNE
19111976103147,DNE,DNE
19111976103162,DNE,DNE
19111976104285,DNE,DNE
19111976104293,DNE,DNE
19111976104301,DNE,DNE
19111976104319,DNE,DNE
19111976104327,DNE,DNE
19111976104459,DNE,DNE
19111976104467,DNE,DNE
19111976104848,DNE,DNE
19111976104855,DNE,DNE
19111976104863,DNE,DNE
19111976104871,DNE,DNE
19111976104889,DNE,DNE
19111976104897,DNE,DNE
19111976104905,DNE,DNE
19111976104913,DNE,DNE
19111976104921,DNE,DNE
19111976104939,DNE,DNE
19111976104947,DNE,DNE
19111976104954,DNE,DNE
19111976104962,DNE,DNE
19191900000000,DNE,DNE
19320291936319,DNE,DNE
19321851931096,DNE,DNE
19322761931096,DNE,DNE
19322761936319,DNE,DNE
19642120000000,DNE,DNE
19642120141861,DNE,DNE
19642120149724,DNE,DNE
19642120149732,DNE,DNE
19642121930056,DNE,DNE
19642121930346,DNE,DNE
19642121930361,DNE,DNE
19642121931641,DNE,DNE
19642121931880,DNE,DNE
19642121933159,DNE,DNE
19642121933225,DNE,DNE
19642121995596,DNE,DNE
19642126010862,DNE,DNE
19642126010870,DNE,DNE
19642126010888,DNE,DNE
19642126010896,DNE,DNE
19642126010904,DNE,DNE
19642126010912,DNE,DNE
19642126010920,DNE,DNE
19642126010938,DNE,DNE
19642126010946,DNE,DNE
19642126010953,DNE,DNE
19642126010961,DNE,DNE
19642126010979,DNE,DNE
19642126010987,DNE,DNE
19642126010995,DNE,DNE
19642126057442,DNE,DNE
19642126057459,DNE,DNE
19642126061220,DNE,DNE
19642126061238,DNE,DNE
19642126066708,DNE,DNE
19642126066716,DNE,DNE
19642126068274,DNE,DNE
19642126071351,DNE,DNE
19642126071369,DNE,DNE
19642126085609,DNE,DNE
19642126085617,DNE,DNE
19642126093447,DNE,DNE
19642126093454,DNE,DNE
19642200000000,DNE,DNE
19642380000000,DNE,DNE
19642460000000,DNE,DNE
19642460100081,E,E
19642460101287,DNE,DNE
19642460108407,E,E
19642460111872,E,E
19642460115337,DNE,DNE
19642460126003,E,E
19642460142240,DNE,DNE
19642460162628,DNE,DNE
19642461930171,DNE,DNE
19642461930213,E,E
19642461931732,E,E
19642461932870,DNE,DNE
19642461936608,DNE,DNE
19642461936624,E,E
19642461937051,E,E
19642461995398,E,E
19642461995406,E,E
19642461995844,E,E
19642461995968,E,E
19642461996347,DNE,DNE
19642461996537,E,E
19642461996644,E,E
19642610000000,DNE,DNE
19642611930270,DNE,DNE
19642611930288,E,E
19642611995299,E,E
19642611995760,DNE,DNE
19642616011134,E,E
19642616011142,DNE,DNE
19642616011159,E,E
19642616011167,E,E
19642616011175,E,E
19642616011183,E,E
19642616011191,E,E
19642616011209,DNE,DNE
19642616057467,E,E
19642616057475,E,E
19642616061246,E,E
19642790000000,DNE,DNE
19642790122424,DNE,DNE
19642790131227,DNE,DNE
19642790149757,DNE,DNE
19642790149765,DNE,DNE
19642790149773,DNE,DNE
19642790149781,DNE,DNE
19642790149799,DNE,DNE
19642790149807,DNE,DNE
19642790149815,DNE,DNE
19642791930502,DNE,DNE
19642791930528,DNE,E
19642791931765,DNE,E
19642791931773,DNE,DNE
19642791933449,DNE,E
19642791995224,DNE,DNE
19642796011217,DNE,DNE
19642796011225,DNE,DNE
19642796011233,DNE,E
19642796011241,DNE,E
19642796011258,DNE,DNE
19642796011266,DNE,DNE
19642796011274,DNE,E
19642796011282,DNE,DNE
19642796011290,DNE,E
19642796011308,DNE,DNE
19642796011316,DNE,E
19642796011324,DNE,DNE
19642796011332,DNE,E
19642796011340,DNE,E
19642796011357,DNE,DNE
19642796011365,DNE,DNE
19642796071377,DNE,DNE
19642870000000,DNE,DNE
19642870114397,DNE,DNE
19642870149823,DNE,DNE
19642870149831,DNE,DNE
19642870149849,DNE,DNE
19642870149856,DNE,DNE
19642870149864,DNE,DNE
19642870149872,DNE,DNE
19642870149880,DNE,DNE
19642870149898,DNE,DNE
19642870152710,DNE,DNE
19642871930585,DNE,DNE
19642871930601,DNE,E
19642871936384,DNE,E
19642871938166,DNE,E
19642871995331,DNE,DNE
19642871995919,DNE,DNE
19642871996479,DNE,E
19642876011373,DNE,E
19642876011381,DNE,E
19642876011399,DNE,E
19642876011407,DNE,E
19642876011415,DNE,DNE
19642876011423,DNE,E
19642876011431,DNE,E
19642876011449,DNE,E
19642876011456,DNE,E
19642876011464,DNE,DNE
19642876011472,DNE,E
19642876011480,DNE,DNE
19642876011498,DNE,E
19642876011506,DNE,E
19642876011514,DNE,E
19642876096135,DNE,E
19642876110043,DNE,DNE
19642950000000,DNE,DNE
19642950110742,DNE,DNE
19642950149906,DNE,DNE
19642950149914,DNE,DNE
19642951930676,DNE,DNE
19642951930700,DNE,E
19642951936491,DNE,E
19642956011522,DNE,DNE
19642956011530,DNE,E
19642956011548,DNE,DNE
19642956011555,DNE,DNE
19642956011563,DNE,E
19642956011571,DNE,E
19642956011589,DNE,DNE
19642956057483,DNE,E
19642956057491,DNE,E
19643030000000,DNE,DNE
19643030128306,DNE,E
19643030149922,DNE,DNE
19643030149930,DNE,DNE
19643030149948,DNE,DNE
19643030149955,DNE,DNE
19643030149963,DNE,DNE
19643030149971,DNE,DNE
19643031930759,DNE,DNE
19643031930775,DNE,E
19643031935618,DNE,E
19643031938190,DNE,E
19643031995679,DNE,E
19643036011605,DNE,E
19643036011613,DNE,E
19643036011621,DNE,E
19643036011639,DNE,E
19643036011647,DNE,E
19643036011654,DNE,E
19643036011662,DNE,DNE
19643036011670,DNE,DNE
19643036011688,DNE,DNE
19643036011696,DNE,E
19643036011704,DNE,E
19643036011712,DNE,E
19643036011720,DNE,DNE
19643036011738,DNE,DNE
19643036057509,DNE,DNE
19643036057517,DNE,E
19643036101992,DNE,DNE
19643110000000,DNE,DNE
19643111930965,DNE,DNE
19643111930981,E,E
19643111931021,E,E
19643116011746,E,E
19643116011753,E,E
19643116011761,E,E
19643116011779,E,E
19643290000000,DNE,DNE
19643290130963,DNE,DNE
19643291931088,DNE,E
19643291937598,DNE,E
19643291937739,DNE,E
19643291995372,DNE,DNE
19643291995380,DNE,DNE
19643291995893,DNE,E
19643296011787,DNE,E
19643296011795,DNE,E
19643296011803,DNE,E
19643296011811,DNE,E
19643296011829,DNE,E
19643296011837,DNE,E
19643296011845,DNE,E
19643296011852,DNE,DNE
19643296011860,DNE,E
19643296071385,DNE,E
19643296110035,DNE,E
19643370000000,DNE,DNE
19643370115410,DNE,DNE
19643370115436,DNE,DNE
19643370131573,DNE,E
19643370149989,DNE,DNE
19643371931161,DNE,DNE
19643371931187,DNE,E
19643371931211,DNE,DNE
19643371931237,DNE,E
19643371933332,DNE,E
19643371995877,DNE,E
19643371996099,DNE,DNE
19643371996230,DNE,E
19643376011878,DNE,E
19643376011886,DNE,E
19643376011894,DNE,E
19643376011902,DNE,DNE
19643376011910,DNE,E
19643376011928,DNE,E
19643376011936,DNE,DNE
19643376011944,DNE,DNE
19643376011951,DNE,E
19643376011969,DNE,E
19643376011977,DNE,DNE
19643376011985,DNE,DNE
19643376011993,DNE,E
19643376012009,DNE,E
19643376012017,DNE,E
19643376012025,DNE,E
19643376057525,DNE,E
19643376057533,DNE,E
19643376066724,DNE,E
19643450000000,DNE,DNE
19643450101600,DNE,E
19643450117663,DNE,DNE
19643450149997,DNE,DNE
19643450150003,DNE,DNE
19643456012033,DNE,E
19643456106215,DNE,E
19643456107353,DNE,E
19643520000000,DNE,DNE
19643520101642,DNE,DNE
19643520118521,DNE,E
19643520128488,DNE,DNE
19643520128496,DNE,DNE
19643520128900,DNE,DNE
19643521930239,DNE,E
19643521931609,DNE,DNE
19643521933951,DNE,E
19643521934926,DNE,E
19643521934983,DNE,DNE
19643521935048,DNE,E
19643780000000,DNE,DNE
19643780135673,DNE,DNE
19643781930312,DNE,DNE
19643781931245,DNE,DNE
19643781931666,DNE,DNE
19643781937580,DNE,DNE
19643781995356,DNE,DNE
19643781995885,DNE,DNE
19643781995927,DNE,DNE
19643786012041,DNE,DNE
19643786012058,DNE,DNE
19643786012066,DNE,DNE
19643786012074,DNE,DNE
19643786012090,DNE,DNE
19643786012108,DNE,DNE
19643786012116,DNE,DNE
19643786012124,DNE,DNE
19643786012132,DNE,DNE
19643786012140,DNE,DNE
19643786069660,DNE,DNE
19643940000000,DNE,DNE
19643940150029,DNE,DNE
19643940150037,DNE,DNE
19643941931807,DNE,E
19643941931823,DNE,E
19643941932219,DNE,DNE
19643941996297,DNE,DNE
19643946012157,DNE,E
19643946012165,DNE,E
19643946012173,DNE,E
19643946012181,DNE,E
19643946012199,DNE,E
19643946012207,DNE,E
19643946012215,DNE,E
19643946012223,DNE,E
19643946057541,DNE,E
19643946061253,DNE,DNE
19644020000000,DNE,DNE
19644100000000,DNE,DNE
19644360000000,DNE,DNE
19644360118646,DNE,DNE
19644360140525,DNE,E
19644360150052,DNE,DNE
19644361931617,DNE,E
19644361932060,DNE,DNE
19644361932086,DNE,E
19644361932102,DNE,DNE
19644361936418,DNE,E
19644361938372,DNE,DNE
19644361938794,DNE,DNE
19644361995562,DNE,DNE
19644366012439,DNE,E
19644366012447,DNE,E
19644366012454,DNE,DNE
19644366012462,DNE,DNE
19644366012470,DNE,E
19644366012488,DNE,DNE
19644366012496,DNE,DNE
19644366012504,DNE,DNE
19644366012512,DNE,E
19644366012520,DNE,DNE
19644366012538,DNE,E
19644366012546,DNE,E
19644366012553,DNE,E
19644366012561,DNE,E
19644366012579,DNE,DNE
19644366012587,DNE,E
19644366012595,DNE,E
19644366012603,DNE,DNE
19644366012611,DNE,E
19644366012629,DNE,DNE
19644366012637,DNE,DNE
19644366012645,DNE,E
19644440000000,DNE,DNE
19644440128322,DNE,DNE
19644440150060,DNE,DNE
19644440150078,DNE,DNE
19644440150086,DNE,DNE
19644440150094,DNE,DNE
19644440150102,DNE,DNE
19644440150110,DNE,DNE
19644441930031,DNE,DNE
19644441932185,DNE,DNE
19644441932201,DNE,E
19644441932656,DNE,DNE
19644441996255,DNE,DNE
19644446012652,DNE,DNE
19644446012660,DNE,E
19644446012678,DNE,E
19644446012686,DNE,E
19644446012694,DNE,E
19644446012702,DNE,E
19644446012710,DNE,DNE
19644446012728,DNE,DNE
19644446057608,DNE,E
19644446089171,DNE,DNE
19644510000000,DNE,DNE
19644510135335,DNE,DNE
19644510141093,DNE,DNE
19644511930072,DNE,DNE
19644511931625,DNE,DNE
19644511932425,DNE,DNE
19644511932441,DNE,DNE
19644511937119,DNE,DNE
19644511939164,DNE,DNE
19644516012736,DNE,DNE
19644516012744,DNE,DNE
19644516012751,DNE,DNE
19644516012769,DNE,DNE
19644516012777,DNE,DNE
19644516012785,DNE,DNE
19644516012793,DNE,DNE
19644516012801,DNE,DNE
19644516012819,DNE,DNE
19644516012827,DNE,DNE
19644516012835,DNE,DNE
19644516012843,DNE,DNE
19644516012850,DNE,DNE
19644516012868,DNE,DNE
19644516012876,DNE,DNE
19644516012884,DNE,DNE
19644516012892,DNE,DNE
19644516012900,DNE,DNE
19644516057616,DNE,DNE
19644516057624,DNE,DNE
19644516057632,DNE,DNE
19644516057640,DNE,DNE
19644516057657,DNE,DNE
19644516069678,DNE,DNE
19644516071419,DNE,DNE
19644516071427,DNE,DNE
19644516085989,DNE,DNE
19644516105753,DNE,DNE
19644516114235,DNE,DNE
19644690000000,DNE,DNE
19644690128736,DNE,E
19644690134858,DNE,DNE
19644690139535,DNE,E
19644690150128,DNE,DNE
19644690150136,DNE,DNE
19644690150144,DNE,DNE
19644691932482,E,E
19644691936079,E,E
19644691995554,DNE,DNE
19644696012918,DNE,DNE
19644696012926,E,E
19644696012934,E,E
19644696012942,E,E
19644696012959,E,E
19644696057665,DNE,DNE
19644770000000,DNE,DNE
19644770107680,DNE,DNE
19644770122929,DNE,DNE
19644770129197,DNE,DNE
19644776012967,DNE,DNE
19644776106421,DNE,DNE
19644776108294,DNE,DNE
19644776114227,DNE,DNE
19644850000000,DNE,DNE
19644850123513,DNE,DNE
19644856012975,DNE,DNE
19644856012983,DNE,DNE
19644856012991,DNE,DNE
19644856013007,DNE,DNE
19644856013015,DNE,DNE
19644856013023,DNE,DNE
19644856013031,DNE,DNE
19644856013049,DNE,DNE
19644856013056,DNE,DNE
19644856013064,DNE,DNE
19644856013072,DNE,DNE
19644856013080,DNE,DNE
19644856013098,DNE,DNE
19644856013106,DNE,DNE
19644856013114,DNE,DNE
19644856013122,DNE,DNE
19644856089148,DNE,DNE
19644856089155,DNE,DNE
19645010000000,DNE,DNE
19645010150151,DNE,DNE
19645010150169,DNE,DNE
19645010150177,DNE,DNE
19645010150185,DNE,DNE
19645010150193,DNE,DNE
19645010156042,DNE,DNE
19645016013130,DNE,E
19645016013148,DNE,E
19645016013155,DNE,E
19645016013163,DNE,E
19645016013171,DNE,E
19645016013189,DNE,E
19645016013197,DNE,E
19645016013205,DNE,E
19645016013213,DNE,DNE
19645016013221,DNE,E
19645016013239,DNE,DNE
19645016013247,DNE,E
19645016013254,DNE,E
19645016013262,DNE,E
19645016013270,DNE,E
19645016013288,DNE,E
19645016013296,DNE,E
19645016068795,DNE,DNE
19645016117626,DNE,DNE
19645190000000,DNE,DNE
19645191930320,E,E
19645191932649,DNE,DNE
19645191932664,E,E
19645191932680,E,E
19645191937473,DNE,DNE
19645191937481,E,E
19645191938919,E,E
19645191995661,E,E
19645191996123,E,E
19645270000000,DNE,DNE
19645270118547,DNE,DNE
19645270118612,DNE,DNE
19645270119644,DNE,DNE
19645270133835,DNE,DNE
19645270150201,DNE,DNE
19645270150219,DNE,DNE
19645270150227,DNE,DNE
19645270150235,DNE,DNE
19645270150243,DNE,DNE
19645270150250,DNE,DNE
19645270150268,DNE,DNE
19645270150276,DNE,DNE
19645271932698,DNE,E
19645271932706,DNE,E
19645271932722,DNE,DNE
19645276013304,DNE,E
19645276013312,DNE,E
19645276013320,DNE,DNE
19645276013338,DNE,E
19645276013346,DNE,DNE
19645276013353,DNE,E
19645276013361,DNE,DNE
19645276013379,DNE,E
19645276013387,DNE,E
19645276013395,DNE,DNE
19645276013403,DNE,E
19645276013411,DNE,E
19645276057673,DNE,DNE
19645276057681,DNE,E
19645276061287,DNE,E
19645276061295,DNE,E
19645276097885,DNE,DNE
19645276104780,DNE,DNE
19645350000000,DNE,DNE
19645351930353,DNE,DNE
19645351932763,DNE,DNE
19645351996032,DNE,DNE
19645356013429,DNE,DNE
19645356013437,DNE,DNE
19645356013445,DNE,DNE
19645356013452,DNE,DNE
19645356085625,DNE,DNE
19645356116248,DNE,DNE
19645430000000,DNE,DNE
19645500000000,DNE,DNE
19645500138172,DNE,E
19645500142182,DNE,DNE
19645500150284,DNE,DNE
19645500150292,DNE,DNE
19645500150300,DNE,DNE
19645500150318,DNE,DNE
19645500150326,DNE,DNE
19645500150334,DNE,DNE
19645501995208,DNE,DNE
19645506013502,DNE,DNE
19645506013510,DNE,E
19645506013528,DNE,E
19645506013536,DNE,E
19645506013544,DNE,E
19645506013551,DNE,E
19645506013569,DNE,DNE
19645506013577,DNE,DNE
19645506013585,DNE,E
19645506013593,DNE,E
19645506013601,DNE,E
19645506069686,DNE,DNE
19645506069694,DNE,DNE
19645506069702,DNE,DNE
19645506101497,DNE,E
19645506103345,DNE,DNE
19645506105886,DNE,E
19645680000000,DNE,DNE
19645680116145,DNE,DNE
19645680116152,DNE,DNE
19645680150342,DNE,DNE
19645680150359,DNE,DNE
19645680150367,DNE,DNE
19645680150375,DNE,DNE
19645681930090,DNE,DNE
19645681930098,DNE,DNE
19645681932144,DNE,E
19645681932151,DNE,DNE
19645681933472,DNE,E
19645681933498,DNE,DNE
19645681933530,DNE,E
19645681934082,DNE,E
19645681995497,DNE,E
19645681996131,DNE,E
19645681996156,DNE,E
19645686013619,DNE,E
19645686013627,DNE,E
19645686013635,DNE,E
19645686013643,DNE,E
19645686013650,DNE,E
19645686013668,DNE,DNE
19645686013676,DNE,E
19645686013684,DNE,E
19645686013692,DNE,E
19645686013700,DNE,DNE
19645686013718,DNE,E
19645686013726,DNE,E
19645686013734,DNE,E
19645686013742,DNE,E
19645686013759,DNE,DNE
19645686013767,DNE,E
19645686013775,DNE,E
19645686013783,DNE,E
19645686013791,DNE,DNE
19645686013809,DNE,E
19645686013817,DNE,E
19645686013825,DNE,E
19645686013833,DNE,E
19645686013841,DNE,E
19645686057699,DNE,DNE
19645686057707,DNE,DNE
19645686057715,DNE,E
19645686057723,DNE,E
19645686061303,DNE,E
19645686061311,DNE,E
19645686099022,DNE,E
19645760000000,DNE,DNE
19645760131060,DNE,DNE
19645761931252,DNE,DNE
19645761933571,DNE,DNE
19645761933597,E,E
19645761939677,E,E
19645761995323,DNE,DNE
19645761995414,DNE,DNE
19645766013858,DNE,DNE
19645766013866,E,E
19645766013874,DNE,DNE
19645766013882,E,E
19645766013890,DNE,DNE
19645766013908,E,E
19645766013916,E,E
19645766013924,E,E
19645766013932,DNE,DNE
19645766057731,E,E
19645766061329,E,E
19645840000000,DNE,DNE
19645840112110,DNE,DNE
19645841996305,DNE,E
19645841996677,DNE,DNE
19645846013940,DNE,DNE
19645846114268,DNE,DNE
19645920000000,DNE,DNE
19645920100354,DNE,E
19645920118505,DNE,DNE
19645920150383,DNE,DNE
19645920150391,DNE,DNE
19645926013957,DNE,E
19645926013965,DNE,E
19645926013973,DNE,E
19645926013981,DNE,E
19645926013999,DNE,E
19645926014005,DNE,DNE
19645926014013,DNE,E
19645926014021,DNE,E
19645926014039,DNE,E
19645926115265,DNE,E
19645926117246,DNE,E
19646000000000,DNE,DNE
19646000120543,DNE,DNE
19646000120550,DNE,DNE
19646000140582,DNE,E
19646006014047,DNE,E
19646006014054,DNE,DNE
19646006014062,DNE,DNE
19646006014070,DNE,DNE
19646006014088,DNE,DNE
19646006014096,DNE,DNE
19646006095434,DNE,E
19646180000000,DNE,DNE
19646260000000,DNE,DNE
19646266014427,DNE,E
19646340000000,DNE,DNE
19646340101667,DNE,E
19646340116822,DNE,E
19646340119552,DNE,DNE
19646340120303,DNE,DNE
19646340120311,DNE,DNE
19646340120873,DNE,DNE
19646340121186,DNE,DNE
19646340128991,DNE,E
19646340150409,DNE,DNE
19646340150417,DNE,DNE
19646340150425,DNE,DNE
19646340150433,DNE,DNE
19646340162859,DNE,DNE
19646341934215,DNE,DNE
19646341934231,DNE,E
19646341934249,DNE,E
19646341936046,DNE,E
19646341995216,DNE,DNE
19646341996024,DNE,DNE
19646341996529,DNE,E
19646341996586,DNE,E
19646346014435,DNE,E
19646346014443,DNE,E
19646346014450,DNE,E
19646346014468,DNE,DNE
19646346014476,DNE,E
19646346014492,DNE,E
19646346014500,DNE,DNE
19646346014518,DNE,E
19646346014526,DNE,DNE
19646346014534,DNE,E
19646346014542,DNE,E
19646346014559,DNE,E
19646346014567,DNE,DNE
19646346014575,DNE,E
19646346057749,DNE,E
19646346057756,DNE,DNE
19646346098768,DNE,E
19646420000000,DNE,DNE
19646420120956,DNE,DNE
19646420136127,E,E
19646420150441,DNE,DNE
19646420150458,DNE,DNE
19646420150466,DNE,DNE
19646426014583,DNE,DNE
19646426014591,DNE,DNE
19646426014609,DNE,DNE
19646426105969,DNE,DNE
19646426105977,DNE,DNE
19646426106272,DNE,DNE
19646426106314,DNE,DNE
19646426108542,DNE,DNE
19646590000000,DNE,DNE
19646591934603,DNE,DNE
19646591934611,DNE,E
19646591995950,DNE,DNE
19646596014617,DNE,DNE
19646596014625,DNE,DNE
19646596014633,DNE,E
19646596014641,DNE,DNE
19646596014658,DNE,E
19646596014666,DNE,E
19646596102461,DNE,DNE
19646670000000,DNE,DNE
19646670106070,DNE,E
19646670119313,DNE,E
19646670121962,DNE,DNE
19646670123174,DNE,E
19646670124099,DNE,E
19646670125559,DNE,E
19646670133462,DNE,E
19646670140863,DNE,E
19646670140970,DNE,E
19646670147629,DNE,DNE
19646670147637,DNE,DNE
19646670150474,DNE,DNE
19646670150482,DNE,DNE
19646670150490,DNE,DNE
19646670150508,DNE,DNE
19646670150516,DNE,DNE
19646670150524,DNE,DNE
19646670150532,DNE,DNE
19646670150540,DNE,DNE
19646670150557,DNE,DNE
19646670150565,DNE,DNE
19646670150573,DNE,DNE
19646670150581,DNE,DNE
19646670150599,DNE,DNE
19646670150607,DNE,DNE
19646671996420,DNE,E
19646676014674,DNE,E
19646676014682,DNE,E
19646676014690,DNE,E
19646676014708,DNE,E
19646676014716,DNE,E
19646676014724,DNE,E
19646676014732,DNE,DNE
19646676014740,DNE,E
19646676014757,DNE,E
19646676014765,DNE,E
19646676108393,E,E
19646676108401,DNE,E
19646676108419,DNE,E
19646676108526,DNE,E
19646676109276,DNE,E
19646676113294,DNE,E
19646676117022,DNE,E
19646750000000,DNE,DNE
19646830000000,DNE,DNE
19646830101154,DNE,E
19646830116129,DNE,E
19646830118240,DNE,DNE
19646830140996,DNE,E
19646831930080,DNE,E
19646831931260,DNE,DNE
19646831931781,DNE,E
19646831932433,DNE,DNE
19646836014773,DNE,DNE
19646836014781,DNE,E
19646836014799,DNE,E
19646836014807,DNE,E
19646836014815,DNE,E
19646836014823,DNE,E
19646836066765,DNE,E
19646836085658,DNE,E
19646836093025,DNE,E
19646836099030,DNE,E
19646836110563,DNE,E
19646910000000,DNE,DNE
19646910112144,DNE,E
19646910120337,DNE,DNE
19646910130872,DNE,DNE
19646910150615,DNE,DNE
19646910150623,DNE,DNE
19646910150631,DNE,DNE
19646910150649,DNE,DNE
19646911996438,DNE,E
19646916014831,DNE,E
19646916014849,DNE,DNE
19646916014856,DNE,E
19646916014864,DNE,DNE
19646916014872,DNE,DNE
19646916014880,DNE,DNE
19646916014898,DNE,E
19646916014906,DNE,E
19646916014914,DNE,E
19646916014922,DNE,E
19646916014930,DNE,E
19647090000000,DNE,DNE
19647090100602,DNE,E
19647090100610,E,E
19647090107508,DNE,E
19647090112250,DNE,DNE
19647090135038,DNE,DNE
19647090150656,DNE,DNE
19647090150664,DNE,DNE
19647090150672,DNE,DNE
19647090150680,DNE,DNE
19647090150698,DNE,DNE
19647091996313,DNE,E
19647096014948,E,E
19647096014955,E,E
19647096014963,E,E
19647096014971,E,E
19647096014989,DNE,DNE
19647096106736,E,E
19647170000000,DNE,DNE
19647176014997,E,E
19647176015002,DNE,DNE
19647176015010,DNE,DNE
19647176015028,DNE,DNE
19647176015036,E,E
19647176015044,E,E
19647176015051,E,E
19647176015069,E,E
19647176015077,E,E
19647176015085,E,E
19647176015093,E,E
19647176015101,E,E
19647250000000,DNE,DNE
19647250101733,DNE,DNE
19647250101741,DNE,DNE
19647250107458,DNE,E
19647250114603,DNE,E
19647250115378,DNE,DNE
19647250115535,DNE,E
19647250115683,DNE,DNE
19647250118471,DNE,DNE
19647250125153,DNE,DNE
19647250127381,DNE,E
19647250127506,DNE,E
19647250131938,DNE,E
19647250132324,DNE,E
19647250132381,DNE,E
19647250135525,DNE,E
19647250150706,DNE,DNE
19647250150714,DNE,DNE
19647250150722,DNE,DNE
19647250150730,DNE,DNE
19647250150748,DNE,DNE
19647250150755,DNE,DNE
19647250150763,DNE,DNE
19647250150771,DNE,DNE
19647250150789,DNE,DNE
19647250150797,DNE,DNE
19647250150805,DNE,DNE
19647250150813,DNE,DNE
19647250150821,DNE,DNE
19647250150839,DNE,DNE
19647250150847,DNE,DNE
19647250150854,DNE,DNE
19647250150862,DNE,DNE
19647250150870,DNE,DNE
19647250150888,DNE,DNE
19647250150896,DNE,DNE
19647250150904,DNE,DNE
19647250150912,DNE,DNE
19647250152918,DNE,DNE
19647250164657,DNE,DNE
19647251930411,DNE,E
19647251931120,DNE,DNE
19647251934470,DNE,E
19647251934678,DNE,E
19647251935188,DNE,DNE
19647251935758,DNE,E
19647251936947,DNE,E
19647251937176,DNE,E
19647251939875,DNE,E
19647251995521,DNE,DNE
19647251995539,DNE,E
19647251995570,DNE,E
19647251995851,DNE,DNE
19647251995935,DNE,E
19647251995984,DNE,DNE
19647251996339,DNE,DNE
19647251996362,DNE,DNE
19647251996461,DNE,DNE
19647251996503,DNE,E
19647256015119,DNE,E
19647256015127,DNE,DNE
19647256015135,DNE,E
19647256015143,DNE,E
19647256015150,DNE,E
19647256015168,DNE,E
19647256015176,DNE,DNE
19647256015184,DNE,E
19647256015192,DNE,E
19647256015200,DNE,E
19647256015218,DNE,DNE
19647256015226,DNE,DNE
19647256015234,DNE,DNE
19647256015242,DNE,E
19647256015259,DNE,E
19647256015267,DNE,E
19647256015275,DNE,E
19647256015283,DNE,E
19647256015291,DNE,DNE
19647256015309,DNE,E
19647256015317,DNE,E
19647256015325,DNE,E
19647256015333,DNE,E
19647256015341,DNE,E
19647256015358,DNE,E
19647256015366,DNE,E
19647256015374,DNE,E
19647256015382,DNE,E
19647256015390,DNE,DNE
19647256015408,DNE,E
19647256015416,DNE,E
19647256015424,DNE,E
19647256015432,DNE,E
19647256015440,DNE,E
19647256015457,DNE,E
19647256015465,DNE,E
19647256015473,DNE,E
19647256015481,DNE,E
19647256015499,DNE,E
19647256015507,DNE,E
19647256015515,DNE,E
19647256015523,DNE,DNE
19647256015531,DNE,E
19647256015549,DNE,E
19647256015556,DNE,E
19647256015564,DNE,DNE
19647256015572,DNE,E
19647256015580,DNE,E
19647256015598,DNE,E
19647256015606,DNE,E
19647256015614,DNE,E
19647256015622,DNE,E
19647256015630,DNE,DNE
19647256015648,DNE,E
19647256015655,DNE,DNE
19647256015663,DNE,E
19647256015671,DNE,E
19647256015689,DNE,E
19647256015697,DNE,E
19647256029078,DNE,DNE
19647256057772,DNE,DNE
19647256057780,DNE,E
19647256057798,DNE,E
19647256057806,DNE,E
19647256057814,DNE,E
19647256057822,DNE,E
19647256057830,DNE,E
19647256057848,DNE,E
19647256058853,DNE,DNE
19647256061337,DNE,E
19647256061345,DNE,E
19647256061352,DNE,DNE
19647256061360,DNE,E
19647256061378,DNE,E
19647256061386,DNE,E
19647256093769,DNE,DNE
19647256107015,DNE,DNE
19647256108013,DNE,E
19647256109292,DNE,E
19647256112056,DNE,E
19647256113146,DNE,DNE
19647256114946,DNE,DNE
19647256116933,DNE,E
19647256118269,DNE,DNE
19647259011388,DNE,DNE
19647330000000,DNE,DNE
19647330100289,DNE,E
19647330100297,DNE,DNE
19647330100669,DNE,E
19647330100677,DNE,E
19647330100743,DNE,DNE
19647330100750,DNE,DNE
19647330100768,DNE,DNE
19647330100784,DNE,DNE
19647330100800,DNE,E
19647330100867,E,E
19647330101196,DNE,DNE
19647330101311,DNE,DNE
19647330101329,DNE,E
19647330101444,E,E
19647330101618,DNE,E
19647330101634,DNE,DNE
19647330101659,DNE,E
19647330101675,DNE,E
19647330101683,E,E
19647330101691,DNE,DNE
19647330102137,DNE,E
19647330102335,DNE,E
19647330102350,DNE,DNE
19647330102426,DNE,E
19647330102434,DNE,E
19647330102442,DNE,E
19647330102483,DNE,E
19647330102491,DNE,E
19647330102541,DNE,E
19647330102756,DNE,DNE
19647330102764,DNE,E
19647330102913,DNE,E
19647330102921,DNE,E
19647330106351,DNE,E
19647330106427,DNE,E
19647330106435,DNE,DNE
19647330106831,DNE,E
19647330106849,DNE,E
19647330106856,DNE,DNE
19647330106864,DNE,E
19647330106872,DNE,E
19647330106914,DNE,E
19647330106922,DNE,E
19647330106930,DNE,E
19647330106948,DNE,E
19647330106955,DNE,E
19647330106963,DNE,DNE
19647330106971,DNE,E
19647330106989,DNE,E
19647330106997,DNE,E
19647330107003,DNE,E
19647330107011,DNE,E
19647330107755,E,E
19647330108878,DNE,DNE
19647330108886,DNE,E
19647330108894,DNE,E
19647330108902,DNE,DNE
19647330108910,DNE,E
19647330108928,DNE,E
19647330108936,DNE,E
19647330109181,DNE,E
19647330109199,DNE,E
19647330109207,DNE,E
19647330109223,DNE,E
19647330109231,DNE,E
19647330109249,DNE,E
19647330109256,DNE,E
19647330109264,DNE,E
19647330109272,DNE,E
19647330109280,DNE,E
19647330109298,DNE,E
19647330109306,DNE,E
19647330109314,DNE,E
19647330109322,DNE,E
19647330109330,DNE,E
19647330109348,DNE,E
19647330109355,DNE,E
19647330109363,DNE,E
19647330109371,DNE,E
19647330109389,DNE,E
19647330109397,DNE,E
19647330109405,DNE,E
19647330109413,DNE,E
19647330109421,DNE,E
19647330109439,DNE,E
19647330109447,DNE,E
19647330109454,DNE,E
19647330109462,DNE,E
19647330109512,DNE,E
19647330109553,DNE,DNE
19647330109876,DNE,DNE
19647330109884,DNE,E
19647330109934,E,E
19647330109959,DNE,DNE
19647330109967,DNE,DNE
19647330110304,E,E
19647330110312,DNE,DNE
19647330110668,DNE,E
19647330111211,DNE,E
19647330111484,DNE,E
19647330111492,DNE,E
19647330111500,DNE,E
19647330111518,DNE,E
19647330111575,DNE,E
19647330111583,DNE,E
19647330111591,DNE,DNE
19647330111609,DNE,DNE
19647330111617,DNE,DNE
19647330111625,DNE,E
19647330111641,DNE,E
19647330111658,DNE,E
19647330111948,DNE,DNE
19647330111955,DNE,E
19647330111971,DNE,E
19647330111989,DNE,E
19647330111997,DNE,E
19647330112003,DNE,E
19647330112011,DNE,E
19647330112029,DNE,E
19647330112037,DNE,E
19647330112045,DNE,E
19647330112052,DNE,E
19647330112060,DNE,E
19647330112193,DNE,DNE
19647330112201,DNE,E
19647330112219,DNE,DNE
19647330112227,DNE,DNE
19647330112235,DNE,E
19647330112243,DNE,DNE
19647330112334,DNE,DNE
19647330112342,DNE,DNE
19647330112433,DNE,DNE
19647330112508,DNE,E
19647330112540,DNE,DNE
19647330112557,DNE,DNE
19647330112847,DNE,DNE
19647330112854,DNE,DNE
19647330112862,DNE,DNE
19647330112870,DNE,E
19647330114199,DNE,E
19647330114850,DNE,E
19647330114884,DNE,E
19647330114942,DNE,DNE
19647330114959,DNE,E
19647330114967,DNE,E
19647330115048,DNE,E
19647330115113,DNE,E
19647330115121,DNE,DNE
19647330115139,DNE,E
19647330115246,DNE,DNE
19647330115253,E,E
19647330115261,DNE,DNE
19647330115279,DNE,DNE
19647330115287,DNE,DNE
19647330115295,DNE,DNE
19647330115311,DNE,DNE
19647330115758,DNE,DNE
19647330115766,DNE,DNE
19647330115774,DNE,DNE
19647330115782,DNE,DNE
19647330115790,DNE,DNE
19647330116509,DNE,E
19647330116533,DNE,DNE
19647330116954,DNE,E
19647330117028,DNE,E
19647330117036,DNE,E
19647330117044,DNE,E
19647330117051,DNE,E
19647330117069,DNE,E
19647330117077,DNE,DNE
19647330117226,DNE,DNE
19647330117317,DNE,DNE
19647330117598,DNE,E
19647330117606,DNE,E
19647330117614,DNE,E
19647330117622,DNE,E
19647330117630,DNE,DNE
19647330117648,DNE,E
19647330117655,DNE,E
19647330117721,DNE,E
19647330117739,DNE,DNE
19647330117747,DNE,E
19647330117754,DNE,DNE
19647330117762,DNE,E
19647330117838,DNE,DNE
19647330117846,DNE,E
19647330117895,DNE,E
19647330117903,E,E
19647330117911,DNE,E
19647330117929,DNE,DNE
19647330117937,DNE,DNE
19647330117945,DNE,DNE
19647330117952,DNE,DNE
19647330117960,DNE,DNE
19647330117978,DNE,E
19647330118158,DNE,DNE
19647330118570,DNE,DNE
19647330118588,DNE,E
19647330118596,DNE,DNE
19647330119651,DNE,DNE
19647330119685,DNE,E
19647330119693,DNE,E
19647330119701,DNE,E
19647330119719,DNE,DNE
19647330119727,DNE,E
19647330119735,DNE,E
19647330119909,DNE,DNE
19647330119966,DNE,E
19647330119974,DNE,DNE
19647330119982,DNE,E
19647330120014,E,E
19647330120022,DNE,E
19647330120030,DNE,E
19647330120048,DNE,DNE
19647330120055,DNE,DNE
19647330120071,DNE,E
19647330120097,DNE,E
19647330120360,DNE,E
19647330120477,DNE,E
19647330120527,E,E
19647330120667,DNE,DNE
19647330120808,DNE,E
19647330121012,DNE,DNE
19647330121079,DNE,E
19647330121095,DNE,E
19647330121103,DNE,E
19647330121137,DNE,E
19647330121277,DNE,DNE
19647330121285,DNE,E
19647330121293,DNE,E
19647330121699,E,E
19647330121707,E,E
19647330121848,DNE,E
19647330122101,DNE,E
19647330122119,DNE,E
19647330122127,DNE,E
19647330122135,DNE,E
19647330122143,DNE,E
19647330122150,DNE,E
19647330122168,DNE,E
19647330122176,DNE,E
19647330122184,DNE,E
19647330122192,DNE,E
19647330122200,DNE,E
19647330122218,DNE,E
19647330122226,DNE,E
19647330122234,DNE,E
19647330122242,DNE,E
19647330122275,DNE,DNE
19647330122283,DNE,DNE
19647330122291,DNE,DNE
19647330122309,DNE,DNE
19647330122325,DNE,DNE
19647330122333,DNE,E
19647330122341,DNE,E
19647330122358,DNE,E
19647330122366,DNE,E
19647330122374,DNE,E
19647330122382,DNE,E
19647330122390,DNE,E
19647330122408,DNE,E
19647330122416,DNE,E
19647330122481,DNE,E
19647330122499,DNE,DNE
19647330122556,DNE,E
19647330122564,DNE,E
19647330122598,DNE,DNE
19647330122606,DNE,E
19647330122614,DNE,E
19647330122622,DNE,E
19647330122630,DNE,E
19647330122655,DNE,E
19647330122721,DNE,E
19647330122739,E,E
19647330122747,DNE,E
19647330122754,DNE,E
19647330122762,DNE,DNE
19647330122838,DNE,E
19647330122846,DNE,DNE
19647330122861,DNE,E
19647330123133,DNE,E
19647330123141,DNE,E
19647330123158,DNE,E
19647330123166,DNE,E
19647330123984,DNE,E
19647330123992,DNE,E
19647330124008,DNE,E
19647330124016,DNE,E
19647330124024,DNE,DNE
19647330124198,DNE,E
19647330124222,DNE,E
19647330124362,DNE,E
19647330124370,DNE,E
19647330124388,DNE,E
19647330124396,DNE,E
19647330124404,DNE,E
19647330124412,DNE,E
19647330124420,DNE,DNE
19647330124438,DNE,DNE
19647330124446,DNE,DNE
19647330124453,DNE,E
19647330124461,DNE,DNE
19647330124479,DNE,E
19647330124487,DNE,E
19647330124495,DNE,E
19647330124503,DNE,E
19647330124511,DNE,E
19647330124529,DNE,E
19647330124560,DNE,E
19647330124784,DNE,E
19647330124792,DNE,E
19647330124800,DNE,E
19647330124818,DNE,E
19647330124826,DNE,E
19647330124883,DNE,DNE
19647330124891,DNE,E
19647330124933,DNE,E
19647330124941,DNE,E
19647330125096,DNE,E
19647330125609,E,E
19647330125625,E,E
19647330125641,E,E
19647330125864,DNE,E
19647330125963,DNE,DNE
19647330125971,DNE,E
19647330125989,DNE,E
19647330126078,DNE,DNE
19647330126102,DNE,DNE
19647330126136,DNE,E
19647330126169,DNE,E
19647330126177,DNE,E
19647330126185,DNE,DNE
19647330126193,DNE,E
19647330126375,DNE,E
19647330126383,DNE,E
19647330126391,DNE,E
19647330126409,DNE,E
19647330126417,DNE,E
19647330126425,DNE,E
19647330126433,DNE,E
19647330126441,DNE,E
19647330126458,DNE,E
19647330126466,DNE,E
19647330126474,DNE,E
19647330126482,DNE,E
19647330126490,DNE,DNE
19647330126508,DNE,DNE
19647330126516,DNE,E
19647330126524,DNE,E
19647330126532,DNE,E
19647330126540,DNE,E
19647330126557,DNE,E
19647330126565,DNE,DNE
19647330126573,DNE,E
19647330126581,DNE,E
19647330126599,DNE,E
19647330126607,DNE,E
19647330126615,DNE,E
19647330126623,DNE,E
19647330126797,DNE,E
19647330127217,DNE,DNE
19647330127670,E,E
19647330127787,DNE,E
19647330127795,DNE,E
19647330127803,DNE,E
19647330127829,DNE,DNE
19647330127852,DNE,DNE
19647330127878,DNE,DNE
19647330127886,DNE,E
19647330127894,DNE,E
19647330127910,DNE,E
19647330127936,DNE,DNE
19647330127951,DNE,DNE
19647330127977,DNE,DNE
19647330127985,DNE,E
19647330128009,DNE,E
19647330128033,DNE,E
19647330128041,DNE,E
19647330128058,DNE,E
19647330128116,DNE,DNE
19647330128132,DNE,E
19647330128355,DNE,DNE
19647330128371,DNE,E
19647330128389,DNE,DNE
19647330128512,DNE,E
19647330128710,DNE,E
19647330129270,DNE,E
19647330129379,DNE,DNE
19647330129460,E,E
19647330129536,DNE,E
19647330129585,DNE,E
19647330129593,DNE,E
19647330129619,DNE,E
19647330129627,DNE,E
19647330129650,DNE,E
19647330129775,DNE,DNE
19647330129825,DNE,DNE
19647330129833,DNE,E
19647330129858,DNE,E
19647330129866,DNE,E
19647330129874,DNE,DNE
19647330130997,DNE,E
19647330131466,DNE,E
19647330131680,DNE,DNE
19647330131722,DNE,E
19647330131771,E,E
19647330131797,E,E
19647330131821,E,E
19647330131839,DNE,DNE
19647330131847,DNE,DNE
19647330131870,DNE,DNE
19647330131904,DNE,E
19647330132027,DNE,E
19647330132084,DNE,E
19647330132126,DNE,E
19647330132282,DNE,E
19647330132332,DNE,DNE
19647330132928,DNE,E
19647330133272,DNE,E
19647330133280,DNE,E
19647330133298,DNE,E
19647330133603,DNE,E
19647330133686,DNE,E
19647330133694,DNE,E
19647330133702,DNE,E
19647330133710,DNE,E
19647330133736,DNE,E
19647330133744,DNE,E
19647330133868,DNE,E
19647330133884,DNE,DNE
19647330134023,DNE,E
19647330134148,DNE,DNE
19647330134205,DNE,E
19647330135129,DNE,DNE
19647330135509,DNE,E
19647330135517,E,E
19647330135616,DNE,E
19647330135632,DNE,E
19647330135681,DNE,E
19647330135699,DNE,DNE
19647330135707,DNE,E
19647330135715,DNE,E
19647330135723,DNE,E
19647330135855,DNE,E
19647330135921,DNE,E
19647330135954,DNE,E
19647330135996,DNE,E
19647330136986,DNE,E
19647330136994,DNE,E
19647330137083,DNE,E
19647330137091,DNE,E
19647330137463,DNE,E
19647330137471,DNE,E
19647330137513,DNE,E
19647330137521,DNE,E
19647330137554,DNE,DNE
19647330137562,DNE,E
19647330137604,DNE,E
19647330137612,DNE,DNE
19647330138305,DNE,E
19647330138883,DNE,E
19647330139014,DNE,DNE
19647330139055,DNE,DNE
19647330139071,DNE,E
19647330139089,E,E
19647330139097,DNE,E
19647330139121,DNE,E
19647330139832,DNE,E
19647330140004,DNE,E
19647330140046,DNE,E
19647330140111,DNE,E
19647330140129,DNE,E
19647330140749,DNE,E
19647330140897,DNE,DNE
19647330141481,DNE,E
19647330141523,DNE,E
19647330141531,DNE,E
19647330141549,DNE,E
19647330141556,DNE,E
19647330141564,DNE,E
19647330141572,DNE,E
19647330141630,DNE,E
19647330141697,DNE,DNE
19647330150920,DNE,DNE
19647330150938,DNE,DNE
19647330150946,DNE,DNE
19647330150953,DNE,DNE
19647330150961,DNE,DNE
19647330150979,DNE,DNE
19647330150987,DNE,DNE
19647330150995,DNE,DNE
19647330151001,DNE,DNE
19647330151019,DNE,DNE
19647330151027,DNE,DNE
19647330151035,DNE,DNE
19647330151043,DNE,DNE
19647330151050,DNE,DNE
19647330151068,DNE,DNE
19647330151076,DNE,DNE
19647330151084,DNE,DNE
19647330151092,DNE,DNE
19647330151100,DNE,DNE
19647330151118,DNE,DNE
19647330151126,DNE,DNE
19647330151134,DNE,DNE
19647330151142,DNE,DNE
19647330151159,DNE,DNE
19647330151167,DNE,DNE
19647330151175,DNE,DNE
19647330151183,DNE,DNE
19647330151191,DNE,DNE
19647330151209,DNE,DNE
19647330151217,DNE,DNE
19647330151225,DNE,DNE
19647330151233,DNE,DNE
19647330151241,DNE,DNE
19647330151258,DNE,DNE
19647330151266,DNE,DNE
19647330151274,DNE,DNE
19647330151282,DNE,DNE
19647330151290,DNE,DNE
19647330151308,DNE,DNE
19647330151316,DNE,DNE
19647330151324,DNE,DNE
19647330151332,DNE,DNE
19647330151340,DNE,DNE
19647330151357,DNE,DNE
19647330151365,DNE,DNE
19647330151373,DNE,DNE
19647330151381,DNE,DNE
19647330151399,DNE,DNE
19647330151407,DNE,DNE
19647330151415,DNE,DNE
19647330151423,DNE,DNE
19647330151431,DNE,DNE
19647330151449,DNE,DNE
19647330151456,DNE,DNE
19647330151464,DNE,DNE
19647330151472,DNE,DNE
19647330151480,DNE,DNE
19647330151498,DNE,DNE
19647330151506,DNE,DNE
19647330151514,DNE,DNE
19647330151522,DNE,DNE
19647330151530,DNE,DNE
19647330151548,DNE,DNE
19647330151555,DNE,DNE
19647330151563,DNE,DNE
19647330151571,DNE,DNE
19647330151589,DNE,DNE
19647330151597,DNE,DNE
19647330151605,DNE,DNE
19647330151613,DNE,DNE
19647330151621,DNE,DNE
19647330151639,DNE,DNE
19647330151647,DNE,DNE
19647330151654,DNE,DNE
19647330151662,DNE,DNE
19647330151670,DNE,DNE
19647330151688,DNE,DNE
19647330151696,DNE,DNE
19647330151704,DNE,DNE
19647330151712,DNE,DNE
19647330151720,DNE,DNE
19647330151738,DNE,DNE
19647330151746,DNE,DNE
19647330151753,DNE,DNE
19647330151761,DNE,DNE
19647330151779,DNE,DNE
19647330151787,DNE,DNE
19647330151795,DNE,DNE
19647330151803,DNE,DNE
19647330151811,DNE,DNE
19647330151829,DNE,DNE
19647330151837,DNE,DNE
19647330151845,DNE,DNE
19647330151852,DNE,DNE
19647330151860,DNE,DNE
19647330151878,DNE,DNE
19647330151886,DNE,DNE
19647330151894,DNE,DNE
19647330151902,DNE,DNE
19647330151910,DNE,DNE
19647330151928,DNE,DNE
19647330151936,DNE,DNE
19647330151944,DNE,DNE
19647330151951,DNE,DNE
19647330151969,DNE,DNE
19647330151977,DNE,DNE
19647330151985,DNE,DNE
19647330151993,DNE,DNE
19647330152009,DNE,DNE
19647330152017,DNE,DNE
19647330152025,DNE,DNE
19647330152033,DNE,DNE
19647330152041,DNE,DNE
19647330152058,DNE,DNE
19647330152066,DNE,DNE
19647330152074,DNE,DNE
19647330152082,DNE,DNE
19647330152090,DNE,DNE
19647330152108,DNE,DNE
19647330152116,DNE,DNE
19647330152124,DNE,DNE
19647330152132,DNE,DNE
19647330152140,DNE,DNE
19647330152157,DNE,DNE
19647330152165,DNE,DNE
19647330152173,DNE,DNE
19647330152181,DNE,DNE
19647330152199,DNE,DNE
19647330152207,DNE,DNE
19647330152215,DNE,DNE
19647330152223,DNE,DNE
19647330152231,DNE,DNE
19647330152249,DNE,DNE
19647330152256,DNE,DNE
19647330152264,DNE,DNE
19647330152272,DNE,DNE
19647330152280,DNE,DNE
19647330152298,DNE,DNE
19647330152306,DNE,DNE
19647330152314,DNE,DNE
19647330152322,DNE,DNE
19647330152330,DNE,DNE
19647330152348,DNE,DNE
19647330152371,DNE,DNE
19647330152389,DNE,DNE
19647330152397,DNE,DNE
19647330152405,DNE,DNE
19647330152413,DNE,DNE
19647330152421,DNE,DNE
19647330152439,DNE,DNE
19647330152447,DNE,DNE
19647330152454,DNE,DNE
19647330152462,DNE,DNE
19647330152470,DNE,DNE
19647330152488,DNE,DNE
19647330152496,DNE,DNE
19647330152504,DNE,DNE
19647330152512,DNE,DNE
19647330152520,DNE,DNE
19647330152538,DNE,DNE
19647330152546,DNE,DNE
19647330152553,DNE,DNE
19647330152561,DNE,DNE
19647330152587,DNE,DNE
19647330152595,DNE,DNE
19647330152603,DNE,DNE
19647330152611,DNE,DNE
19647330152629,DNE,DNE
19647330156240,DNE,DNE
19647330164202,DNE,DNE
19647330164210,DNE,DNE
19647330164228,DNE,DNE
19647330164780,DNE,DNE
19647330165050,DNE,DNE
19647330165068,DNE,DNE
19647331930023,DNE,DNE
19647331930064,DNE,E
19647331930114,DNE,DNE
19647331930247,DNE,DNE
19647331930254,DNE,DNE
19647331930296,DNE,E
19647331930304,DNE,DNE
19647331930379,DNE,DNE
19647331930387,DNE,E
19647331930395,DNE,DNE
19647331930403,DNE,E
19647331930429,DNE,E
19647331930437,DNE,DNE
19647331930445,DNE,DNE
19647331930460,DNE,DNE
19647331930478,DNE,DNE
19647331930486,DNE,E
19647331930494,DNE,DNE
19647331930510,DNE,DNE
19647331930536,DNE,DNE
19647331930544,DNE,DNE
19647331930551,DNE,E
19647331930577,DNE,E
19647331930593,DNE,DNE
19647331930619,DNE,E
19647331930627,DNE,DNE
19647331930635,DNE,DNE
19647331930643,DNE,DNE
19647331930650,DNE,E
19647331930668,DNE,DNE
19647331930684,DNE,DNE
19647331930692,DNE,E
19647331930718,DNE,DNE
19647331930734,DNE,E
19647331930767,DNE,DNE
19647331930783,DNE,E
19647331930791,DNE,E
19647331930817,DNE,DNE
19647331930833,DNE,DNE
19647331930841,DNE,DNE
19647331930858,DNE,DNE
19647331930866,DNE,E
19647331930908,DNE,DNE
19647331930924,DNE,E
19647331930932,DNE,DNE
19647331930940,DNE,E
19647331930957,DNE,DNE
19647331930973,DNE,E
19647331930999,DNE,DNE
19647331931005,DNE,DNE
19647331931013,DNE,DNE
19647331931047,DNE,E
19647331931054,DNE,E
19647331931070,DNE,E
19647331931278,DNE,DNE
19647331931294,DNE,DNE
19647331931310,DNE,DNE
19647331931336,DNE,E
19647331931344,DNE,DNE
19647331931351,DNE,DNE
19647331931377,DNE,E
19647331931385,DNE,E
19647331931393,DNE,E
19647331931401,DNE,DNE
19647331931419,DNE,DNE
19647331931427,DNE,DNE
19647331931435,DNE,E
19647331931443,DNE,DNE
19647331931450,DNE,E
19647331931468,DNE,E
19647331931476,DNE,E
19647331931484,DNE,E
19647331931500,DNE,E
19647331931518,DNE,E
19647331931526,DNE,E
19647331931534,DNE,E
19647331931559,DNE,E
19647331931575,DNE,DNE
19647331931583,DNE,DNE
19647331931591,DNE,DNE
19647331931633,DNE,E
19647331931658,DNE,DNE
19647331931682,DNE,E
19647331931690,DNE,E
19647331931708,DNE,E
19647331931716,DNE,E
19647331931724,DNE,DNE
19647331931849,DNE,DNE
19647331931856,DNE,E
19647331931864,DNE,E
19647331931930,DNE,E
19647331931955,DNE,E
19647331931971,DNE,E
19647331931989,DNE,E
19647331931997,DNE,E
19647331932029,DNE,DNE
19647331932110,DNE,DNE
19647331932128,DNE,E
19647331932169,DNE,DNE
19647331932227,DNE,DNE
19647331932235,DNE,DNE
19647331932243,DNE,DNE
19647331932250,DNE,E
19647331932276,DNE,DNE
19647331932318,DNE,E
19647331932334,DNE,E
19647331932342,DNE,E
19647331932359,DNE,DNE
19647331932367,DNE,DNE
19647331932375,DNE,DNE
19647331932383,DNE,E
19647331932391,DNE,DNE
19647331932458,DNE,DNE
19647331932466,DNE,DNE
19647331932474,DNE,DNE
19647331932490,DNE,DNE
19647331932508,DNE,DNE
19647331932516,DNE,DNE
19647331932540,DNE,E
19647331932623,E,E
19647331932649,DNE,DNE
19647331932821,DNE,E
19647331932847,DNE,E
19647331932888,DNE,E
19647331932896,DNE,E
19647331932904,DNE,DNE
19647331932912,DNE,DNE
19647331932920,DNE,E
19647331932938,DNE,DNE
19647331932946,DNE,DNE
19647331932953,DNE,DNE
19647331932961,DNE,DNE
19647331932979,DNE,DNE
19647331932987,DNE,E
19647331932995,DNE,DNE
19647331933001,DNE,E
19647331933019,DNE,DNE
19647331933027,DNE,DNE
19647331933035,DNE,DNE
19647331933043,DNE,E
19647331933050,DNE,DNE
19647331933068,DNE,DNE
19647331933076,DNE,DNE
19647331933084,DNE,DNE
19647331933092,DNE,DNE
19647331933100,DNE,DNE
19647331933118,DNE,E
19647331933126,DNE,DNE
19647331933134,DNE,DNE
19647331933142,DNE,DNE
19647331933167,DNE,DNE
19647331933183,DNE,DNE
19647331933191,DNE,DNE
19647331933209,DNE,DNE
19647331933217,DNE,DNE
19647331933233,DNE,E
19647331933241,DNE,E
19647331933258,DNE,DNE
19647331933282,DNE,DNE
19647331933290,DNE,DNE
19647331933365,DNE,DNE
19647331933381,DNE,E
19647331933746,DNE,E
19647331933795,DNE,E
19647331933852,DNE,E
19647331934017,DNE,DNE
19647331934033,DNE,E
19647331934132,DNE,DNE
19647331934157,DNE,E
19647331934298,DNE,DNE
19647331934355,DNE,DNE
19647331934371,DNE,E
19647331934439,DNE,DNE
19647331934454,DNE,E
19647331935105,DNE,DNE
19647331935121,DNE,E
19647331935154,DNE,DNE
19647331935303,DNE,DNE
19647331935352,DNE,E
19647331935493,DNE,DNE
19647331935519,DNE,E
19647331935568,DNE,E
19647331935667,DNE,DNE
19647331935717,DNE,E
19647331935865,DNE,E
19647331936160,DNE,E
19647331936335,DNE,DNE
19647331936350,DNE,E
19647331936566,DNE,DNE
19647331937085,DNE,E
19647331937200,DNE,DNE
19647331937226,DNE,E
19647331937283,DNE,DNE
19647331937408,DNE,DNE
19647331937424,DNE,E
19647331937549,DNE,DNE
19647331937606,DNE,DNE
19647331937622,DNE,E
19647331937812,DNE,DNE
19647331937838,DNE,E
19647331938281,DNE,DNE
19647331938307,DNE,E
19647331938554,DNE,E
19647331938612,DNE,E
19647331938869,DNE,DNE
19647331938885,DNE,E
19647331938943,DNE,DNE
19647331938968,DNE,E
19647331939024,DNE,DNE
19647331939040,DNE,E
19647331939107,DNE,E
19647331939255,DNE,DNE
19647331939305,DNE,E
19647331939453,DNE,DNE
19647331939479,DNE,E
19647331939784,DNE,E
19647331939859,DNE,E
19647331939941,DNE,E
19647331943216,DNE,DNE
19647331995448,DNE,E
19647331995455,DNE,DNE
19647331995489,DNE,DNE
19647331995620,DNE,DNE
19647331995638,DNE,DNE
19647331995778,DNE,DNE
19647331995794,DNE,E
19647331995836,DNE,E
19647331996073,DNE,E
19647331996115,DNE,E
19647331996594,DNE,DNE
19647331996610,DNE,E
19647331996636,DNE,DNE
19647331996651,DNE,E
19647331996669,DNE,DNE
19647336015705,DNE,E
19647336015713,DNE,E
19647336015721,DNE,E
19647336015739,DNE,E
19647336015747,DNE,E
19647336015754,DNE,E
19647336015762,DNE,E
19647336015770,DNE,E
19647336015788,DNE,DNE
19647336015796,DNE,E
19647336015804,DNE,E
19647336015812,DNE,E
19647336015820,DNE,E
19647336015838,DNE,E
19647336015846,DNE,E
19647336015853,DNE,E
19647336015861,DNE,E
19647336015879,DNE,E
19647336015887,DNE,E
19647336015895,DNE,E
19647336015903,DNE,E
19647336015911,DNE,DNE
19647336015929,DNE,E
19647336015945,DNE,E
19647336015952,DNE,E
19647336015960,DNE,E
19647336015978,DNE,E
19647336015986,DNE,E
19647336015994,DNE,E
19647336016000,DNE,DNE
19647336016018,DNE,E
19647336016026,DNE,E
19647336016034,DNE,E
19647336016042,DNE,E
19647336016059,DNE,E
19647336016067,DNE,E
19647336016075,DNE,E
19647336016083,DNE,E
19647336016091,DNE,E
19647336016109,DNE,E
19647336016117,DNE,E
19647336016125,DNE,E
19647336016133,DNE,E
19647336016141,DNE,E
19647336016158,DNE,E
19647336016166,DNE,E
19647336016174,DNE,E
19647336016182,DNE,E
19647336016190,DNE,DNE
19647336016208,DNE,E
19647336016216,DNE,E
19647336016224,DNE,E
19647336016232,DNE,E
19647336016240,DNE,E
19647336016257,DNE,E
19647336016265,DNE,E
19647336016273,DNE,E
19647336016281,DNE,E
19647336016299,DNE,E
19647336016307,DNE,E
19647336016315,DNE,E
19647336016323,DNE,E
19647336016331,DNE,E
19647336016349,DNE,E
19647336016356,DNE,E
19647336016364,DNE,E
19647336016372,DNE,E
19647336016380,DNE,E
19647336016398,DNE,E
19647336016406,DNE,E
19647336016414,DNE,E
19647336016422,DNE,E
19647336016430,DNE,E
19647336016448,DNE,E
19647336016455,DNE,E
19647336016463,DNE,E
19647336016471,DNE,E
19647336016489,DNE,E
19647336016497,DNE,E
19647336016505,DNE,E
19647336016513,DNE,E
19647336016521,DNE,E
19647336016539,DNE,E
19647336016547,DNE,E
19647336016554,DNE,E
19647336016562,DNE,E
19647336016570,DNE,E
19647336016588,DNE,DNE
19647336016596,DNE,DNE
19647336016604,DNE,E
19647336016612,DNE,E
19647336016620,DNE,E
19647336016638,DNE,E
19647336016646,DNE,E
19647336016653,DNE,E
19647336016661,DNE,E
19647336016679,DNE,E
19647336016687,DNE,E
19647336016695,DNE,E
19647336016703,DNE,E
19647336016711,DNE,E
19647336016729,DNE,E
19647336016737,DNE,E
19647336016745,DNE,E
19647336016752,DNE,E
19647336016760,DNE,DNE
19647336016778,DNE,E
19647336016786,DNE,E
19647336016794,DNE,E
19647336016802,DNE,E
19647336016810,DNE,E
19647336016828,DNE,E
19647336016836,DNE,E
19647336016844,DNE,E
19647336016851,DNE,E
19647336016869,DNE,E
19647336016877,DNE,E
19647336016885,DNE,E
19647336016893,DNE,E
19647336016901,DNE,E
19647336016919,DNE,DNE
19647336016927,DNE,DNE
19647336016935,DNE,E
19647336016943,DNE,E
19647336016950,DNE,E
19647336016968,DNE,E
19647336016976,DNE,E
19647336016984,DNE,E
19647336016992,DNE,E
19647336017008,DNE,E
19647336017016,DNE,DNE
19647336017024,DNE,E
19647336017032,DNE,E
19647336017040,DNE,E
19647336017057,DNE,E
19647336017065,DNE,E
19647336017073,DNE,E
19647336017081,DNE,E
19647336017099,DNE,E
19647336017107,DNE,DNE
19647336017115,DNE,E
19647336017123,DNE,E
19647336017131,DNE,E
19647336017149,DNE,E
19647336017156,DNE,E
19647336017164,DNE,E
19647336017172,DNE,E
19647336017180,DNE,E
19647336017198,DNE,E
19647336017206,DNE,E
19647336017214,DNE,E
19647336017222,DNE,E
19647336017230,DNE,E
19647336017248,DNE,E
19647336017255,DNE,E
19647336017263,DNE,E
19647336017271,DNE,E
19647336017289,DNE,E
19647336017297,DNE,E
19647336017305,DNE,E
19647336017313,DNE,E
19647336017321,DNE,E
19647336017339,DNE,E
19647336017347,DNE,E
19647336017354,DNE,E
19647336017362,DNE,E
19647336017370,DNE,DNE
19647336017388,DNE,E
19647336017396,DNE,E
19647336017404,DNE,E
19647336017412,DNE,E
19647336017420,DNE,E
19647336017438,DNE,E
19647336017446,DNE,E
19647336017453,DNE,E
19647336017461,DNE,E
19647336017479,DNE,E
19647336017487,DNE,E
19647336017495,DNE,E
19647336017503,DNE,E
19647336017511,DNE,E
19647336017529,DNE,E
19647336017537,DNE,E
19647336017545,DNE,E
19647336017552,DNE,E
19647336017560,DNE,DNE
19647336017578,DNE,DNE
19647336017586,DNE,E
19647336017594,DNE,E
19647336017602,DNE,E
19647336017610,DNE,E
19647336017628,DNE,E
19647336017636,DNE,E
19647336017644,DNE,E
19647336017651,DNE,E
19647336017669,DNE,E
19647336017677,DNE,E
19647336017685,DNE,E
19647336017693,DNE,E
19647336017701,DNE,E
19647336017719,DNE,E
19647336017727,DNE,E
19647336017735,DNE,E
19647336017743,DNE,E
19647336017750,DNE,E
19647336017768,DNE,E
19647336017776,DNE,E
19647336017784,DNE,E
19647336017792,DNE,E
19647336017800,DNE,E
19647336017818,DNE,E
19647336017826,DNE,E
19647336017834,DNE,E
19647336017842,DNE,E
19647336017859,DNE,E
19647336017867,DNE,E
19647336017875,DNE,E
19647336017883,DNE,E
19647336017891,DNE,E
19647336017909,DNE,E
19647336017917,DNE,E
19647336017925,DNE,E
19647336017933,DNE,E
19647336017941,DNE,E
19647336017958,DNE,E
19647336017966,DNE,E
19647336017974,DNE,E
19647336017982,DNE,E
19647336017990,DNE,E
19647336018006,DNE,E
19647336018014,DNE,E
19647336018022,DNE,E
19647336018030,DNE,E
19647336018048,DNE,E
19647336018055,DNE,E
19647336018063,DNE,E
19647336018071,DNE,E
19647336018089,DNE,E
19647336018097,DNE,E
19647336018105,DNE,E
19647336018113,DNE,E
19647336018121,DNE,E
19647336018139,DNE,E
19647336018147,DNE,E
19647336018154,DNE,E
19647336018162,DNE,E
19647336018170,DNE,E
19647336018188,DNE,E
19647336018196,DNE,E
19647336018204,DNE,E
19647336018212,DNE,E
19647336018220,DNE,E
19647336018238,DNE,E
19647336018246,DNE,E
19647336018253,DNE,E
19647336018261,DNE,E
19647336018279,DNE,E
19647336018287,DNE,E
19647336018295,DNE,E
19647336018303,DNE,E
19647336018311,DNE,E
19647336018329,DNE,DNE
19647336018337,DNE,E
19647336018345,DNE,E
19647336018352,DNE,E
19647336018360,DNE,E
19647336018378,DNE,E
19647336018386,DNE,E
19647336018394,DNE,E
19647336018402,DNE,E
19647336018410,DNE,E
19647336018428,DNE,E
19647336018436,DNE,E
19647336018444,DNE,E
19647336018451,DNE,DNE
19647336018469,DNE,E
19647336018477,DNE,E
19647336018485,DNE,E
19647336018493,DNE,E
19647336018501,DNE,E
19647336018519,DNE,E
19647336018527,DNE,E
19647336018535,DNE,E
19647336018543,DNE,E
19647336018550,DNE,E
19647336018568,DNE,E
19647336018576,DNE,E
19647336018584,DNE,DNE
19647336018592,DNE,E
19647336018600,DNE,DNE
19647336018618,DNE,E
19647336018626,DNE,E
19647336018634,DNE,E
19647336018642,DNE,E
19647336018659,DNE,E
19647336018667,DNE,E
19647336018675,DNE,E
19647336018683,DNE,E
19647336018691,DNE,E
19647336018709,DNE,E
19647336018717,DNE,E
19647336018725,DNE,E
19647336018733,DNE,DNE
19647336018741,DNE,E
19647336018758,DNE,E
19647336018766,DNE,E
19647336018774,DNE,E
19647336018782,DNE,DNE
19647336018790,DNE,E
19647336018808,DNE,E
19647336018816,DNE,E
19647336018824,DNE,E
19647336018832,DNE,E
19647336018840,DNE,E
19647336018857,DNE,E
19647336018865,DNE,DNE
19647336018873,DNE,E
19647336018881,DNE,E
19647336018899,DNE,DNE
19647336018907,DNE,E
19647336018915,DNE,E
19647336018923,DNE,E
19647336018931,DNE,E
19647336018949,DNE,E
19647336018956,DNE,E
19647336018964,DNE,E
19647336018972,DNE,E
19647336018980,DNE,E
19647336018998,DNE,E
19647336019004,DNE,E
19647336019012,DNE,E
19647336019020,DNE,E
19647336019038,DNE,E
19647336019046,DNE,E
19647336019053,DNE,E
19647336019061,DNE,E
19647336019079,DNE,E
19647336019087,DNE,E
19647336019095,DNE,E
19647336019103,DNE,DNE
19647336019111,DNE,E
19647336019129,DNE,E
19647336019137,DNE,E
19647336019145,DNE,E
19647336019152,DNE,E
19647336019160,DNE,E
19647336019178,DNE,E
19647336019186,DNE,E
19647336019194,DNE,E
19647336019202,DNE,E
19647336019210,DNE,E
19647336019228,DNE,E
19647336019236,DNE,E
19647336019244,DNE,E
19647336019251,DNE,E
19647336019269,DNE,E
19647336019277,DNE,E
19647336019285,DNE,E
19647336019293,DNE,E
19647336019301,DNE,E
19647336019319,DNE,E
19647336019327,DNE,E
19647336019335,DNE,E
19647336019343,DNE,E
19647336019350,DNE,E
19647336019368,DNE,E
19647336019376,DNE,E
19647336019384,DNE,E
19647336019392,DNE,E
19647336019400,DNE,E
19647336019418,DNE,E
19647336019426,DNE,E
19647336019434,DNE,E
19647336019442,DNE,E
19647336019459,DNE,E
19647336019467,DNE,E
19647336019475,DNE,E
19647336019483,DNE,E
19647336019491,DNE,E
19647336019509,DNE,E
19647336019517,DNE,E
19647336019525,DNE,E
19647336019533,DNE,E
19647336019541,DNE,E
19647336019558,DNE,E
19647336019566,DNE,E
19647336019574,DNE,E
19647336019582,DNE,E
19647336019590,DNE,E
19647336019608,DNE,E
19647336019616,DNE,E
19647336019624,DNE,E
19647336019632,DNE,E
19647336019640,DNE,E
19647336019657,DNE,E
19647336019665,DNE,E
19647336019673,DNE,E
19647336019681,DNE,E
19647336019699,DNE,E
19647336019707,DNE,E
19647336019715,DNE,E
19647336019723,DNE,E
19647336019731,DNE,E
19647336019749,DNE,E
19647336019756,DNE,E
19647336019764,DNE,E
19647336019772,DNE,E
19647336019780,DNE,E
19647336019798,DNE,E
19647336019806,DNE,E
19647336019814,DNE,E
19647336019822,DNE,E
19647336019830,DNE,E
19647336019848,DNE,E
19647336019855,DNE,E
19647336019863,DNE,E
19647336019871,DNE,E
19647336019889,DNE,E
19647336019897,DNE,DNE
19647336019905,DNE,E
19647336019913,DNE,E
19647336019921,DNE,E
19647336019939,DNE,E
19647336019947,DNE,E
19647336019954,DNE,E
19647336019962,DNE,E
19647336019970,DNE,E
19647336019988,DNE,E
19647336019996,DNE,E
19647336020002,DNE,E
19647336020010,DNE,E
19647336020028,DNE,E
19647336020036,DNE,E
19647336020044,DNE,E
19647336020051,DNE,E
19647336020069,DNE,E
19647336057855,DNE,E
19647336057863,DNE,DNE
19647336057871,DNE,E
19647336057889,DNE,E
19647336057897,DNE,E
19647336057905,DNE,E
19647336057913,DNE,E
19647336057921,DNE,E
19647336057939,DNE,E
19647336057947,DNE,E
19647336057954,DNE,E
19647336057962,DNE,E
19647336057988,DNE,E
19647336057996,DNE,E
19647336058002,DNE,E
19647336058028,DNE,E
19647336058036,DNE,E
19647336058044,DNE,E
19647336058051,DNE,E
19647336058069,DNE,E
19647336058077,DNE,E
19647336058085,DNE,E
19647336058093,DNE,E
19647336058101,DNE,E
19647336058119,DNE,DNE
19647336058127,DNE,E
19647336058135,DNE,E
19647336058143,DNE,E
19647336058150,DNE,E
19647336058168,DNE,E
19647336058176,DNE,E
19647336058184,DNE,E
19647336058192,DNE,E
19647336058200,DNE,E
19647336058218,DNE,E
19647336058226,DNE,E
19647336058234,DNE,DNE
19647336058242,DNE,E
19647336058267,DNE,E
19647336058275,DNE,E
19647336058283,DNE,E
19647336058291,DNE,E
19647336058309,DNE,E
19647336058317,DNE,E
19647336058325,DNE,E
19647336058333,DNE,E
19647336058341,DNE,E
19647336058358,DNE,E
19647336058366,DNE,E
19647336058374,DNE,E
19647336058382,DNE,E
19647336060461,DNE,E
19647336060479,DNE,DNE
19647336060487,DNE,DNE
19647336060495,DNE,E
19647336060503,DNE,E
19647336060511,DNE,E
19647336060529,DNE,E
19647336060537,DNE,DNE
19647336060545,DNE,E
19647336060552,DNE,DNE
19647336060578,DNE,E
19647336060586,DNE,E
19647336060594,DNE,DNE
19647336060602,DNE,DNE
19647336060610,DNE,DNE
19647336060628,DNE,DNE
19647336061394,DNE,E
19647336061402,DNE,E
19647336061410,DNE,E
19647336061428,DNE,DNE
19647336061436,DNE,E
19647336061444,DNE,E
19647336061451,DNE,E
19647336061469,DNE,E
19647336061477,DNE,E
19647336061485,DNE,E
19647336061493,DNE,DNE
19647336061501,DNE,E
19647336061519,DNE,E
19647336061527,DNE,E
19647336061535,DNE,E
19647336061543,DNE,E
19647336061550,DNE,E
19647336061568,DNE,E
19647336061576,DNE,E
19647336061584,DNE,E
19647336061592,DNE,DNE
19647336061600,DNE,E
19647336062699,DNE,E
19647336066278,DNE,E
19647336066286,DNE,E
19647336066294,DNE,E
19647336066302,DNE,DNE
19647336066310,DNE,DNE
19647336068431,DNE,E
19647336068449,DNE,DNE
19647336068555,DNE,DNE
19647336068563,DNE,DNE
19647336069157,DNE,E
19647336069165,DNE,DNE
19647336071435,DNE,E
19647336071443,DNE,E
19647336071450,DNE,DNE
19647336071468,DNE,DNE
19647336089700,DNE,E
19647336094726,DNE,E
19647336096887,DNE,DNE
19647336096895,DNE,DNE
19647336097927,DNE,E
19647336098289,DNE,DNE
19647336099469,DNE,DNE
19647336099477,DNE,DNE
19647336099493,DNE,DNE
19647336099501,DNE,DNE
19647336099519,DNE,DNE
19647336099527,DNE,DNE
19647336099535,DNE,DNE
19647336099543,DNE,DNE
19647336099550,DNE,DNE
19647336099568,DNE,DNE
19647336099576,DNE,DNE
19647336099584,DNE,DNE
19647336099592,DNE,DNE
19647336099600,DNE,DNE
19647336099618,DNE,DNE
19647336099626,DNE,DNE
19647336099634,DNE,DNE
19647336099642,DNE,DNE
19647336100036,DNE,DNE
19647336100044,DNE,DNE
19647336100051,DNE,DNE
19647336100069,DNE,E
19647336100077,DNE,DNE
19647336100085,DNE,DNE
19647336100093,DNE,DNE
19647336100101,DNE,DNE
19647336100119,DNE,DNE
19647336100127,DNE,DNE
19647336100135,DNE,DNE
19647336100143,DNE,DNE
19647336100150,DNE,DNE
19647336100168,DNE,DNE
19647336100176,DNE,DNE
19647336100184,DNE,DNE
19647336100192,DNE,DNE
19647336100200,DNE,DNE
19647336100218,DNE,DNE
19647336100226,DNE,DNE
19647336100234,DNE,DNE
19647336100242,DNE,DNE
19647336100259,DNE,DNE
19647336100689,DNE,DNE
19647336100697,DNE,DNE
19647336100705,DNE,DNE
19647336100713,DNE,DNE
19647336100721,DNE,DNE
19647336100739,DNE,DNE
19647336100747,DNE,DNE
19647336100788,DNE,DNE
19647336100796,DNE,DNE
19647336100804,DNE,DNE
19647336100812,DNE,DNE
19647336100986,DNE,DNE
19647336102115,DNE,DNE
19647336102123,DNE,DNE
19647336102131,DNE,DNE
19647336102149,DNE,DNE
19647336102156,DNE,DNE
19647336102164,DNE,DNE
19647336102172,DNE,DNE
19647336102180,DNE,DNE
19647336102198,DNE,DNE
19647336102206,DNE,DNE
19647336102214,DNE,DNE
19647336103410,DNE,DNE
19647336104160,DNE,DNE
19647336104178,DNE,DNE
19647336104186,DNE,DNE
19647336104194,DNE,DNE
19647336104202,DNE,DNE
19647336104210,DNE,DNE
19647336104228,DNE,DNE
19647336104814,DNE,E
19647336104822,DNE,E
19647336106637,DNE,DNE
19647336106645,DNE,DNE
19647336107064,DNE,E
19647336107403,DNE,E
19647336107411,DNE,E
19647336108641,DNE,E
19647336109607,DNE,DNE
19647336110266,DNE,E
19647336110274,DNE,E
19647336110951,DNE,E
19647336110969,DNE,E
19647336110977,DNE,E
19647336111512,DNE,E
19647336112411,DNE,E
19647336112536,DNE,DNE
19647336113419,DNE,E
19647336114722,DNE,E
19647336114912,DNE,E
19647336115794,DNE,E
19647336115802,DNE,DNE
19647336115810,DNE,DNE
19647336116750,DNE,E
19647336116834,DNE,DNE
19647336116842,DNE,E
19647336117048,DNE,DNE
19647336117667,DNE,E
19647336117949,DNE,DNE
19647336118186,DNE,E
19647336118194,DNE,DNE
19647336119044,DNE,E
19647336119093,DNE,E
19647336119424,DNE,DNE
19647336119531,DNE,E
19647336119895,DNE,DNE
19647336119903,DNE,E
19647336119929,DNE,DNE
19647336119937,DNE,DNE
19647336119952,DNE,DNE
19647336120471,DNE,E
19647336120489,DNE,E
19647336120679,DNE,E
19647336120794,DNE,E
19647336120810,DNE,E
19647336121081,DNE,DNE
19647336900708,DNE,DNE
19647336918197,DNE,DNE
19647339005372,DNE,DNE
19647339005448,DNE,DNE
19647339005471,DNE,DNE
19647580000000,DNE,DNE
19647586020077,E,E
19647586020085,E,E
19647586020093,E,E
19647586020101,E,E
19647586020119,DNE,DNE
19647740000000,DNE,DNE
19647740107912,DNE,E
19647740108381,DNE,E
19647740108399,DNE,E
19647740109538,DNE,E
19647740111930,DNE,DNE
19647740114777,DNE,E
19647740118562,DNE,DNE
19647740127845,DNE,DNE
19647740152751,DNE,DNE
19647740152769,DNE,DNE
19647740152777,DNE,DNE
19647740152785,DNE,DNE
19647740152793,DNE,DNE
19647740152801,DNE,DNE
19647740152819,DNE,DNE
19647740152827,DNE,DNE
19647740152835,DNE,DNE
19647740152843,DNE,DNE
19647740152850,DNE,DNE
19647740152868,DNE,DNE
19647740152876,DNE,DNE
19647741935410,DNE,DNE
19647741935428,DNE,E
19647741935436,DNE,E
19647741995471,DNE,DNE
19647741996354,DNE,DNE
19647741996487,DNE,DNE
19647746020234,DNE,E
19647746020242,DNE,E
19647746020259,DNE,E
19647746020267,DNE,E
19647746020275,DNE,E
19647746020283,DNE,E
19647746020291,DNE,E
19647746020309,DNE,E
19647746020317,DNE,E
19647746058390,DNE,DNE
19647746103394,DNE,DNE
19647746115539,DNE,E
19647746115547,DNE,DNE
19647746116685,DNE,E
19647820000000,DNE,DNE
19647826020325,DNE,DNE
19647826020333,DNE,DNE
19647826020341,DNE,DNE
19647826020358,DNE,DNE
19647826020366,DNE,DNE
19647826020374,DNE,DNE
19647826020382,DNE,DNE
19647826020390,DNE,DNE
19647826020408,DNE,DNE
19647826020416,DNE,DNE
19647826102610,DNE,DNE
19647900000000,DNE,DNE
19647900115147,DNE,DNE
19647900120451,DNE,DNE
19647901935899,DNE,E
19647901935907,DNE,DNE
19647901935923,DNE,E
19647901995505,DNE,DNE
19647901996404,DNE,E
19647906020424,DNE,E
19647906020432,DNE,E
19647906020457,DNE,E
19647906020465,DNE,E
19647906020473,DNE,E
19647906020481,DNE,E
19647906020499,DNE,E
19647906118277,DNE,DNE
19647909009390,DNE,DNE
19648080000000,DNE,DNE
19648080124552,DNE,DNE
19648081930155,DNE,DNE
19648081930809,DNE,DNE
19648081930825,DNE,DNE
19648081932904,DNE,DNE
19648081933274,DNE,DNE
19648081935972,DNE,DNE
19648081935998,DNE,DNE
19648081938927,DNE,DNE
19648081995273,DNE,DNE
19648081995364,DNE,DNE
19648081995604,DNE,DNE
19648081995612,DNE,DNE
19648081996388,DNE,DNE
19648086020507,DNE,DNE
19648086020515,DNE,DNE
19648086020523,DNE,DNE
19648086020531,DNE,DNE
19648086020549,DNE,DNE
19648086020556,DNE,DNE
19648086020564,DNE,DNE
19648086020572,DNE,DNE
19648086020580,DNE,DNE
19648086020598,DNE,DNE
19648086020606,DNE,DNE
19648086020614,DNE,DNE
19648086020622,DNE,DNE
19648086020630,DNE,DNE
19648086020648,DNE,DNE
19648086020655,DNE,DNE
19648086020663,DNE,DNE
19648086020671,DNE,DNE
19648086020689,DNE,DNE
19648086058408,DNE,DNE
19648086058416,DNE,DNE
19648086058424,DNE,DNE
19648086058432,DNE,DNE
19648086085674,DNE,DNE
19648086085682,DNE,DNE
19648086113799,DNE,DNE
19648160000000,DNE,DNE
19648160152884,DNE,DNE
19648160152892,DNE,DNE
19648160152900,DNE,DNE
19648166020697,DNE,E
19648166020705,DNE,DNE
19648166020713,DNE,DNE
19648166020721,DNE,E
19648166020739,DNE,DNE
19648166020747,DNE,E
19648166020754,DNE,E
19648166020762,DNE,E
19648166020770,DNE,E
19648166020788,DNE,E
19648166060636,DNE,DNE
19648166105407,DNE,E
19648166110571,DNE,DNE
19648320000000,DNE,DNE
19648320100636,DNE,E
19648320100644,DNE,E
19648320108027,DNE,E
19648320152926,DNE,DNE
19648320152934,DNE,DNE
19648320152942,DNE,DNE
19648326020796,DNE,E
19648326020804,DNE,E
19648326020812,DNE,E
19648326066773,DNE,E
19648326095442,DNE,E
19648326107171,DNE,E
19648326113047,DNE,E
19648400000000,DNE,DNE
19648400124974,DNE,DNE
19648400152959,DNE,DNE
19648400152967,DNE,DNE
19648400152975,DNE,DNE
19648400152983,DNE,DNE
19648400152991,DNE,DNE
19648400153007,DNE,DNE
19648400153015,DNE,DNE
19648400153023,DNE,DNE
19648400153031,DNE,DNE
19648400164756,DNE,DNE
19648401932854,DNE,DNE
19648401933647,DNE,E
19648401934728,DNE,E
19648401936194,DNE,DNE
19648401936459,DNE,DNE
19648401936467,DNE,E
19648401936475,DNE,E
19648401995711,DNE,DNE
19648406020820,DNE,DNE
19648406020838,DNE,E
19648406020846,DNE,E
19648406020853,DNE,DNE
19648406020861,DNE,DNE
19648406020879,DNE,DNE
19648406020887,DNE,E
19648406020895,DNE,E
19648406020903,DNE,E
19648406020911,DNE,E
19648406020929,DNE,E
19648406020937,DNE,E
19648406020945,DNE,E
19648406020952,DNE,E
19648406020960,DNE,DNE
19648406020978,DNE,DNE
19648406020986,DNE,DNE
19648406020994,DNE,E
19648406021000,DNE,E
19648406021018,DNE,E
19648406021026,DNE,E
19648406021034,DNE,E
19648406021042,DNE,E
19648406021059,DNE,DNE
19648406021067,DNE,DNE
19648406021075,DNE,E
19648406021083,DNE,E
19648406021091,DNE,E
19648406021109,DNE,DNE
19648406021117,DNE,DNE
19648406021125,DNE,E
19648406021133,DNE,E
19648406114474,DNE,DNE
19648406116347,DNE,DNE
19648570000000,DNE,DNE
19648570102269,DNE,E
19648570105981,DNE,E
19648570112714,E,E
19648570116558,DNE,E
19648570124156,DNE,E
19648570125377,DNE,E
19648570126268,DNE,E
19648570129973,DNE,E
19648570133173,DNE,E
19648570133611,DNE,E
19648570135301,DNE,E
19648570140889,DNE,DNE
19648570153049,DNE,DNE
19648570153056,DNE,DNE
19648570153064,DNE,DNE
19648570153072,DNE,DNE
19648570153080,DNE,DNE
19648570153098,DNE,DNE
19648570153106,DNE,DNE
19648570153114,DNE,DNE
19648570153122,DNE,DNE
19648570153130,DNE,DNE
19648570153148,DNE,DNE
19648576021141,DNE,E
19648576021158,DNE,E
19648576021166,DNE,DNE
19648576021174,DNE,DNE
19648576021182,DNE,DNE
19648576021190,DNE,E
19648576021208,DNE,E
19648576094742,DNE,DNE
19648576104145,DNE,DNE
19648576105613,DNE,E
19648576105621,DNE,E
19648576106793,DNE,E
19648576106900,DNE,E
19648576107635,DNE,E
19648576108583,DNE,DNE
19648576108591,DNE,DNE
19648576108609,DNE,E
19648576108617,DNE,DNE
19648576108625,DNE,E
19648576108633,DNE,E
19648576111538,DNE,E
19648576111546,DNE,E
19648576113906,DNE,E
19648576115083,DNE,DNE
19648576115273,DNE,E
19648576115281,DNE,E
19648576118749,DNE,E
19648576119143,DNE,E
19648576119580,DNE,DNE
19648650000000,DNE,DNE
19648650118638,DNE,DNE
19648650141002,DNE,E
19648651930130,DNE,DNE
19648651933308,E,E
19648651935832,DNE,DNE
19648651936681,DNE,DNE
19648651937341,DNE,DNE
19648651995588,E,E
19648651996149,DNE,DNE
19648651996552,E,E
19648656021216,DNE,DNE
19648656021224,DNE,DNE
19648656021232,DNE,DNE
19648656021240,E,E
19648656021257,E,E
19648656021265,DNE,DNE
19648656021273,E,E
19648656021281,DNE,DNE
19648656021299,E,E
19648656021307,E,E
19648656021315,E,E
19648656021323,E,E
19648656021331,E,E
19648656021349,E,E
19648656021356,E,E
19648656021364,DNE,DNE
19648656021372,E,E
19648656105779,DNE,DNE
19648656116164,DNE,DNE
19648656116172,E,E
19648656117584,E,E
19648730000000,DNE,DNE
19648730102681,DNE,E
19648730108779,DNE,E
19648730119438,DNE,E
19648730119446,DNE,E
19648730120378,DNE,DNE
19648730136705,DNE,E
19648730141739,DNE,E
19648730153155,DNE,DNE
19648730153163,DNE,DNE
19648730153171,DNE,DNE
19648730153189,DNE,DNE
19648730153197,DNE,DNE
19648730153205,DNE,DNE
19648730153213,DNE,DNE
19648731930874,DNE,DNE
19648731936749,DNE,E
19648731936756,DNE,E
19648731995646,DNE,DNE
19648731996065,DNE,DNE
19648731996107,DNE,E
19648731996370,DNE,DNE
19648736021380,DNE,E
19648736021398,DNE,E
19648736021406,DNE,DNE
19648736021414,DNE,E
19648736021422,DNE,DNE
19648736021430,DNE,E
19648736021448,DNE,E
19648736021455,DNE,E
19648736021463,DNE,E
19648736021471,DNE,E
19648736021489,DNE,E
19648736058440,DNE,DNE
19648736058457,DNE,DNE
19648736114615,DNE,E
19648736115372,DNE,DNE
19648736117444,DNE,E
19648736934335,DNE,DNE
19648810000000,DNE,DNE
19648810106591,DNE,DNE
19648810113464,DNE,E
19648810113472,DNE,E
19648810113894,DNE,E
19648810113969,DNE,DNE
19648810117440,DNE,E
19648810118075,E,E
19648810127126,DNE,DNE
19648810127746,DNE,E
19648810128017,DNE,DNE
19648810133470,DNE,DNE
19648810136945,DNE,E
19648810153221,DNE,DNE
19648810153239,DNE,DNE
19648810153247,DNE,DNE
19648810153254,DNE,DNE
19648810153262,DNE,DNE
19648810153270,DNE,DNE
19648810153288,DNE,DNE
19648810153296,DNE,DNE
19648810153304,DNE,DNE
19648810153312,DNE,DNE
19648810153320,DNE,DNE
19648810153338,DNE,DNE
19648810153346,DNE,DNE
19648811930189,DNE,DNE
19648811930197,DNE,DNE
19648811931062,DNE,E
19648811931674,DNE,E
19648811932409,DNE,E
19648811936103,DNE,E
19648811936806,DNE,E
19648811936822,DNE,E
19648811995463,DNE,DNE
19648811996248,DNE,DNE
19648816021497,DNE,DNE
19648816021505,DNE,E
19648816021513,DNE,DNE
19648816021521,DNE,DNE
19648816021539,DNE,DNE
19648816021547,DNE,DNE
19648816021554,DNE,E
19648816021562,DNE,DNE
19648816021570,DNE,E
19648816021588,DNE,DNE
19648816021596,DNE,DNE
19648816021604,DNE,DNE
19648816021612,DNE,E
19648816021620,DNE,E
19648816021638,DNE,DNE
19648816021646,DNE,DNE
19648816021653,DNE,DNE
19648816021661,DNE,DNE
19648816021679,DNE,E
19648816021687,DNE,E
19648816021695,DNE,DNE
19648816021703,DNE,DNE
19648816021711,DNE,DNE
19648816021729,DNE,E
19648816021737,DNE,E
19648816021745,DNE,DNE
19648816021752,DNE,E
19648816021760,DNE,E
19648816021778,DNE,E
19648816058465,DNE,E
19648816058473,DNE,DNE
19648816058481,DNE,DNE
19648816058499,DNE,DNE
19648816061618,DNE,DNE
19648816061626,DNE,DNE
19648816068852,DNE,DNE
19648816089197,DNE,DNE
19648816095541,DNE,DNE
19648816098032,DNE,DNE
19648816098040,DNE,DNE
19648816119549,DNE,E
19648816120265,DNE,E
19648991930262,DNE,DNE
19649070000000,DNE,DNE
19649070100628,DNE,DNE
19649070100727,DNE,DNE
19649070111047,DNE,E
19649070111054,DNE,E
19649070115170,DNE,DNE
19649070153361,DNE,DNE
19649070153379,DNE,DNE
19649070153387,DNE,DNE
19649070153395,DNE,DNE
19649070153403,DNE,DNE
19649070153411,DNE,DNE
19649070153429,DNE,DNE
19649070153437,DNE,DNE
19649070153445,DNE,DNE
19649070153452,DNE,DNE
19649070153460,DNE,DNE
19649070153478,DNE,DNE
19649070153486,DNE,DNE
19649070153494,DNE,DNE
19649070153502,DNE,DNE
19649070153510,DNE,DNE
19649070153528,DNE,DNE
19649070153536,DNE,DNE
19649070153544,DNE,DNE
19649070153551,DNE,DNE
19649070153569,DNE,DNE
19649070153577,DNE,DNE
19649070153585,DNE,DNE
19649071931542,DNE,DNE
19649071933175,DNE,E
19649071933324,DNE,E
19649071936772,DNE,E
19649071937002,DNE,DNE
19649071937028,DNE,E
19649071995547,DNE,E
19649071995901,DNE,E
19649071996495,DNE,E
19649071996685,DNE,DNE
19649071996693,DNE,DNE
19649076021786,DNE,E
19649076021794,DNE,E
19649076021802,DNE,E
19649076021810,DNE,DNE
19649076021828,DNE,DNE
19649076021836,DNE,E
19649076021844,DNE,DNE
19649076021851,DNE,E
19649076021869,DNE,E
19649076021877,DNE,E
19649076021885,DNE,E
19649076021893,DNE,E
19649076021901,DNE,E
19649076021919,DNE,DNE
19649076021927,DNE,E
19649076021935,DNE,E
19649076021943,DNE,E
19649076021950,DNE,E
19649076021968,DNE,E
19649076021976,DNE,E
19649076021984,DNE,DNE
19649076058507,DNE,E
19649076058515,DNE,E
19649076058523,DNE,E
19649076061634,DNE,E
19649076061642,DNE,DNE
19649076066781,DNE,E
19649076068787,DNE,E
19649076101133,DNE,E
19649076108914,DNE,E
19649076108922,DNE,E
19649076112437,DNE,DNE
19649076113500,DNE,DNE
19649076120653,DNE,E
19649079005794,DNE,DNE
19649150000000,DNE,DNE
19649156021992,DNE,DNE
19649156022008,DNE,DNE
19649156022016,DNE,DNE
19649156022024,DNE,DNE
19649156022032,DNE,DNE
19649156022057,DNE,DNE
19649156022065,DNE,DNE
19649156022073,DNE,DNE
19649156022081,DNE,DNE
19649156022099,DNE,DNE
19649156022107,DNE,DNE
19649156022115,DNE,DNE
19649156022123,DNE,DNE
19649156022131,DNE,DNE
19649156022149,DNE,DNE
19649156022156,DNE,DNE
19649310000000,DNE,DNE
19649310153601,DNE,DNE
19649310153619,DNE,DNE
19649310153627,DNE,DNE
19649310153635,DNE,DNE
19649316022164,DNE,E
19649316022172,DNE,E
19649316022180,DNE,E
19649316022198,DNE,E
19649316022206,DNE,E
19649490000000,DNE,DNE
19649560000000,DNE,DNE
19649566022420,DNE,DNE
19649566022438,DNE,DNE
19649566022446,DNE,DNE
19649566022453,DNE,DNE
19649566022461,DNE,DNE
19649566022479,DNE,DNE
19649566022487,DNE,DNE
19649640000000,DNE,DNE
19649641937754,DNE,E
19649646022495,DNE,E
19649646022503,DNE,E
19649646022511,DNE,DNE
19649646022529,DNE,E
19649800000000,DNE,DNE
19649800110346,DNE,DNE
19649800129304,DNE,DNE
19649800138743,DNE,DNE
19649800139311,DNE,E
19649800153668,DNE,DNE
19649800153676,DNE,DNE
19649800153684,DNE,DNE
19649800153692,DNE,DNE
19649800153700,DNE,DNE
19649800153718,DNE,DNE
19649800153726,DNE,DNE
19649800153734,DNE,DNE
19649801931179,DNE,DNE
19649801932078,DNE,DNE
19649801933373,DNE,E
19649801938000,DNE,E
19649801995737,DNE,E
19649806022537,DNE,DNE
19649806022545,DNE,E
19649806022552,DNE,E
19649806022560,DNE,E
19649806022578,DNE,E
19649806022586,DNE,DNE
19649806022594,DNE,E
19649806022602,DNE,E
19649806022610,DNE,E
19649806022628,DNE,DNE
19649806022636,DNE,E
19649806022644,DNE,E
19649806058531,DNE,E
19649806058549,DNE,DNE
19649806061659,DNE,E
19649806093520,DNE,DNE
19649806093538,DNE,E
19649806094064,DNE,DNE
19649806100655,DNE,DNE
19649806101695,DNE,DNE
19649980000000,DNE,DNE
19649980108597,DNE,E
19649980119230,DNE,E
19649980142463,DNE,DNE
19649980153742,DNE,DNE
19649980153759,DNE,DNE
19649980153767,DNE,DNE
19649986022651,DNE,E
19649986022669,DNE,E
19649986022677,DNE,DNE
19649986022685,DNE,E
19649986022693,DNE,E
19649986022701,DNE,E
19649986022719,DNE,DNE
19649986022727,DNE,E
19649986066799,DNE,DNE
19649986068860,DNE,E
19649986071682,DNE,DNE
19649986106876,DNE,E
19649986107924,DNE,E
19649986108310,DNE,DNE
19649986112528,DNE,E
19649986115513,DNE,E
19649986116495,DNE,E
19649986120257,DNE,E
19650030000000,DNE,DNE
19650036022735,DNE,DNE
19650036022743,DNE,DNE
19650036107494,DNE,DNE
19650110000000,DNE,DNE
19650111930452,DNE,DNE
19650111935808,DNE,DNE
19650111936517,DNE,DNE
19650111937143,DNE,DNE
19650290000000,DNE,DNE
19650291938448,DNE,DNE
19650291938455,E,E
19650296022750,DNE,DNE
19650296022768,E,E
19650296022776,E,E
19650296022784,E,E
19650296022792,DNE,DNE
19650296058556,E,E
19650296084651,DNE,DNE
19650370000000,DNE,DNE
19650376022800,DNE,E
19650376022818,DNE,E
19650376022826,DNE,E
19650376022834,DNE,E
19650376022842,DNE,E
19650376022859,DNE,E
19650376022867,DNE,DNE
19650376022875,DNE,DNE
19650376102768,DNE,DNE
19650376102966,DNE,DNE
19650379011404,DNE,DNE
19650450000000,DNE,DNE
19650450116616,DNE,E
19650450135764,DNE,DNE
19650450153775,DNE,DNE
19650450153783,DNE,DNE
19650450153791,DNE,DNE
19650456022677,DNE,E
19650456022883,DNE,E
19650456022891,DNE,E
19650456022909,DNE,DNE
19650456022917,DNE,E
19650456066807,DNE,E
19650456071682,DNE,E
19650456107205,DNE,E
19650456120513,DNE,E
19650520000000,DNE,DNE
19650520141853,DNE,DNE
19650521931039,DNE,DNE
19650521931286,DNE,DNE
19650521932094,DNE,DNE
19650521938679,DNE,E
19650521995745,DNE,E
19650521995976,DNE,E
19650526022925,DNE,E
19650526022933,DNE,E
19650526022941,DNE,E
19650526022958,DNE,E
19650526022966,DNE,E
19650600000000,DNE,DNE
19650600110320,DNE,E
19650600119057,DNE,DNE
19650600153809,DNE,DNE
19650600153817,DNE,DNE
19650600153825,DNE,DNE
19650600153833,DNE,DNE
19650600153841,DNE,DNE
19650601931328,DNE,DNE
19650601932672,DNE,DNE
19650601936277,DNE,E
19650601938083,DNE,E
19650601938356,DNE,E
19650601938729,DNE,DNE
19650601938737,DNE,DNE
19650601938752,DNE,E
19650601939602,DNE,E
19650601995828,DNE,DNE
19650601996412,DNE,DNE
19650606022974,DNE,E
19650606022982,DNE,E
19650606022990,DNE,E
19650606023006,DNE,E
19650606023014,DNE,E
19650606023022,DNE,E
19650606023030,DNE,E
19650606023048,DNE,DNE
19650606023055,DNE,DNE
19650606023063,DNE,E
19650606023071,DNE,E
19650606023089,DNE,E
19650606023097,DNE,DNE
19650606023105,DNE,E
19650606023113,DNE,DNE
19650606023121,DNE,E
19650606023139,DNE,DNE
19650606023147,DNE,E
19650606023154,DNE,DNE
19650606023162,DNE,E
19650606023170,DNE,E
19650606023188,DNE,DNE
19650606023196,DNE,E
19650606023204,DNE,DNE
19650606023212,DNE,DNE
19650606023220,DNE,E
19650606023238,DNE,E
19650606023246,DNE,DNE
19650606023253,DNE,DNE
19650606023261,DNE,E
19650606023279,DNE,E
19650606023287,DNE,E
19650606023295,DNE,E
19650606023303,DNE,E
19650606023311,DNE,DNE
19650606023329,DNE,E
19650606068878,DNE,E
19650780000000,DNE,DNE
19650786023337,E,E
19650786023345,E,E
19650860000000,DNE,DNE
19650940000000,DNE,DNE
19650940112706,DNE,E
19650940116566,DNE,E
19650940120907,DNE,DNE
19650940122432,DNE,E
19650940125393,DNE,DNE
19650940130005,DNE,DNE
19650940137042,DNE,E
19650941932581,DNE,DNE
19650941938513,DNE,E
19650941939537,DNE,E
19650946011597,DNE,DNE
19650946023410,DNE,E
19650946023428,DNE,E
19650946023436,DNE,DNE
19650946023444,DNE,DNE
19650946023451,DNE,DNE
19650946023469,DNE,DNE
19650946023477,DNE,E
19650946023485,DNE,E
19650946023493,DNE,E
19650946023501,DNE,E
19650946023519,DNE,E
19650946023527,DNE,E
19650946023535,DNE,E
19650946023543,DNE,E
19650946023550,DNE,DNE
19650946105027,DNE,DNE
19650946107296,DNE,E
19650946120661,DNE,DNE
19651020000000,DNE,DNE
19651020101543,DNE,E
19651020110098,DNE,E
19651020120899,DNE,DNE
19651020125690,DNE,E
19651026023568,DNE,E
19651026023576,DNE,E
19651026023584,DNE,E
19651026023592,DNE,E
19651026071690,DNE,E
19651026108245,DNE,E
19651026109664,DNE,E
19651026110829,DNE,DNE
19651026110837,DNE,E
19651026111520,DNE,E
19651100000000,DNE,DNE
19651100123109,DNE,DNE
19651100126953,DNE,E
19651100139600,DNE,DNE
19651106023600,DNE,DNE
19651106023618,DNE,DNE
19651106023626,DNE,E
19651106023634,DNE,E
19651106023642,DNE,DNE
19651106023659,DNE,E
19651106023667,DNE,E
19651106023675,DNE,E
19651106023683,DNE,E
19651106023691,DNE,E
19651106023709,DNE,E
19651106023717,DNE,E
19651106023725,DNE,E
19651106023733,DNE,E
19651280000000,DNE,DNE
19651281930338,DNE,DNE
19651281931302,DNE,DNE
19651281931369,DNE,DNE
19651281933134,DNE,DNE
19651281934868,DNE,DNE
19651281936020,DNE,DNE
19651281936889,DNE,DNE
19651281937903,DNE,DNE
19651281937929,DNE,DNE
19651281937945,DNE,DNE
19651281938109,DNE,DNE
19651281939701,DNE,DNE
19651281939727,DNE,DNE
19651281995653,DNE,DNE
19651360000000,DNE,DNE
19651360101022,DNE,E
19651360102459,DNE,E
19651360102467,DNE,E
19651360102475,DNE,E
19651360112359,DNE,DNE
19651360114173,DNE,DNE
19651360114439,E,E
19651360117234,DNE,E
19651360121731,DNE,DNE
19651360138727,DNE,E
19651361931492,DNE,E
19651361931740,DNE,E
19651361932532,DNE,E
19651361933696,DNE,DNE
19651361933902,DNE,E
19651361934421,DNE,E
19651361939362,DNE,DNE
19651361995802,DNE,E
19651361996263,DNE,E
19651361996289,DNE,DNE
19651361996321,DNE,E
19651361996511,DNE,DNE
19651366058564,DNE,E
19651366058572,DNE,E
19651366058580,DNE,E
19651366111926,DNE,E
19651440000000,DNE,DNE
19651510000000,DNE,DNE
19651516023790,DNE,DNE
19651516106561,DNE,DNE
19651516106785,DNE,DNE
19651516120836,DNE,DNE
19651690000000,DNE,DNE
19651696023840,DNE,DNE
19651696023857,DNE,DNE
19734370000000,DNE,DNE
19734370115725,DNE,E
19734370118760,DNE,E
19734370132845,E,E
19734370132969,DNE,E
19734370133322,DNE,DNE
19734370134338,DNE,E
19734370137240,DNE,E
19734370137257,DNE,DNE
19734370137893,E,E
19734370137984,DNE,E
19734370140533,DNE,E
19734370141648,DNE,E
19734370162255,DNE,DNE
19734370162263,DNE,DNE
19734370162271,DNE,DNE
19734370162289,DNE,DNE
19734370162297,DNE,DNE
19734370162305,DNE,DNE
19734370162313,DNE,DNE
19734370162321,DNE,DNE
19734370162339,DNE,DNE
19734370162347,DNE,DNE
19734370162354,DNE,DNE
19734370162362,DNE,DNE
19734370162370,DNE,DNE
19734370162388,DNE,DNE
19734370162396,DNE,DNE
19734370162404,DNE,DNE
19734370162594,DNE,DNE
19734371931567,DNE,E
19734371931922,DNE,DNE
19734371931948,DNE,DNE
19734371931963,DNE,E
19734371932326,DNE,E
19734371932417,DNE,DNE
19734371933886,DNE,DNE
19734371995323,DNE,DNE
19734371995687,DNE,DNE
19734371995695,DNE,E
19734371995703,DNE,DNE
19734371996040,DNE,E
19734371996057,DNE,E
19734376012231,DNE,E
19734376012249,DNE,DNE
19734376012256,DNE,E
19734376012264,DNE,E
19734376012272,DNE,E
19734376012280,DNE,E
19734376012298,DNE,E
19734376012306,DNE,E
19734376012314,DNE,E
19734376012322,DNE,E
19734376012330,DNE,DNE
19734376012348,DNE,E
19734376012355,DNE,E
19734376012363,DNE,DNE
19734376012371,DNE,DNE
19734376012389,DNE,E
19734376012397,DNE,E
19734376012405,DNE,E
19734376012413,DNE,E
19734376012421,DNE,DNE
19734376013460,DNE,DNE
19734376013478,DNE,E
19734376013494,DNE,E
19734376023741,DNE,E
19734376023758,DNE,E
19734376023766,DNE,DNE
19734376023774,DNE,DNE
19734376023782,DNE,E
19734376057558,DNE,E
19734376057566,DNE,E
19734376057574,DNE,DNE
19734376057582,DNE,E
19734376057590,DNE,E
19734376061261,DNE,DNE
19734376061279,DNE,E
19734376066732,DNE,E
19734376068803,DNE,DNE
19734376071393,DNE,DNE
19734376114441,DNE,E
19734376120877,DNE,E
19734450000000,DNE,DNE
19734450122465,DNE,E
19734450125351,DNE,E
19734450162412,DNE,DNE
19734450162420,DNE,DNE
19734450162438,DNE,DNE
19734450162446,DNE,DNE
19734450162453,DNE,DNE
19734450162461,DNE,DNE
19734450162479,DNE,DNE
19734450162487,DNE,DNE
19734450162495,DNE,DNE
19734451933316,DNE,E
19734451934785,DNE,DNE
19734451934801,DNE,E
19734451935246,DNE,E
19734451938935,DNE,E
19734451939834,DNE,E
19734451939925,DNE,E
19734451995307,DNE,DNE
19734451995315,DNE,DNE
19734451995349,DNE,DNE
19734451996271,DNE,DNE
19734451996560,DNE,E
19734456014104,DNE,DNE
19734456014112,DNE,E
19734456014120,DNE,E
19734456014138,DNE,E
19734456014146,DNE,DNE
19734456014153,DNE,E
19734456014161,DNE,DNE
19734456014179,DNE,E
19734456014187,DNE,DNE
19734456014195,DNE,DNE
19734456014203,DNE,E
19734456014211,DNE,DNE
19734456014229,DNE,DNE
19734456014237,DNE,E
19734456014245,DNE,DNE
19734456014252,DNE,E
19734456014260,DNE,E
19734456014278,DNE,E
19734456014286,DNE,E
19734456014294,DNE,E
19734456014302,DNE,E
19734456014310,DNE,E
19734456014328,DNE,E
19734456014336,DNE,E
19734456014344,DNE,DNE
19734456014351,DNE,E
19734456014369,DNE,E
19734456014377,DNE,E
19734456014385,DNE,E
19734456014393,DNE,DNE
19734456014401,DNE,DNE
19734456014419,DNE,E
19734456022255,DNE,DNE
19734456022263,DNE,E
19734456022396,DNE,E
19734456066757,DNE,E
19734456068811,DNE,E
19734456069710,DNE,E
19734520000000,DNE,DNE
19734520111070,DNE,E
19734520120600,DNE,E
19734520123323,DNE,DNE
19734520125005,DNE,E
19734520129031,DNE,DNE
19734520141465,DNE,E
19734520162503,DNE,DNE
19734520162511,DNE,DNE
19734520162529,DNE,DNE
19734520162537,DNE,DNE
19734521930106,DNE,E
19734521930221,DNE,DNE
19734521936228,DNE,E
19734521937564,DNE,E
19734521995943,DNE,E
19734526022214,DNE,E
19734526022222,DNE,E
19734526022230,DNE,DNE
19734526022248,DNE,E
19734526022271,DNE,E
19734526022289,DNE,E
19734526022297,DNE,E
19734526022305,DNE,E
19734526022313,DNE,DNE
19734526022321,DNE,E
19734526022339,DNE,DNE
19734526022347,DNE,E
19734526022354,DNE,E
19734526022362,DNE,E
19734526022388,DNE,E
19734526022404,DNE,E
19734526022412,DNE,E
19734526103352,DNE,E
19734600000000,DNE,DNE
19734601932862,DNE,E
19734601937747,DNE,E
19734601939149,DNE,E
19734601995729,DNE,DNE
19734601995992,DNE,DNE
19734606023352,DNE,E
19734606023360,DNE,E
19734606023378,DNE,E
19734606023386,DNE,E
19734606023394,DNE,DNE
19734606023402,DNE,E
19734606095467,DNE,E
19734606096358,DNE,E
19734606100309,DNE,E
19734606106918,DNE,E
19734606108336,DNE,E
19734606108344,DNE,E
19734861930015,DNE,DNE
19735021932078,DNE,DNE
19740880000000,DNE,DNE
19740881995018,DNE,DNE
19740960000000,DNE,DNE
19740961995026,DNE,DNE
19741950000000,DNE,DNE
19741951995034,DNE,DNE
19743280000000,DNE,DNE
19743281995059,DNE,DNE
19743360000000,DNE,DNE
19743361995067,DNE,DNE
19744270000000,DNE,DNE
19744271995075,DNE,DNE
19744350000000,DNE,DNE
19744351995083,DNE,DNE
19744430000000,DNE,DNE
19744431995091,DNE,DNE
19747730000000,DNE,DNE
19747731995125,DNE,DNE
19747990000000,DNE,DNE
19747991995133,DNE,DNE
19748310000000,DNE,DNE
19748311995281,DNE,DNE
19748490000000,DNE,DNE
19748491995422,DNE,DNE
19752910000000,DNE,DNE
19752911995810,DNE,E
19752911996016,DNE,E
19752911996081,DNE,E
19752916022420,DNE,E
19752916022438,DNE,E
19752916022446,DNE,DNE
19752916022453,DNE,E
19752916022461,DNE,E
19752916022479,DNE,E
19752916022487,DNE,E
19753090000000,DNE,DNE
19753090127100,E,E
19753090128603,DNE,DNE
19753090129411,DNE,DNE
19753090129742,DNE,DNE
19753090129841,DNE,DNE
19753090130773,DNE,DNE
19753090130781,DNE,DNE
19753090130898,DNE,DNE
19753090130914,DNE,DNE
19753090130922,DNE,DNE
19753090130955,DNE,DNE
19753090131201,DNE,DNE
19753090131383,DNE,E
19753090131540,DNE,DNE
19753090131557,DNE,DNE
19753090131987,DNE,E
19753090132191,DNE,DNE
19753090132654,E,E
19753090133231,DNE,DNE
19753090134585,DNE,DNE
19753090134619,DNE,E
19753090135145,DNE,E
19753090136531,DNE,E
19753090136648,DNE,E
19753090137703,DNE,E
19753090137786,E,E
19753090138297,DNE,E
19753091995786,E,E
19753096022735,DNE,DNE
19753096022743,DNE,DNE
19753096107494,E,E
19753096115679,E,E
19753330000000,DNE,DNE
19753330116103,DNE,DNE
19753331935808,DNE,E
19753336020325,DNE,E
19753336020341,DNE,DNE
19753336020358,DNE,E
19753336020390,DNE,E
19753336020408,DNE,E
19753336020416,DNE,E
19753336115307,DNE,E
19753410000000,DNE,DNE
19753410116285,DNE,E
19753410141721,DNE,E
19753411937143,DNE,E
19753411938224,DNE,DNE
19753411995752,DNE,E
19753416021992,DNE,E
19753416022008,DNE,E
19753416022024,DNE,E
19753416022032,DNE,E
19753416022081,DNE,E
19753416022099,DNE,E
19753416022107,DNE,E
19753416022115,DNE,E
19753416022149,DNE,E
19753416022156,DNE,E
19756630000000,DNE,DNE
19756636120158,DNE,E
19756710000000,DNE,DNE
19756970000000,DNE,DNE
19757130000000,DNE,DNE
19757130163808,DNE,DNE
19757130163816,DNE,DNE
19757130163824,DNE,DNE
19757131930122,DNE,DNE
19757131930148,DNE,DNE
19757131930163,DNE,E
19757131933340,DNE,DNE
19757131934538,DNE,DNE
19757131934553,DNE,E
19757131937671,DNE,DNE
19757131937697,DNE,E
19757131995430,DNE,DNE
19757131996396,DNE,DNE
19757136011001,DNE,E
19757136011019,DNE,E
19757136011027,DNE,E
19757136011035,DNE,E
19757136011043,DNE,E
19757136011050,DNE,E
19757136011068,DNE,E
19757136011076,DNE,E
19757136011084,DNE,E
19757136011092,DNE,E
19757136011100,DNE,E
19757136011118,DNE,E
19757136011126,DNE,E
19757139011735,DNE,DNE
19763310000000,DNE,DNE
19763310107235,DNE,DNE
19764970000000,DNE,DNE
19765210000000,DNE,DNE
19765210117390,DNE,DNE
19765470000000,DNE,DNE
19766790000000,DNE,DNE
19767370000000,DNE,DNE
19767370102020,DNE,DNE
19768690000000,DNE,DNE
19768690119016,E,E
19768690119636,E,E
19768690128728,E,E
19768690131128,E,E
19768690131318,DNE,DNE
19768690135988,DNE,DNE
19768690138545,E,E
19768696023808,DNE,E
19768696023816,DNE,E
19768696023824,E,E
19768696023832,DNE,DNE
19768850000000,DNE,DNE
19768850130799,DNE,DNE
19769680000000,DNE,DNE
19769680109926,DNE,DNE
19769920000000,DNE,DNE
19769920133900,DNE,DNE
19770160000000,DNE,DNE
19770160134007,DNE,DNE
19770730000000,DNE,DNE
19770730135947,DNE,DNE
19770810000000,DNE,DNE
19772890000000,DNE,DNE
19772890109942,DNE,E
19773620000000,DNE,DNE
19773620140517,DNE,DNE
19773700000000,DNE,DNE
20102070000000,DNE,DNE
20102070109728,DNE,DNE
20102070109736,DNE,DNE
20102070117184,DNE,E
20102070143974,DNE,DNE
20102070143982,DNE,DNE
20102070143990,DNE,DNE
20102070144006,DNE,DNE
20102072030054,DNE,DNE
20102072030096,DNE,DNE
20102072030153,DNE,E
20102072030187,DNE,DNE
20102072030229,DNE,E
20102072095024,DNE,DNE
20102076024129,DNE,DNE
20102076077200,DNE,E
20102076100283,DNE,DNE
20102076102685,DNE,DNE
20624550000000,DNE,DNE
20651770000000,DNE,DNE
20651776023865,DNE,E
20651776023923,DNE,E
20651850000000,DNE,DNE
20651850129015,E,E
20651856023873,DNE,DNE
20651856024087,DNE,E
20651856024111,DNE,E
20651856099048,DNE,DNE
20651856101521,DNE,E
20651856113922,DNE,E
20651930000000,DNE,DNE
20651930113076,DNE,DNE
20651936023881,DNE,DNE
20651936023899,DNE,DNE
20651936023907,DNE,DNE
20651936023931,DNE,DNE
20652010000000,DNE,DNE
20652012030047,DNE,E
20652012032340,DNE,DNE
20652012032357,DNE,DNE
20652012035715,DNE,DNE
20652190000000,DNE,DNE
20652270000000,DNE,DNE
20652430000000,DNE,DNE
20652430100016,DNE,E
20652430107938,DNE,E
20652430109686,DNE,DNE
20652430109694,DNE,E
20652430109702,DNE,E
20652430110957,DNE,E
20652430110965,DNE,E
20652430113050,DNE,E
20652430116970,DNE,E
20652430118950,DNE,E
20652430123414,DNE,DNE
20652430123620,DNE,E
20652430129544,DNE,E
20652430131086,DNE,E
20652430134510,DNE,E
20652430135079,DNE,E
20652430139691,DNE,E
20652430153858,DNE,DNE
20652430153866,DNE,DNE
20652430153874,DNE,DNE
20652430153882,DNE,DNE
20652430153890,DNE,DNE
20652430153908,DNE,DNE
20652430153916,DNE,DNE
20652430153924,DNE,DNE
20652430153932,DNE,DNE
20652430153940,DNE,DNE
20652430153957,DNE,DNE
20652430153965,DNE,DNE
20652432030112,DNE,DNE
20652432030138,DNE,DNE
20652432035608,DNE,DNE
20652432035640,DNE,E
20652432035707,DNE,E
20652436023949,DNE,E
20652436023956,DNE,DNE
20652436023964,DNE,E
20652436023972,DNE,E
20652436023980,DNE,E
20652436023998,DNE,E
20652436024004,DNE,E
20652436024012,DNE,E
20652436024020,DNE,E
20652436024038,DNE,DNE
20652436024046,DNE,E
20652436024053,DNE,E
20652436024061,DNE,DNE
20652436100820,DNE,DNE
20652436103220,DNE,DNE
20652436105951,DNE,E
20652436107122,DNE,E
20652436112312,DNE,E
20652436112973,DNE,E
20652500000000,DNE,DNE
20652506024079,DNE,DNE
20652506106231,DNE,DNE
20652680000000,DNE,DNE
20652686024087,DNE,DNE
20652686101521,DNE,DNE
20652760000000,DNE,DNE
20652766024095,DNE,E
20652766120406,DNE,DNE
20652840000000,DNE,DNE
20652846024103,DNE,DNE
20652846103824,DNE,DNE
20652920000000,DNE,DNE
20652926024111,DNE,DNE
20737340000000,DNE,DNE
20737342030021,DNE,DNE
20751350000000,DNE,DNE
20751356005755,DNE,DNE
20751356005821,DNE,DNE
20751356007355,DNE,DNE
20751356007363,DNE,DNE
20751356096853,DNE,DNE
20754240000000,DNE,DNE
20754241030311,DNE,DNE
20755800000000,DNE,DNE
20755800100172,DNE,DNE
20755800110395,DNE,DNE
20755800110403,DNE,DNE
20755800111443,DNE,DNE
20755800123315,DNE,DNE
20755800134486,DNE,DNE
20755800140665,E,E
20755802030161,E,E
20755802030179,DNE,DNE
20755802030195,DNE,DNE
20755802030203,E,E
20755802030211,E,E
20755806100820,E,E
20755806103824,E,E
20756060000000,DNE,DNE
20756060100180,DNE,DNE
20756060109504,DNE,DNE
20756060117010,DNE,DNE
20756060119768,DNE,DNE
20756060119826,DNE,DNE
20756060125021,DNE,DNE
20756060126789,DNE,DNE
20756060132936,DNE,DNE
20756060136846,DNE,DNE
20756061030592,DNE,DNE
20756061030618,DNE,DNE
20756062030146,DNE,DNE
20756066024079,DNE,DNE
20756066024103,DNE,DNE
20756066113948,DNE,DNE
20756066114862,DNE,DNE
20756066115885,DNE,DNE
20764140000000,DNE,DNE
20764140115527,DNE,E
20764140115550,DNE,E
20764142030013,DNE,E
20764142030039,DNE,E
20764142030062,DNE,DNE
20764142030070,DNE,E
20764142030088,DNE,DNE
20764142030104,DNE,E
20764142030120,DNE,DNE
20764142030237,DNE,E
20764146023915,DNE,E
20764146110019,DNE,E
20764146110076,DNE,E
20764146113914,DNE,E
21102150000000,DNE,DNE
21102150113183,DNE,DNE
21102150135350,DNE,E
21102152130037,DNE,DNE
21102152130060,DNE,DNE
21102152130102,DNE,DNE
21102152130201,DNE,DNE
21102152190056,DNE,DNE
21102156024962,DNE,DNE
21102156024970,DNE,DNE
21102156066187,DNE,DNE
21102156066195,DNE,DNE
21102156068456,DNE,DNE
21102156068464,DNE,DNE
21102156068472,DNE,DNE
21102156068522,DNE,DNE
21102156069504,DNE,DNE
21102156071211,DNE,DNE
21102156071229,DNE,DNE
21102156071237,DNE,DNE
21102156071245,DNE,DNE
21102156071252,DNE,DNE
21102156071260,DNE,DNE
21102156085542,DNE,DNE
21102156089395,DNE,DNE
21102156093322,DNE,DNE
21102156093330,DNE,DNE
21102156093348,DNE,DNE
21102156093355,DNE,DNE
21102156093363,DNE,DNE
21102156093371,DNE,DNE
21102156093389,DNE,DNE
21102156094924,DNE,DNE
21102156104335,DNE,DNE
21653000000000,DNE,DNE
21653006024137,DNE,DNE
21653006024145,DNE,DNE
21653180000000,DNE,DNE
21653186024152,DNE,DNE
21653186024160,DNE,E
21653186024178,DNE,DNE
21653186024186,DNE,DNE
21653186024194,DNE,E
21653186024202,DNE,E
21653186024210,DNE,DNE
21653186024228,DNE,DNE
21653186024236,DNE,DNE
21653186024244,DNE,E
21653260000000,DNE,DNE
21653266024251,DNE,DNE
21653266024269,DNE,DNE
21653266024277,DNE,DNE
21653266024285,DNE,DNE
21653340000000,DNE,DNE
21653346024293,DNE,DNE
21653346024301,DNE,DNE
21653346024319,DNE,E
21653346068308,DNE,E
21653420000000,DNE,DNE
21653426024327,DNE,DNE
21653426024392,DNE,DNE
21653590000000,DNE,DNE
21653596024335,DNE,E
21653596024343,DNE,E
21653670000000,DNE,DNE
21653670129148,E,E
21653676024350,E,E
21653676024368,DNE,DNE
21653676024376,E,E
21653676024384,DNE,DNE
21653750000000,DNE,DNE
21653756024939,DNE,DNE
21653832150662,DNE,DNE
21653910000000,DNE,DNE
21653916024400,DNE,DNE
21653916024418,DNE,DNE
21653916024426,DNE,DNE
21653916024434,DNE,DNE
21653916024442,DNE,DNE
21653916024459,DNE,DNE
21653916024467,DNE,DNE
21653916024475,DNE,DNE
21653916085187,DNE,DNE
21654090000000,DNE,DNE
21654096024483,E,E
21654170000000,DNE,DNE
21654170101055,DNE,DNE
21654170110825,DNE,DNE
21654170122937,DNE,DNE
21654170123018,DNE,DNE
21654170124081,DNE,E
21654170125344,DNE,DNE
21654170126912,DNE,DNE
21654170153981,DNE,DNE
21654170153999,DNE,DNE
21654170156703,DNE,DNE
21654172130045,DNE,E
21654172132256,DNE,DNE
21654172132264,DNE,E
21654172132272,DNE,E
21654172133056,DNE,E
21654176024491,DNE,E
21654176024509,DNE,E
21654176024517,DNE,E
21654176024525,DNE,E
21654176024533,DNE,DNE
21654176024541,DNE,DNE
21654176024558,DNE,E
21654176024566,DNE,DNE
21654176024574,DNE,E
21654176024582,DNE,E
21654176024590,DNE,E
21654176024608,DNE,DNE
21654176058598,DNE,DNE
21654176058606,DNE,DNE
21654176058614,DNE,E
21654176096002,DNE,DNE
21654176096101,DNE,DNE
21654176096242,DNE,DNE
21654176113229,E,E
21654250000000,DNE,DNE
21654256024616,DNE,E
21654256024624,DNE,DNE
21654256024632,DNE,E
21654256024640,DNE,DNE
21654256024657,DNE,E
21654256024665,DNE,DNE
21654256068316,DNE,DNE
21654330000000,DNE,DNE
21654336024673,DNE,E
21654410000000,DNE,DNE
21654416024681,DNE,DNE
21654416024699,DNE,DNE
21654416024707,DNE,DNE
21654416024715,DNE,DNE
21654416024723,DNE,DNE
21654416024731,DNE,DNE
21654416024749,DNE,DNE
21654580000000,DNE,DNE
21654580121517,DNE,DNE
21654580128249,DNE,DNE
21654580136671,DNE,DNE
21654582133205,DNE,DNE
21654586024756,DNE,E
21654586024764,DNE,E
21654586024772,DNE,E
21654586024780,DNE,E
21654586024798,DNE,DNE
21654586024806,DNE,DNE
21654586024814,DNE,E
21654586024822,DNE,DNE
21654586024830,DNE,E
21654586024848,DNE,DNE
21654586024855,DNE,DNE
21654586024863,DNE,E
21654586024871,DNE,DNE
21654586058622,DNE,E
21654660000000,DNE,DNE
21654660112839,DNE,DNE
21654662130029,DNE,DNE
21654662133205,DNE,DNE
21654662133239,DNE,DNE
21654662133254,DNE,E
21654662133262,DNE,E
21654662134005,DNE,E
21654740000000,DNE,DNE
21654740164988,DNE,DNE
21654746024889,DNE,E
21654746024897,DNE,DNE
21654746024905,DNE,DNE
21654746024913,DNE,DNE
21654746097695,DNE,DNE
21654746118384,DNE,DNE
21654746118491,DNE,DNE
21654820000000,DNE,DNE
21654820100396,DNE,DNE
21654822130011,DNE,DNE
21654822130078,E,E
21654822131340,E,E
21654822132587,E,E
21654822133635,DNE,DNE
21654822133692,E,E
21654822134419,E,E
21655160000000,DNE,DNE
21733610000000,DNE,DNE
21733610129510,DNE,DNE
21733610162206,DNE,DNE
21733610162214,DNE,DNE
21733610162222,DNE,DNE
21733612130086,DNE,DNE
21733612130094,DNE,DNE
21733612134310,DNE,DNE
21733616024921,DNE,DNE
21733616024947,DNE,DNE
21733616024954,DNE,DNE
21733616051627,DNE,DNE
21746580000000,DNE,DNE
21746582190064,DNE,DNE
21750020000000,DNE,DNE
21750020124578,DNE,DNE
21750026024277,DNE,DNE
21750026024285,DNE,DNE
21750026024681,DNE,DNE
21750026024731,DNE,DNE
21770650000000,DNE,DNE
22102230000000,DNE,DNE
22102232230027,DNE,DNE
22102232230050,DNE,E
22102232230100,DNE,E
22102236025076,DNE,DNE
22102236084859,DNE,DNE
22102236089122,DNE,DNE
22102236096143,DNE,DNE
22102236105308,DNE,E
22322012230019,DNE,DNE
22322762230019,DNE,DNE
22655320000000,DNE,DNE
22655320123307,DNE,DNE
22655320125823,E,E
22655320132258,DNE,E
22655322230035,DNE,E
22655322230043,DNE,DNE
22655322230068,DNE,E
22655322230076,DNE,E
22655322230084,DNE,E
22655322230092,DNE,DNE
22655322230118,DNE,DNE
22655322235356,DNE,E
22655326024988,DNE,DNE
22655326024996,DNE,DNE
22655326025001,DNE,E
22655326025019,DNE,DNE
22655326025027,DNE,DNE
22655326025035,DNE,E
22655326025050,DNE,E
22655326025068,DNE,E
22655326089122,DNE,DNE
22655326099048,DNE,DNE
22655326099790,DNE,DNE
22655326103477,DNE,E
22655326103972,DNE,DNE
22655326104707,DNE,DNE
23102310000000,DNE,DNE
23102310109546,DNE,DNE
23102310110023,DNE,E
23102310144014,DNE,DNE
23102310144022,DNE,DNE
23102310144030,DNE,DNE
23102310144048,DNE,DNE
23102310144055,DNE,DNE
23102310144063,DNE,DNE
23102310144071,DNE,DNE
23102310144089,DNE,DNE
23102310144097,DNE,DNE
23102310144105,DNE,DNE
23102310144113,DNE,DNE
23102310144121,DNE,DNE
23102310144139,DNE,DNE
23102310144147,DNE,DNE
23102310144154,DNE,DNE
23102310164566,DNE,DNE
23102310164574,DNE,DNE
23102312330082,DNE,DNE
23102312330124,DNE,E
23102312330132,DNE,DNE
23102312330157,DNE,DNE
23102312330165,DNE,DNE
23102312330173,DNE,DNE
23102312330181,DNE,DNE
23102312330330,DNE,DNE
23102312330447,DNE,E
23102316069181,DNE,DNE
23102316071484,DNE,DNE
23102316071492,DNE,DNE
23102316071500,DNE,DNE
23102316080964,DNE,DNE
23102316085195,DNE,DNE
23102316094494,DNE,DNE
23102316096754,DNE,DNE
23102316099386,DNE,DNE
23102316101000,DNE,DNE
23102316102008,DNE,DNE
23102316104343,DNE,DNE
23102316104608,DNE,DNE
23655400000000,DNE,DNE
23655402330058,DNE,DNE
23655402330330,DNE,DNE
23655402330405,DNE,DNE
23655402330900,DNE,E
23655406025084,DNE,E
23655406119697,DNE,DNE
23655570000000,DNE,DNE
23655576025092,DNE,E
23655576116669,DNE,E
23655576119192,DNE,DNE
23655650000000,DNE,DNE
23655650123737,DNE,DNE
23655652330215,DNE,E
23655652330264,DNE,DNE
23655652330355,DNE,E
23655652331361,DNE,E
23655652332724,DNE,DNE
23655652333300,DNE,DNE
23655656025100,DNE,E
23655656025118,DNE,DNE
23655656025126,DNE,E
23655656061667,DNE,E
23655656116545,DNE,DNE
23655656119184,DNE,E
23655730000000,DNE,DNE
23655736025134,DNE,DNE
23655810000000,DNE,DNE
23655812330090,DNE,E
23655812330306,DNE,E
23655812330322,DNE,DNE
23655812333185,E,E
23655816025142,DNE,E
23655816025159,DNE,DNE
23655816025167,E,E
23655816096747,DNE,DNE
23655816103543,DNE,DNE
23655816116149,DNE,E
23655816117121,DNE,DNE
23655990000000,DNE,DNE
23655992330108,DNE,DNE
23655992333649,DNE,E
23656070000000,DNE,DNE
23656072330033,DNE,E
23656072330272,DNE,E
23656072330298,DNE,DNE
23656072330371,DNE,DNE
23656072334563,DNE,E
23656076025175,DNE,E
23656076119457,DNE,DNE
23656150000000,DNE,DNE
23656150101147,DNE,E
23656150115055,DNE,E
23656150128280,DNE,E
23656150140814,DNE,E
23656152330249,DNE,DNE
23656152330413,DNE,E
23656152330421,DNE,DNE
23656152330439,DNE,DNE
23656152330454,DNE,E
23656152330462,DNE,DNE
23656152334100,DNE,DNE
23656152334704,DNE,E
23656152334928,DNE,DNE
23656152334936,DNE,DNE
23656152335024,DNE,E
23656156025183,DNE,E
23656156025191,DNE,E
23656156025209,DNE,DNE
23656156025217,DNE,E
23656156025225,DNE,E
23656156025233,DNE,E
23656156025258,DNE,DNE
23656156025266,DNE,DNE
23656156025274,DNE,E
23656156058655,DNE,DNE
23656156085195,DNE,DNE
23656156114581,DNE,E
23656156117386,DNE,E
23656230000000,DNE,DNE
23656230112300,DNE,E
23656230124180,DNE,DNE
23656230125658,DNE,E
23656230136739,DNE,DNE
23656230136887,DNE,E
23656232330066,DNE,DNE
23656232330074,DNE,DNE
23656232330140,DNE,DNE
23656232330280,DNE,DNE
23656232330314,DNE,DNE
23656232330348,DNE,DNE
23656232330363,DNE,E
23656232332260,DNE,DNE
23656232335487,DNE,E
23656236025282,DNE,E
23656236025290,DNE,E
23656236025308,DNE,DNE
23656236103261,DNE,DNE
23656236103543,DNE,DNE
23656236104376,DNE,DNE
23656236104590,DNE,E
23656236104640,DNE,DNE
23656236106413,DNE,DNE
23656236108369,DNE,E
23656236115091,DNE,DNE
23738660000000,DNE,DNE
23738660107250,DNE,E
23738660111302,DNE,DNE
23738662330041,DNE,E
23738662330116,DNE,E
23738666025241,DNE,E
23738666120182,DNE,DNE
23739160000000,DNE,DNE
23739162330074,DNE,DNE
23739162330223,DNE,E
23739162330256,DNE,DNE
23739162330389,DNE,DNE
23739162332260,DNE,E
23739166025308,DNE,E
23739166107866,DNE,DNE
23739166109631,DNE,DNE
23744680000000,DNE,DNE
23744682390011,DNE,DNE
23752180000000,DNE,DNE
23752180106138,DNE,DNE
23752180106146,DNE,DNE
23752180141614,DNE,DNE
23752180141747,DNE,E
23752182330199,DNE,DNE
23752182330207,DNE,E
23752182330397,DNE,DNE
23752182332724,DNE,E
23752186025118,DNE,E
23752186111074,DNE,E
24102490000000,DNE,DNE
24102490102244,DNE,DNE
24102490106518,DNE,E
24102490138032,DNE,E
24102492430023,DNE,DNE
24102492430056,DNE,E
24102492430148,DNE,E
24102492430155,DNE,DNE
24102492430163,DNE,E
24102492430171,DNE,E
24102496068480,DNE,DNE
24102496068498,DNE,E
24102496069199,DNE,E
24102496071997,DNE,DNE
24102496092753,DNE,DNE
24102496101869,DNE,DNE
24102496103113,DNE,DNE
24102496103808,DNE,DNE
24102496103931,DNE,DNE
24102496116644,DNE,DNE
24656310000000,DNE,DNE
24656310101402,DNE,E
24656310123067,DNE,DNE
24656310126771,DNE,E
24656310141911,DNE,E
24656310154005,DNE,DNE
24656310154013,DNE,DNE
24656310154021,DNE,DNE
24656316025316,DNE,E
24656316025324,DNE,E
24656316025332,DNE,E
24656316025340,DNE,E
24656316025357,DNE,E
24656316025365,DNE,E
24656316025373,DNE,E
24656316106652,DNE,DNE
24656316113161,DNE,E
24656490000000,DNE,DNE
24656496025381,DNE,E
24656496025399,DNE,E
24656560000000,DNE,DNE
24656566025407,DNE,DNE
24656566025415,DNE,DNE
24656640000000,DNE,DNE
24656646025423,DNE,DNE
24656646025431,DNE,DNE
24656646025449,DNE,DNE
24656720000000,DNE,DNE
24656722430015,DNE,DNE
24656722431203,DNE,DNE
24656800000000,DNE,DNE
24656800131631,DNE,DNE
24656806025456,E,E
24656980000000,DNE,DNE
24656980142455,DNE,DNE
24656982430080,DNE,E
24656982430106,DNE,E
24656982432409,DNE,E
24656986025464,DNE,E
24656986025472,DNE,E
24656986109458,DNE,E
24657060000000,DNE,DNE
24657220000000,DNE,DNE
24657226025498,DNE,E
24657300000000,DNE,DNE
24657302430064,DNE,E
24657302430072,DNE,DNE
24657302433001,DNE,E
24657480000000,DNE,DNE
24657480117291,DNE,DNE
24657480154039,DNE,DNE
24657480154047,DNE,DNE
24657486025506,DNE,E
24657486025514,DNE,E
24657486025522,DNE,E
24657486109649,DNE,E
24657550000000,DNE,DNE
24657550102624,DNE,E
24657550119073,DNE,E
24657550120352,DNE,DNE
24657550120923,DNE,E
24657550125575,DNE,DNE
24657550127597,DNE,E
24657550133413,DNE,E
24657550136895,DNE,E
24657550139675,DNE,E
24657550154054,DNE,DNE
24657550154062,DNE,DNE
24657550154070,DNE,DNE
24657550154088,DNE,DNE
24657550162198,DNE,DNE
24657552430189,DNE,DNE
24657552431492,DNE,E
24657552434207,DNE,E
24657556025530,DNE,E
24657556025548,DNE,E
24657556025555,DNE,E
24657556025563,DNE,E
24657556025571,DNE,E
24657556058689,DNE,E
24657556116156,DNE,E
24657630000000,DNE,DNE
24657636025589,DNE,DNE
24657710000000,DNE,DNE
24657710106724,DNE,DNE
24657710112615,DNE,DNE
24657710131664,DNE,DNE
24657710154096,DNE,DNE
24657710154104,DNE,DNE
24657710154112,DNE,DNE
24657710154120,DNE,DNE
24657710154138,DNE,DNE
24657710154146,DNE,DNE
24657710154153,DNE,DNE
24657710154161,DNE,DNE
24657710154179,DNE,DNE
24657710154187,DNE,DNE
24657710154195,DNE,DNE
24657710154203,DNE,DNE
24657710154211,DNE,DNE
24657716025597,DNE,DNE
24657716025605,DNE,DNE
24657716025613,DNE,DNE
24657716025621,DNE,DNE
24657716025639,DNE,DNE
24657716025647,DNE,DNE
24657716025654,DNE,DNE
24657716025662,DNE,DNE
24657716025670,DNE,DNE
24657716025688,DNE,DNE
24657716025696,DNE,DNE
24657716025704,DNE,DNE
24657716094932,DNE,DNE
24657716105035,DNE,DNE
24657716105530,DNE,DNE
24657716105647,DNE,DNE
24657716105852,DNE,DNE
24657716107908,DNE,DNE
24657716112288,DNE,DNE
24657716115729,DNE,DNE
24657716118889,DNE,DNE
24657890000000,DNE,DNE
24657890107672,DNE,E
24657890127373,DNE,E
24657892430049,DNE,E
24657892430098,DNE,E
24657892430205,DNE,E
24657892430601,DNE,E
24657892433605,DNE,E
24657892434900,DNE,DNE
24657892435204,DNE,E
24657892439602,DNE,E
24657896097687,DNE,DNE
24658050000000,DNE,DNE
24658130000000,DNE,DNE
24658136025779,DNE,E
24658210000000,DNE,DNE
24658216025787,DNE,DNE
24658216120448,DNE,DNE
24658390000000,DNE,DNE
24658396025795,DNE,E
24658540000000,DNE,DNE
24658620000000,DNE,DNE
24658620114074,DNE,E
24658620121384,DNE,DNE
24658620154237,DNE,DNE
24658626025811,DNE,E
24658626111991,DNE,E
24658700000000,DNE,DNE
24658700111294,DNE,E
24658700154245,DNE,DNE
24658700154252,DNE,DNE
24658700154260,DNE,DNE
24658700164665,DNE,DNE
24658706025829,DNE,E
24658706025837,DNE,E
24658706109425,DNE,E
24736190000000,DNE,DNE
24736190110411,DNE,DNE
24736190118273,DNE,DNE
24736192430031,DNE,E
24736192431807,DNE,E
24736196025720,DNE,E
24736196025746,DNE,E
24736196103766,DNE,E
24737260000000,DNE,DNE
24737260117713,DNE,DNE
24737266025480,DNE,DNE
24737266025803,E,E
24744760000000,DNE,DNE
24744762490019,DNE,DNE
24753170000000,DNE,DNE
24753170120782,DNE,DNE
24753170121327,DNE,DNE
24753170123091,E,E
24753170163451,DNE,DNE
24753172430015,E,E
24753172430221,DNE,DNE
24753172431203,E,E
24753176007017,DNE,DNE
24753176025423,E,E
24753176025431,E,E
24753176025449,DNE,DNE
24753176112940,E,E
24753660000000,DNE,DNE
24753660105817,DNE,E
24753660114538,DNE,DNE
24753660131862,DNE,E
24753662430114,DNE,E
24753662430122,DNE,DNE
24753662430197,DNE,DNE
24753666025407,DNE,E
24753666025415,DNE,E
24753666115216,DNE,DNE
25102560000000,DNE,DNE
25102560144162,DNE,DNE
25102560144170,DNE,DNE
25102560144188,DNE,DNE
25102560144196,DNE,DNE
25102562530038,DNE,DNE
25102562530103,DNE,DNE
25102566069314,DNE,E
25102566072110,DNE,DNE
25102566072128,DNE,DNE
25102566096291,DNE,DNE
25102566099097,DNE,DNE
25102566103238,DNE,DNE
25102566103246,DNE,DNE
25102566117345,DNE,DNE
25658880000000,DNE,DNE
25658960000000,DNE,DNE
25658962530053,DNE,DNE
25658962530061,DNE,DNE
25658962530095,DNE,DNE
25658962537702,DNE,E
25658966025902,DNE,E
25658966115398,DNE,DNE
25735850000000,DNE,DNE
25735852530020,DNE,E
25735852530079,DNE,DNE
25735852530111,DNE,E
25735852530129,DNE,DNE
25735852535409,DNE,E
25735856025845,DNE,E
25735856025852,DNE,DNE
25735856025878,DNE,DNE
25735856025886,DNE,E
25735856058697,DNE,E
25735856115661,DNE,DNE
25735930000000,DNE,DNE
25735930107953,DNE,DNE
25735932530012,DNE,DNE
25735932530046,DNE,DNE
25735932530087,DNE,DNE
25735934737250,E,E
25735936025860,DNE,DNE
25735936025894,E,E
25744500000000,DNE,DNE
25744502590016,DNE,DNE
26102640000000,DNE,DNE
26102640107714,DNE,DNE
26102640124990,DNE,DNE
26102640126698,DNE,DNE
26102640128637,DNE,DNE
26102640128645,DNE,E
26102640129478,DNE,DNE
26102640142299,DNE,DNE
26102640144204,DNE,DNE
26102640144212,DNE,DNE
26102640144220,DNE,DNE
26102640144238,DNE,DNE
26102640164889,DNE,DNE
26102642630028,DNE,E
26102642630044,DNE,DNE
26102642630077,DNE,DNE
26102642630101,DNE,DNE
26102642630119,DNE,DNE
26102646069330,DNE,DNE
26102646100424,DNE,DNE
26659040000000,DNE,DNE
26659120000000,DNE,DNE
26659200000000,DNE,DNE
26659380000000,DNE,DNE
26659386025944,DNE,DNE
26659460000000,DNE,DNE
26659530000000,DNE,DNE
26736680000000,DNE,DNE
26736680111963,DNE,DNE
26736680117309,DNE,DNE
26736682630051,DNE,DNE
26736682630069,DNE,DNE
26736682630085,DNE,DNE
26736682630093,DNE,DNE
26736682633006,DNE,E
26736682635001,DNE,E
26736686025910,DNE,E
26736686025928,DNE,E
26736686025936,DNE,E
26736686025951,DNE,E
26736920000000,DNE,DNE
26736920101782,DNE,DNE
26736922630010,DNE,DNE
26736922630036,DNE,DNE
26736926025969,DNE,DNE
26736926112502,DNE,DNE
26748980000000,DNE,DNE
26748980107789,DNE,DNE
27102720000000,DNE,DNE
27102720112177,DNE,E
27102720114892,DNE,DNE
27102720116491,DNE,E
27102720124297,DNE,E
27102720125765,DNE,DNE
27102720139972,DNE,DNE
27102720144246,DNE,DNE
27102720144253,DNE,DNE
27102720144261,DNE,DNE
27102720144279,DNE,DNE
27102720144287,DNE,DNE
27102720144295,DNE,DNE
27102720144303,DNE,DNE
27102720144311,DNE,DNE
27102720144329,DNE,DNE
27102720144337,DNE,DNE
27102720144345,DNE,DNE
27102720144352,DNE,DNE
27102720144360,DNE,DNE
27102722730109,DNE,DNE
27102722730117,DNE,DNE
27102722730232,DNE,E
27102722730265,DNE,E
27102722730505,DNE,DNE
27102722738128,DNE,DNE
27102726026728,DNE,DNE
27102726026736,DNE,DNE
27102726069512,DNE,E
27102726101208,DNE,DNE
27102726101216,DNE,DNE
27102726101224,DNE,DNE
27102726101232,DNE,DNE
27102726103097,DNE,DNE
27102726103980,DNE,DNE
27102726119663,E,E
27659610000000,DNE,DNE
27659610110148,DNE,DNE
27659610127456,DNE,E
27659610133538,DNE,DNE
27659610141507,DNE,E
27659610142430,DNE,DNE
27659610154278,DNE,DNE
27659610154286,DNE,DNE
27659610154294,DNE,DNE
27659610154302,DNE,DNE
27659612795029,DNE,DNE
27659616025977,DNE,E
27659616025985,DNE,E
27659616025993,DNE,E
27659616026009,DNE,E
27659616101802,DNE,E
27659616106959,DNE,E
27659616109466,DNE,E
27659616113542,DNE,E
27659616115232,DNE,E
27659616117691,DNE,E
27659616120273,DNE,E
27659790000000,DNE,DNE
27659790135111,DNE,DNE
27659790136010,DNE,DNE
27659790136218,DNE,DNE
27659790139980,DNE,DNE
27659796026017,DNE,DNE
27659870000000,DNE,DNE
27659870118687,DNE,E
27659870135541,DNE,DNE
27659870141267,DNE,DNE
27659870154310,DNE,DNE
27659872730018,DNE,E
27659872730356,DNE,DNE
27659872730414,DNE,E
27659876026025,DNE,E
27659876026033,DNE,E
27659876026041,DNE,E
27659876026058,DNE,DNE
27659876026066,DNE,DNE
27659876026074,DNE,E
27659950000000,DNE,DNE
27659956026082,E,E
27660010000000,DNE,DNE
27660016026090,DNE,DNE
27660016066955,DNE,DNE
27660190000000,DNE,DNE
27660192730067,DNE,DNE
27660192730828,DNE,DNE
27660192730885,DNE,DNE
27660270000000,DNE,DNE
27660276026108,DNE,E
27660350000000,DNE,DNE
27660350120949,DNE,DNE
27660350123182,DNE,DNE
27660350136796,DNE,DNE
27660350154328,DNE,DNE
27660350154336,DNE,DNE
27660350154344,DNE,DNE
27660356026116,DNE,DNE
27660356089387,DNE,DNE
27660356111637,DNE,DNE
27660356111645,DNE,DNE
27660500000000,DNE,DNE
27660500107292,DNE,E
27660500114843,DNE,DNE
27660500121863,DNE,DNE
27660500131326,DNE,DNE
27660500154369,DNE,DNE
27660506026124,DNE,E
27660506026132,DNE,E
27660506106777,DNE,E
27660506118962,DNE,DNE
27660680000000,DNE,DNE
27660680101386,DNE,DNE
27660680101394,DNE,DNE
27660680123216,DNE,DNE
27660680134254,DNE,DNE
27660680141010,DNE,E
27660682730083,DNE,E
27660682730174,DNE,E
27660682730208,DNE,DNE
27660682732113,DNE,DNE
27660682732170,DNE,E
27660760000000,DNE,DNE
27660766026140,DNE,E
27660840000000,DNE,DNE
27660846026157,DNE,DNE
27660920000000,DNE,DNE
27660920111435,DNE,E
27660920112896,DNE,E
27660920115642,DNE,E
27660920122457,DNE,DNE
27660920124602,DNE,E
27660920129239,DNE,E
27660920134999,DNE,DNE
27660922730026,DNE,DNE
27660922730158,DNE,DNE
27660922730240,DNE,E
27660922730257,DNE,DNE
27660922732253,DNE,E
27660922732501,DNE,DNE
27660922732808,DNE,E
27660922735348,DNE,E
27660926026165,DNE,DNE
27660926026173,DNE,DNE
27660926026181,DNE,E
27660926026199,DNE,DNE
27660926026207,DNE,E
27660926026215,DNE,DNE
27660926026223,DNE,DNE
27660926026231,DNE,DNE
27660926026249,DNE,E
27660926026256,DNE,E
27660926026264,DNE,DNE
27660926026272,DNE,DNE
27660926026280,DNE,E
27660926026298,DNE,DNE
27660926026306,DNE,DNE
27660926026314,DNE,E
27660926026322,DNE,DNE
27660926026348,DNE,DNE
27660926026355,DNE,E
27660926026363,DNE,DNE
27660926026371,DNE,DNE
27660926026389,DNE,DNE
27660926058705,DNE,DNE
27660926058713,DNE,E
27660926058721,DNE,E
27660926058739,DNE,E
27660926058747,DNE,DNE
27660926105894,DNE,DNE
27660926118962,DNE,E
27661260000000,DNE,DNE
27661266026454,DNE,DNE
27661340000000,DNE,DNE
27661340154377,DNE,DNE
27661342730091,DNE,DNE
27661342731115,DNE,E
27661342733558,DNE,DNE
27661342733657,DNE,E
27661346026462,DNE,DNE
27661346026470,DNE,E
27661346026488,DNE,DNE
27661346026496,DNE,E
27661346058754,DNE,E
27661420000000,DNE,DNE
27661420108068,DNE,DNE
27661420132407,DNE,DNE
27661420140913,DNE,DNE
27661420152652,DNE,DNE
27661420154385,DNE,DNE
27661420154393,DNE,DNE
27661420154401,DNE,DNE
27661420154419,DNE,DNE
27661420154427,DNE,DNE
27661420154435,DNE,DNE
27661420154443,DNE,DNE
27661420154450,DNE,DNE
27661426026504,DNE,DNE
27661426026512,DNE,DNE
27661426026520,DNE,DNE
27661426026538,DNE,DNE
27661426026546,DNE,DNE
27661426026553,DNE,DNE
27661426026561,DNE,DNE
27661426026579,DNE,DNE
27661426026587,DNE,DNE
27661426026595,DNE,DNE
27661426026603,DNE,DNE
27661426026611,DNE,DNE
27661426066963,DNE,DNE
27661426069595,DNE,DNE
27661426109177,DNE,DNE
27661426117055,DNE,DNE
27661590000000,DNE,DNE
27661590124610,DNE,DNE
27661590136697,DNE,DNE
27661592730075,DNE,DNE
27661592730109,DNE,DNE
27661592730166,DNE,DNE
27661592730273,DNE,DNE
27661592733178,DNE,DNE
27661592734457,DNE,DNE
27661592734465,DNE,DNE
27661592734481,DNE,DNE
27661592734556,DNE,DNE
27661596058762,DNE,DNE
27661596058770,DNE,DNE
27661596103253,DNE,DNE
27661596110753,DNE,DNE
27661596118129,DNE,DNE
27661670000000,DNE,DNE
27661676026629,DNE,E
27661750000000,DNE,DNE
27661756026637,DNE,E
27661830000000,DNE,DNE
27661836026645,DNE,E
27661910000000,DNE,DNE
27661910107391,DNE,DNE
27661910122911,DNE,DNE
27661910129098,DNE,DNE
27661910154468,DNE,DNE
27661916026652,DNE,DNE
27661916026660,DNE,DNE
27661916102925,DNE,DNE
27661916120224,DNE,DNE
27662090000000,DNE,DNE
27662096026678,DNE,DNE
27662096026686,DNE,DNE
27662096105472,DNE,DNE
27662250000000,DNE,DNE
27662256026694,DNE,E
27662256115182,DNE,E
27662330000000,DNE,DNE
27662330121004,DNE,DNE
27662336026702,DNE,E
27662336026710,DNE,E
27662336092688,DNE,E
27738250000000,DNE,DNE
27738250162875,DNE,DNE
27738250162883,DNE,DNE
27738250162891,DNE,DNE
27738250162909,DNE,DNE
27738250162917,DNE,DNE
27738252730034,DNE,E
27738252730042,DNE,DNE
27738252730059,DNE,DNE
27738252730125,DNE,E
27738252730141,DNE,E
27738252730182,DNE,DNE
27738252730224,DNE,DNE
27738256026397,DNE,E
27738256026405,DNE,E
27738256026413,DNE,E
27738256026421,DNE,E
27738256026439,DNE,DNE
27738256026447,DNE,E
27740540000000,DNE,DNE
27740542795011,DNE,DNE
27751500000000,DNE,DNE
27751500118349,E,E
27751502730133,DNE,E
27754400000000,DNE,DNE
27754400106112,DNE,E
27754400106336,DNE,E
27754400111088,DNE,E
27754400123398,DNE,DNE
27754400123406,DNE,DNE
27754400141051,DNE,DNE
27754400163519,DNE,DNE
27754400163527,DNE,DNE
27754400163535,DNE,DNE
27754402730067,DNE,DNE
27754402730190,DNE,E
27754402730216,DNE,DNE
27754402730281,DNE,DNE
27754406026678,DNE,E
27754406026686,DNE,E
27754406105472,DNE,E
27754406118756,DNE,E
27754730000000,DNE,DNE
27754730163543,DNE,DNE
27754732730067,DNE,DNE
27754732730828,DNE,DNE
27754732730885,DNE,E
27754736026090,DNE,E
27754736066955,DNE,E
28102800000000,DNE,DNE
28102800115691,DNE,DNE
28102800116111,DNE,DNE
28102800142034,DNE,E
28102800144378,DNE,DNE
28102800144386,DNE,DNE
28102800144394,DNE,DNE
28102800144402,DNE,DNE
28102800144410,DNE,DNE
28102800144428,DNE,DNE
28102800144436,DNE,DNE
28102800148361,DNE,DNE
28102802830073,E,E
28102802830099,E,E
28102802830107,DNE,DNE
28102806027056,DNE,DNE
28102806027064,DNE,DNE
28102806068506,DNE,DNE
28102806068514,DNE,DNE
28102806071476,DNE,DNE
28102806077218,DNE,DNE
28102806084974,DNE,DNE
28102806084982,DNE,DNE
28102806097224,DNE,DNE
28102806097232,DNE,DNE
28102806098164,DNE,DNE
28102806098198,DNE,DNE
28102806099121,DNE,DNE
28102806099139,DNE,DNE
28102806099147,DNE,DNE
28102806100382,DNE,DNE
28662410000000,DNE,DNE
28662412830065,DNE,DNE
28662412831758,DNE,DNE
28662416026744,DNE,DNE
28662580000000,DNE,DNE
28662586026751,DNE,E
28662660000000,DNE,DNE
28662660101568,DNE,DNE
28662660101964,DNE,E
28662660108605,DNE,E
28662660109140,DNE,E
28662660121087,DNE,E
28662660128314,DNE,DNE
28662660137992,DNE,E
28662662830016,DNE,E
28662662830024,DNE,DNE
28662662830040,DNE,DNE
28662662830099,DNE,DNE
28662662830115,DNE,E
28662662830123,DNE,DNE
28662662830131,DNE,DNE
28662662830149,DNE,E
28662662835601,DNE,E
28662662836161,DNE,DNE
28662666026769,DNE,E
28662666026777,DNE,E
28662666026785,DNE,E
28662666026793,DNE,DNE
28662666026801,DNE,DNE
28662666026819,DNE,DNE
28662666026827,DNE,E
28662666026835,DNE,DNE
28662666026843,DNE,DNE
28662666026850,DNE,E
28662666026868,DNE,DNE
28662666026876,DNE,E
28662666026892,DNE,E
28662666026900,DNE,E
28662666026918,DNE,E
28662666026926,DNE,DNE
28662666026934,DNE,E
28662666026942,DNE,E
28662666026959,DNE,DNE
28662666026967,DNE,E
28662666026975,DNE,E
28662666026983,DNE,E
28662666026991,DNE,DNE
28662666027007,DNE,DNE
28662666058788,DNE,E
28662666058796,DNE,E
28662666061675,DNE,DNE
28662666097067,DNE,DNE
28662666113302,DNE,E
28662666113328,DNE,DNE
28662666113369,DNE,DNE
28662666115240,DNE,E
28662666115919,DNE,DNE
28662666115927,DNE,DNE
28662666116792,DNE,DNE
28662666119416,DNE,DNE
28662666119419,DNE,DNE
28662742855302,DNE,DNE
28662820000000,DNE,DNE
28662826027015,DNE,E
28662900000000,DNE,DNE
28662900142216,DNE,E
28662902830057,DNE,DNE
28662902837102,DNE,E
28662906027023,DNE,DNE
28662906027031,DNE,E
28662906027049,DNE,E
28662906117964,DNE,E
28744840000000,DNE,DNE
28744842890010,DNE,DNE
29102980000000,DNE,DNE
29102980112375,DNE,DNE
29102980113019,DNE,DNE
29102980114298,DNE,DNE
29102980114306,DNE,DNE
29102980114314,DNE,E
29102980114322,E,E
29102980114330,E,E
29102980114975,DNE,DNE
29102980116681,DNE,E
29102980116913,DNE,DNE
29102980123471,DNE,DNE
29102980123539,DNE,DNE
29102980126219,DNE,E
29102980126227,DNE,E
29102980130823,DNE,E
29102980136549,DNE,DNE
29102980144444,DNE,DNE
29102982930055,DNE,DNE
29102982930121,DNE,DNE
29102982930139,DNE,DNE
29102982930147,DNE,E
29102986027213,DNE,DNE
29102986077226,E,E
29102986084867,DNE,DNE
29102986084875,DNE,DNE
29102986084883,DNE,DNE
29102986089411,DNE,DNE
29102986096606,DNE,DNE
29102986100960,DNE,DNE
29102986113534,DNE,DNE
29102986116784,DNE,DNE
29322352930014,DNE,DNE
29322762930014,DNE,DNE
29663080000000,DNE,DNE
29663160000000,DNE,DNE
29663160125013,E,E
29663166027080,E,E
29663240000000,DNE,DNE
29663246027098,DNE,E
29663320000000,DNE,DNE
29663320100446,DNE,DNE
29663320119347,DNE,DNE
29663320125955,DNE,E
29663320154484,DNE,DNE
29663320154492,DNE,DNE
29663326027106,DNE,DNE
29663326027114,DNE,DNE
29663326027122,DNE,E
29663326106157,DNE,E
29663326111140,DNE,E
29663326120992,DNE,DNE
29663326121008,DNE,DNE
29663400000000,DNE,DNE
29663400100453,DNE,DNE
29663400119511,DNE,DNE
29663406027130,DNE,DNE
29663406027148,E,E
29663406097315,E,E
29663406109391,DNE,DNE
29663406111413,DNE,DNE
29663406112593,DNE,DNE
29663406115158,DNE,DNE
29663406118483,DNE,DNE
29663570000000,DNE,DNE
29663570112367,DNE,E
29663570124834,DNE,E
29663572930022,DNE,DNE
29663572930030,DNE,E
29663572930048,DNE,E
29663572930063,DNE,DNE
29663572930071,DNE,E
29663572930089,DNE,DNE
29663572930097,DNE,DNE
29663572930105,DNE,DNE
29663572930113,DNE,DNE
29663572932507,DNE,DNE
29663572935500,DNE,E
29663576101075,DNE,DNE
29663650000000,DNE,DNE
29663730000000,DNE,DNE
29663730100438,DNE,DNE
29663730109801,DNE,DNE
29663730119479,DNE,DNE
29663730136424,DNE,E
29663736027163,DNE,DNE
29663736094981,DNE,E
29663736101018,DNE,E
29663736105811,DNE,E
29663736111595,DNE,DNE
29663810000000,DNE,DNE
29663810102061,DNE,DNE
29663990000000,DNE,DNE
29663996120950,DNE,DNE
29664070000000,DNE,DNE
29664070102046,DNE,DNE
29664070128629,DNE,E
29664070154518,DNE,DNE
29664076027197,DNE,E
29664076113088,DNE,DNE
29664076114821,DNE,DNE
29664150000000,DNE,DNE
29664150102053,DNE,DNE
29664150108316,DNE,DNE
29664150119883,DNE,DNE
29664150126201,DNE,DNE
29664156027205,DNE,DNE
29664156089403,DNE,E
29664156097323,DNE,DNE
29664156099113,DNE,DNE
29664156111199,DNE,DNE
29664156111413,DNE,DNE
29664156113138,DNE,DNE
29664156117162,DNE,DNE
29664156117170,DNE,DNE
29664156117188,DNE,DNE
29664156117311,DNE,DNE
29664156117329,DNE,DNE
29664156117782,DNE,DNE
29664156118152,DNE,DNE
29664156118996,DNE,DNE
29736270000000,DNE,DNE
29736276027072,DNE,DNE
29736276027155,DNE,DNE
29736276089403,DNE,DNE
29736276099105,DNE,DNE
29736276099113,DNE,DNE
29736276099659,DNE,DNE
29736276105464,DNE,DNE
29768770000000,DNE,DNE
29768770119453,DNE,DNE
29768770119461,DNE,DNE
29768776027171,DNE,DNE
29768776027189,E,E
29768776110746,E,E
29768776111371,E,E
30103060000000,DNE,DNE
30103060126037,DNE,E
30103060132613,E,E
30103060132910,E,E
30103060133785,DNE,E
30103060133959,DNE,E
30103060133983,DNE,E
30103060134056,DNE,E
30103060134239,DNE,E
30103060134288,DNE,E
30103060134841,E,E
30103060134940,DNE,E
30103060137000,E,E
30103060137976,DNE,E
30103060138800,DNE,E
30103060139352,DNE,E
30103060139469,DNE,E
30103060139964,DNE,DNE
30103060140822,DNE,E
30103060141978,E,E
30103060142000,DNE,DNE
30103060142026,DNE,E
30103060142224,DNE,DNE
30103060142570,DNE,DNE
30103063030269,DNE,DNE
30103063030400,DNE,DNE
30103063030426,E,E
30103063030442,DNE,DNE
30103063030632,E,E
30103063030681,DNE,DNE
30103063030699,DNE,DNE
30103063030707,DNE,DNE
30103063030723,DNE,E
30103063030764,E,E
30103063031275,DNE,DNE
30103063033008,DNE,DNE
30103063033628,DNE,DNE
30103063034899,DNE,DNE
30103063035789,DNE,DNE
30103066028633,DNE,DNE
30103066030977,DNE,DNE
30103066030993,DNE,DNE
30103066058994,DNE,DNE
30103066066914,DNE,DNE
30103066068654,DNE,DNE
30103066068662,DNE,DNE
30103066069553,E,E
30103066088850,DNE,DNE
30103066094593,DNE,DNE
30103066094601,DNE,DNE
30103066095079,DNE,DNE
30103066096549,DNE,DNE
30103066096556,DNE,DNE
30103066101117,DNE,DNE
30103066101703,DNE,DNE
30103066101711,DNE,DNE
30103066101729,DNE,DNE
30103066101737,DNE,DNE
30103066101919,DNE,DNE
30103066102701,DNE,DNE
30103066102859,DNE,DNE
30103066102867,DNE,DNE
30103066103584,DNE,DNE
30103066103592,DNE,DNE
30103066103600,DNE,DNE
30103066103618,DNE,DNE
30103066103626,DNE,DNE
30103066104111,DNE,DNE
30103066104616,DNE,DNE
30647660000000,DNE,DNE
30647660152728,DNE,DNE
30647660152736,DNE,DNE
30647660152744,DNE,DNE
30647666020127,DNE,E
30647666020135,DNE,DNE
30647666020143,DNE,DNE
30647666020150,DNE,E
30647666020168,DNE,DNE
30647666020176,DNE,E
30647666020184,DNE,DNE
30647666020192,DNE,E
30647666020200,DNE,E
30647666020218,DNE,E
30647666020226,DNE,DNE
30664230000000,DNE,DNE
30664230113712,DNE,E
30664230121053,DNE,E
30664230127753,DNE,DNE
30664230131417,DNE,E
30664230140236,DNE,E
30664230154526,DNE,DNE
30664230154534,DNE,DNE
30664230154542,DNE,DNE
30664230154559,DNE,DNE
30664230154567,DNE,DNE
30664230154575,DNE,DNE
30664230154583,DNE,DNE
30664230154591,DNE,DNE
30664230154609,DNE,DNE
30664230154617,DNE,DNE
30664230154625,DNE,DNE
30664230154633,DNE,DNE
30664230154641,DNE,DNE
30664230154658,DNE,DNE
30664230154666,DNE,DNE
30664230154674,DNE,DNE
30664230154682,DNE,DNE
30664230154690,DNE,DNE
30664230154708,DNE,DNE
30664230154716,DNE,DNE
30664230154724,DNE,DNE
30664230156711,DNE,DNE
30664230156729,DNE,DNE
30664236027221,DNE,E
30664236027239,DNE,E
30664236027247,DNE,E
30664236027254,DNE,E
30664236027262,DNE,E
30664236027270,DNE,E
30664236027288,DNE,E
30664236027296,DNE,DNE
30664236027304,DNE,DNE
30664236027312,DNE,E
30664236027320,DNE,E
30664236027338,DNE,E
30664236027346,DNE,E
30664236027353,DNE,E
30664236027361,DNE,E
30664236027379,DNE,E
30664236027387,DNE,E
30664236027395,DNE,E
30664236027403,DNE,E
30664236027411,DNE,E
30664236027429,DNE,E
30664236027437,DNE,E
30664236113393,DNE,E
30664236116123,DNE,E
30664236118285,DNE,DNE
30664310000000,DNE,DNE
30664310105841,DNE,DNE
30664310113613,DNE,DNE
30664310140707,DNE,E
30664313030038,DNE,E
30664313030137,DNE,DNE
30664313030228,DNE,E
30664313030376,DNE,DNE
30664313030384,DNE,E
30664313030533,DNE,DNE
30664313030541,DNE,DNE
30664313030616,DNE,E
30664313032786,DNE,E
30664313033057,DNE,E
30664313033115,DNE,E
30664313033784,DNE,E
30664313034204,DNE,E
30664313036712,DNE,E
30664313038239,DNE,E
30664316058804,DNE,DNE
30664316058812,DNE,E
30664316058820,DNE,E
30664316058838,DNE,DNE
30664316058846,DNE,DNE
30664316058861,DNE,E
30664316058887,DNE,E
30664316058895,DNE,E
30664316058903,DNE,E
30664316061683,DNE,E
30664316061691,DNE,DNE
30664316061709,DNE,DNE
30664316061717,DNE,DNE
30664316066815,DNE,E
30664316085260,DNE,E
30664490000000,DNE,DNE
30664490140350,DNE,E
30664490154732,DNE,DNE
30664490154740,DNE,DNE
30664493030525,DNE,DNE
30664493030624,DNE,E
30664493030640,DNE,E
30664496027445,DNE,E
30664496027452,DNE,E
30664496027460,DNE,E
30664496027478,DNE,E
30664496058911,DNE,E
30664496068571,DNE,E
30664496101901,DNE,E
30664560000000,DNE,DNE
30664560140244,DNE,DNE
30664560154757,DNE,DNE
30664560154765,DNE,DNE
30664560154773,DNE,DNE
30664560154781,DNE,DNE
30664560154799,DNE,DNE
30664560154807,DNE,DNE
30664566027486,DNE,E
30664566027494,DNE,E
30664566027502,DNE,DNE
30664566027510,DNE,E
30664566027528,DNE,DNE
30664566027536,DNE,E
30664566027544,DNE,DNE
30664566027551,DNE,E
30664566027569,DNE,E
30664566027577,DNE,E
30664640000000,DNE,DNE
30664640100735,DNE,E
30664640100883,DNE,E
30664640100891,DNE,E
30664640100909,DNE,E
30664640100917,DNE,E
30664640106765,DNE,E
30664640108704,DNE,E
30664640111914,DNE,E
30664640112748,DNE,E
30664640113381,DNE,E
30664640115501,DNE,E
30664640123729,DNE,E
30664640124131,DNE,E
30664640124743,DNE,E
30664640136762,DNE,E
30664640138941,DNE,E
30664640140061,DNE,E
30664640142307,DNE,DNE
30664640154815,DNE,DNE
30664640154823,DNE,DNE
30664640154831,DNE,DNE
30664640154849,DNE,DNE
30664640154856,DNE,DNE
30664640154864,DNE,DNE
30664640154872,DNE,DNE
30664640154880,DNE,DNE
30664640154898,DNE,DNE
30664640154906,DNE,DNE
30664640154914,DNE,DNE
30664640154922,DNE,DNE
30664640154930,DNE,DNE
30664640154948,DNE,DNE
30664640154955,DNE,DNE
30664640154963,DNE,DNE
30664640154971,DNE,DNE
30664643030210,DNE,E
30664643030251,DNE,DNE
30664643030574,DNE,E
30664643030756,DNE,E
30664643030798,DNE,E
30664643035979,DNE,DNE
30664643035987,DNE,E
30664643036001,DNE,E
30664643038569,DNE,E
30664646027585,DNE,E
30664646027593,DNE,DNE
30664646027601,DNE,E
30664646027619,DNE,DNE
30664646027627,DNE,E
30664646027635,DNE,E
30664646027643,DNE,E
30664646058929,DNE,E
30664646067037,DNE,DNE
30664646068589,DNE,E
30664646089452,DNE,E
30664646094619,DNE,E
30664646095087,DNE,E
30664646095095,DNE,E
30664646095103,DNE,DNE
30664646096093,DNE,DNE
30664646097398,DNE,E
30664646097406,DNE,E
30664646098495,DNE,E
30664646101125,DNE,E
30664646103279,DNE,DNE
30664646106801,DNE,E
30664646106819,DNE,E
30664646108740,DNE,E
30664646109474,DNE,E
30664646110852,DNE,E
30664646110860,DNE,DNE
30664646111397,DNE,E
30664646111793,DNE,E
30664646111801,DNE,E
30664646111819,DNE,E
30664646111827,DNE,E
30664646111835,DNE,E
30664646112247,DNE,DNE
30664646113344,DNE,E
30664646114516,DNE,E
30664646114524,DNE,E
30664646115406,DNE,E
30664646117634,DNE,E
30664646117642,DNE,E
30664646117725,DNE,E
30664646117733,DNE,E
30664646117741,DNE,E
30664646117758,DNE,E
30664646117881,DNE,DNE
30664646118947,DNE,E
30664646118954,DNE,E
30664646120281,DNE,E
30664646120356,DNE,E
30664720000000,DNE,DNE
30664720154989,DNE,DNE
30664720154997,DNE,DNE
30664720155002,DNE,DNE
30664726027668,DNE,E
30664726027676,DNE,E
30664726027684,DNE,E
30664726027692,DNE,E
30664726027700,DNE,E
30664726027718,DNE,DNE
30664726027726,DNE,DNE
30664726027734,DNE,E
30664726027742,DNE,E
30664726027759,DNE,DNE
30664726066823,DNE,E
30664800000000,DNE,DNE
30664800164871,DNE,DNE
30664806027767,DNE,DNE
30664806027775,DNE,DNE
30664806027783,DNE,DNE
30664806027791,DNE,DNE
30664806027809,DNE,DNE
30664806027817,DNE,DNE
30664806027825,DNE,DNE
30664806027833,DNE,DNE
30664806027841,DNE,DNE
30664806027858,DNE,DNE
30664806027866,DNE,DNE
30664806027874,DNE,DNE
30664980000000,DNE,DNE
30664980155010,DNE,DNE
30664986027882,DNE,DNE
30664986027890,DNE,DNE
30664986027908,DNE,DNE
30664986027916,DNE,E
30664986027924,DNE,E
30664986027932,DNE,DNE
30664986027940,DNE,DNE
30664986027957,DNE,DNE
30664986027965,DNE,DNE
30664986027973,DNE,E
30664986027981,DNE,DNE
30664986027999,DNE,E
30664986066922,DNE,E
30664986068597,DNE,DNE
30664986068605,DNE,E
30664986071096,DNE,E
30664986085278,DNE,E
30664986094627,DNE,E
30664986094635,DNE,E
30665060000000,DNE,DNE
30665060102582,DNE,E
30665060155028,DNE,DNE
30665060155036,DNE,DNE
30665060155044,DNE,DNE
30665060155051,DNE,DNE
30665060155069,DNE,DNE
30665060155077,DNE,DNE
30665060155085,DNE,DNE
30665060155093,DNE,DNE
30665066028005,DNE,E
30665066028013,DNE,E
30665066028021,DNE,E
30665066028039,DNE,E
30665066028047,DNE,DNE
30665066028054,DNE,E
30665066028062,DNE,E
30665066028070,DNE,E
30665066028088,DNE,E
30665066028096,DNE,DNE
30665066028104,DNE,E
30665066028112,DNE,E
30665066028120,DNE,E
30665066028138,DNE,E
30665066028146,DNE,E
30665066028153,DNE,E
30665066028161,DNE,E
30665066028179,DNE,E
30665066028187,DNE,DNE
30665066028195,DNE,E
30665066028203,DNE,DNE
30665066085286,DNE,E
30665066113617,DNE,E
30665140000000,DNE,DNE
30665143030335,DNE,E
30665143030855,DNE,E
30665143032257,DNE,DNE
30665143032505,DNE,E
30665143033362,DNE,E
30665143033610,DNE,E
30665143033990,DNE,DNE
30665143037090,DNE,E
30665143037348,DNE,E
30665143037496,DNE,E
30665146101687,DNE,DNE
30665220000000,DNE,DNE
30665220133165,DNE,DNE
30665220139527,DNE,DNE
30665220155101,DNE,DNE
30665220155119,DNE,DNE
30665220155127,DNE,DNE
30665220155135,DNE,DNE
30665220155143,DNE,DNE
30665220155150,DNE,DNE
30665220155168,DNE,DNE
30665220155176,DNE,DNE
30665220155184,DNE,DNE
30665223030012,DNE,DNE
30665223030103,DNE,E
30665223030434,DNE,E
30665223030517,DNE,DNE
30665223032653,DNE,DNE
30665223032752,DNE,E
30665223033578,DNE,E
30665223033933,DNE,E
30665223034915,DNE,DNE
30665223035581,DNE,E
30665223035706,DNE,E
30665223036555,DNE,E
30665226028211,DNE,E
30665226028229,DNE,E
30665226028237,DNE,E
30665226028245,DNE,DNE
30665226028252,DNE,E
30665226028260,DNE,E
30665226028278,DNE,E
30665226028286,DNE,DNE
30665226028294,DNE,E
30665226028302,DNE,E
30665226028310,DNE,E
30665226028328,DNE,E
30665226028336,DNE,E
30665226028344,DNE,E
30665226028351,DNE,DNE
30665226028369,DNE,E
30665226028377,DNE,E
30665226028385,DNE,E
30665226028393,DNE,E
30665226028401,DNE,E
30665226028419,DNE,E
30665226028427,DNE,E
30665226028435,DNE,E
30665226028443,DNE,E
30665226028450,DNE,E
30665226028468,DNE,E
30665226028476,DNE,E
30665226028484,DNE,E
30665226028492,DNE,DNE
30665226028500,DNE,E
30665226028518,DNE,E
30665226028526,DNE,E
30665226028534,DNE,E
30665226028542,DNE,E
30665226028559,DNE,E
30665226028567,DNE,DNE
30665226028575,DNE,E
30665226028583,DNE,E
30665226028609,DNE,E
30665226028617,DNE,DNE
30665226028625,DNE,E
30665226028633,DNE,E
30665226028641,DNE,E
30665226028658,DNE,E
30665226028666,DNE,E
30665226028674,DNE,E
30665226028682,DNE,E
30665226028690,DNE,E
30665226028708,DNE,E
30665226028716,DNE,E
30665226028724,DNE,E
30665226028732,DNE,E
30665226028740,DNE,E
30665226028757,DNE,DNE
30665226028765,DNE,E
30665226028773,DNE,E
30665226028781,DNE,E
30665226028799,DNE,E
30665226028807,DNE,E
30665226028815,DNE,E
30665226028823,DNE,E
30665226085294,DNE,E
30665226103436,DNE,DNE
30665226104129,DNE,DNE
30665300000000,DNE,DNE
30665300134221,DNE,E
30665300153353,DNE,DNE
30665300155192,DNE,DNE
30665306028831,DNE,E
30665306028849,DNE,E
30665306028856,DNE,DNE
30665306028864,DNE,E
30665306028872,DNE,E
30665306028880,DNE,DNE
30665306066831,DNE,DNE
30665306085302,DNE,DNE
30665306085310,DNE,DNE
30665306089072,DNE,E
30665306094643,DNE,E
30665306095111,DNE,E
30665306096366,DNE,DNE
30665306116065,DNE,E
30665480000000,DNE,DNE
30665483030020,DNE,DNE
30665483030145,DNE,E
30665483030160,DNE,DNE
30665483030202,DNE,DNE
30665483030236,DNE,DNE
30665483030368,DNE,E
30665483030806,DNE,DNE
30665483031895,DNE,E
30665483032158,DNE,E
30665483032943,DNE,E
30665483034410,DNE,E
30665483038445,DNE,E
30665483038551,DNE,E
30665550000000,DNE,DNE
30665553030194,DNE,DNE
30665553030293,DNE,DNE
30665553033206,DNE,E
30665556028898,DNE,DNE
30665556028906,DNE,E
30665556028914,DNE,E
30665556028922,DNE,E
30665630000000,DNE,DNE
30665636028930,DNE,E
30665636028948,DNE,E
30665636028955,DNE,E
30665636028963,DNE,E
30665636028971,DNE,E
30665636028989,DNE,E
30665636028997,DNE,E
30665636029003,DNE,DNE
30665636029011,DNE,DNE
30665636029029,DNE,E
30665636029037,DNE,E
30665890000000,DNE,DNE
30665890153593,DNE,DNE
30665890155200,DNE,DNE
30665890155218,DNE,DNE
30665890155226,DNE,DNE
30665890155234,DNE,DNE
30665890155242,DNE,DNE
30665890155259,DNE,DNE
30665890155267,DNE,DNE
30665896029110,DNE,E
30665896029128,DNE,E
30665896029136,DNE,E
30665896029144,DNE,E
30665896029151,DNE,E
30665896029169,DNE,E
30665896029177,DNE,E
30665896029185,DNE,E
30665896029193,DNE,E
30665970000000,DNE,DNE
30665970111666,DNE,E
30665970131425,DNE,DNE
30665970155275,DNE,DNE
30665970155283,DNE,DNE
30665970155291,DNE,DNE
30665970155309,DNE,DNE
30665970155317,DNE,DNE
30665970155325,DNE,DNE
30665970155333,DNE,DNE
30665970155341,DNE,DNE
30665973030186,DNE,E
30665973030673,DNE,DNE
30665973030715,DNE,DNE
30665973031697,DNE,E
30665973031853,DNE,E
30665973032000,DNE,E
30665973034907,DNE,E
30665973035045,DNE,E
30665976029219,DNE,E
30665976029227,DNE,E
30665976029235,DNE,DNE
30665976029243,DNE,DNE
30665976029250,DNE,DNE
30665976029268,DNE,E
30665976029276,DNE,DNE
30665976029284,DNE,E
30665976029292,DNE,DNE
30665976029300,DNE,E
30665976029318,DNE,DNE
30665976029326,DNE,E
30665976029334,DNE,E
30665976029342,DNE,DNE
30665976029359,DNE,E
30665976029367,DNE,E
30665976029375,DNE,E
30665976029383,DNE,DNE
30665976029391,DNE,E
30665976029409,DNE,E
30665976029417,DNE,DNE
30665976029425,DNE,DNE
30665976029433,DNE,E
30665976029441,DNE,E
30665976029458,DNE,E
30665976029466,DNE,E
30665976029474,DNE,DNE
30665976029482,DNE,E
30665976029490,DNE,E
30665976029516,DNE,E
30665976029524,DNE,E
30665976029532,DNE,DNE
30665976068399,DNE,E
30665976089460,DNE,E
30665976107833,DNE,E
30665976118236,DNE,E
30665976999031,DNE,DNE
30666053030178,DNE,DNE
30666053052305,DNE,DNE
30666130000000,DNE,DNE
30666130119792,DNE,DNE
30666130155366,DNE,DNE
30666130155374,DNE,DNE
30666130155382,DNE,DNE
30666136029540,DNE,DNE
30666136029557,DNE,DNE
30666136029565,DNE,DNE
30666136029573,DNE,DNE
30666136029581,DNE,DNE
30666136029599,DNE,DNE
30666136029607,DNE,DNE
30666136029615,DNE,DNE
30666136029623,DNE,DNE
30666136029631,DNE,DNE
30666136029649,DNE,DNE
30666136029656,DNE,DNE
30666136029664,DNE,DNE
30666136029672,DNE,DNE
30666136029680,DNE,DNE
30666136029698,DNE,DNE
30666136029706,DNE,DNE
30666136029714,DNE,DNE
30666136029722,DNE,DNE
30666136029730,DNE,DNE
30666136066849,DNE,DNE
30666136066856,DNE,DNE
30666136068613,DNE,DNE
30666136071104,DNE,DNE
30666136094650,DNE,DNE
30666210000000,DNE,DNE
30666210102814,DNE,E
30666210114769,DNE,E
30666210118174,DNE,E
30666210140293,DNE,E
30666210155390,DNE,DNE
30666210155408,DNE,DNE
30666210155416,DNE,DNE
30666210155424,DNE,DNE
30666210155432,DNE,DNE
30666210155440,DNE,DNE
30666210155457,DNE,DNE
30666210155465,DNE,DNE
30666210155473,DNE,DNE
30666213030046,DNE,E
30666213030459,DNE,DNE
30666213030566,DNE,DNE
30666213030731,DNE,DNE
30666213031952,DNE,E
30666213035409,DNE,E
30666213035748,DNE,E
30666213038098,DNE,E
30666216029748,DNE,E
30666216029755,DNE,E
30666216029763,DNE,E
30666216029771,DNE,E
30666216029789,DNE,E
30666216029797,DNE,E
30666216029805,DNE,E
30666216029813,DNE,DNE
30666216029821,DNE,E
30666216029839,DNE,DNE
30666216029847,DNE,DNE
30666216029854,DNE,E
30666216029862,DNE,E
30666216029870,DNE,E
30666216029888,DNE,E
30666216029896,DNE,E
30666216029904,DNE,DNE
30666216029912,DNE,E
30666216029920,DNE,E
30666216029938,DNE,E
30666216029946,DNE,DNE
30666216029953,DNE,E
30666216029961,DNE,E
30666216029979,DNE,E
30666216029987,DNE,E
30666216058937,DNE,E
30666216058945,DNE,E
30666216058952,DNE,DNE
30666216058960,DNE,DNE
30666216061725,DNE,E
30666216061733,DNE,E
30666216071112,DNE,E
30666216071120,DNE,E
30666216071138,DNE,DNE
30666216085328,DNE,DNE
30666216094874,DNE,DNE
30666216096333,DNE,E
30666216097364,DNE,E
30666216104483,DNE,DNE
30666216107098,DNE,DNE
30666216107767,DNE,E
30666216114565,DNE,E
30666216116586,DNE,E
30666470000000,DNE,DNE
30666470102897,DNE,E
30666470109678,DNE,E
30666470116525,DNE,E
30666470119404,DNE,E
30666470155481,DNE,DNE
30666470155499,DNE,DNE
30666470155507,DNE,DNE
30666470155515,DNE,DNE
30666473030053,DNE,E
30666473030350,DNE,DNE
30666473030442,DNE,DNE
30666473030483,DNE,E
30666473030558,DNE,DNE
30666473030665,DNE,DNE
30666473031929,DNE,E
30666473031945,DNE,E
30666473038023,DNE,E
30666476029995,DNE,E
30666476030001,DNE,E
30666476030019,DNE,E
30666476030027,DNE,E
30666476030035,DNE,E
30666476030043,DNE,E
30666476030050,DNE,E
30666476030068,DNE,DNE
30666476030076,DNE,E
30666476030084,DNE,E
30666476030092,DNE,E
30666476030100,DNE,E
30666476030118,DNE,DNE
30666476030936,DNE,E
30666476030951,DNE,E
30666476030969,DNE,E
30666476068621,DNE,E
30666476071146,DNE,E
30666476085633,DNE,E
30666476085641,DNE,E
30666476089478,DNE,E
30666476095160,DNE,E
30666476097000,DNE,E
30666476097018,DNE,E
30666476106009,DNE,E
30666476109102,DNE,E
30666476119556,DNE,E
30666620000000,DNE,DNE
30666626030134,DNE,DNE
30666700000000,DNE,DNE
30666700101626,DNE,E
30666700106567,DNE,E
30666700108365,DNE,E
30666700108373,DNE,E
30666700109066,DNE,E
30666700114736,DNE,E
30666700116582,DNE,E
30666700129437,DNE,DNE
30666700132852,DNE,DNE
30666700135897,DNE,E
30666700155523,DNE,DNE
30666700155531,DNE,DNE
30666700155549,DNE,DNE
30666700155556,DNE,DNE
30666700155564,DNE,DNE
30666700155572,DNE,DNE
30666700155580,DNE,DNE
30666700155598,DNE,DNE
30666700155606,DNE,DNE
30666700155614,DNE,DNE
30666700155622,DNE,DNE
30666700155630,DNE,DNE
30666700155648,DNE,DNE
30666700155655,DNE,DNE
30666700155663,DNE,DNE
30666700155671,DNE,DNE
30666700155689,DNE,DNE
30666700155697,DNE,DNE
30666700155721,DNE,DNE
30666700155739,DNE,DNE
30666700155747,DNE,DNE
30666700155754,DNE,DNE
30666700155762,DNE,DNE
30666700155770,DNE,DNE
30666700155788,DNE,DNE
30666700155796,DNE,DNE
30666700155804,DNE,DNE
30666700155812,DNE,DNE
30666700155820,DNE,DNE
30666700155838,DNE,DNE
30666700155846,DNE,DNE
30666703030319,DNE,DNE
30666703030327,DNE,DNE
30666703030475,DNE,E
30666703030491,DNE,E
30666703030582,DNE,DNE
30666703030608,DNE,E
30666703030780,DNE,DNE
30666703034998,DNE,E
30666703035821,DNE,E
30666703036258,DNE,DNE
30666703036357,DNE,E
30666703036456,DNE,E
30666706030209,DNE,E
30666706030217,DNE,E
30666706030225,DNE,E
30666706030233,DNE,E
30666706030241,DNE,E
30666706030258,DNE,DNE
30666706030266,DNE,E
30666706030274,DNE,DNE
30666706030282,DNE,E
30666706030290,DNE,DNE
30666706030308,DNE,E
30666706030316,DNE,E
30666706030324,DNE,E
30666706030332,DNE,E
30666706030340,DNE,DNE
30666706030357,DNE,E
30666706030365,DNE,E
30666706030381,DNE,DNE
30666706030399,DNE,E
30666706030407,DNE,E
30666706030415,DNE,E
30666706030423,DNE,DNE
30666706030431,DNE,E
30666706030449,DNE,E
30666706058978,DNE,E
30666706058986,DNE,E
30666706061741,DNE,E
30666706061758,DNE,E
30666706071187,DNE,DNE
30666706071195,DNE,E
30666706094684,DNE,DNE
30666706094692,DNE,DNE
30666706095152,DNE,E
30666706098552,DNE,E
30666706099816,DNE,E
30666706100762,DNE,DNE
30666706102826,DNE,E
30666706102875,DNE,DNE
30666706103287,DNE,DNE
30666706106165,DNE,DNE
30666706107692,DNE,E
30666706108484,DNE,E
30666706109904,DNE,E
30666706110175,DNE,E
30666706110183,DNE,E
30666706111298,DNE,DNE
30666706113377,DNE,E
30666706114631,DNE,E
30666706115133,DNE,E
30666706115588,DNE,DNE
30666706115836,DNE,E
30666706116917,DNE,E
30666706117899,DNE,E
30666706119127,DNE,E
30666706120067,DNE,DNE
30666706904742,DNE,DNE
30666960000000,DNE,DNE
30666966030456,DNE,E
30666966030464,DNE,E
30666966030472,DNE,E
30666966030480,DNE,DNE
30666966030498,DNE,DNE
30666966030506,DNE,E
30667040000000,DNE,DNE
30667046030514,DNE,DNE
30667046030522,DNE,DNE
30667120000000,DNE,DNE
30667380000000,DNE,DNE
30667460000000,DNE,DNE
30667460119172,DNE,DNE
30667460119925,DNE,E
30667460155903,DNE,DNE
30667460155911,DNE,DNE
30667460155929,DNE,DNE
30667460155937,DNE,DNE
30667460155945,DNE,DNE
30667460155952,DNE,DNE
30667460155960,DNE,DNE
30667460155978,DNE,DNE
30667460155986,DNE,DNE
30667460155994,DNE,DNE
30667460156000,DNE,DNE
30667460156018,DNE,DNE
30667460156026,DNE,DNE
30667466030712,DNE,E
30667466030720,DNE,E
30667466030738,DNE,E
30667466030746,DNE,DNE
30667466030753,DNE,E
30667466030761,DNE,E
30667466030779,DNE,DNE
30667466030787,DNE,E
30667466030795,DNE,E
30667466030803,DNE,DNE
30667466030811,DNE,E
30667466030829,DNE,E
30667466030837,DNE,E
30667466030845,DNE,DNE
30667466030852,DNE,E
30667466030860,DNE,E
30667466030878,DNE,E
30667466030886,DNE,E
30667466030894,DNE,DNE
30667466030902,DNE,DNE
30667466030910,DNE,DNE
30667466030928,DNE,E
30667466066906,DNE,DNE
30667466116198,DNE,DNE
30667466901847,DNE,DNE
30667530000000,DNE,DNE
30667536030936,DNE,DNE
30667536030944,DNE,DNE
30667536030951,DNE,DNE
30667536030969,DNE,DNE
30667536095160,DNE,DNE
30736350000000,DNE,DNE
30736350122895,DNE,DNE
30736350135962,DNE,DNE
30736353030061,DNE,E
30736353030079,DNE,E
30736353030087,DNE,DNE
30736353030095,DNE,DNE
30736353030244,DNE,E
30736353030392,DNE,E
30736353030509,DNE,E
30736353034956,DNE,E
30736356030142,DNE,E
30736356030159,DNE,E
30736356030167,DNE,DNE
30736356030175,DNE,E
30736356030183,DNE,E
30736356030530,DNE,E
30736356066864,DNE,DNE
30736356066872,DNE,E
30736356068639,DNE,DNE
30736356071153,DNE,E
30736356071161,DNE,E
30736356085336,DNE,E
30736356085351,DNE,E
30736356089494,DNE,E
30736356089502,DNE,E
30736356089510,DNE,E
30736356094668,DNE,E
30736356094676,DNE,E
30736356095145,DNE,E
30736356096044,DNE,E
30736356097372,DNE,E
30736356098545,DNE,DNE
30736356101059,DNE,E
30736356106926,DNE,E
30736356109540,DNE,E
30736356110845,DNE,E
30736356110936,DNE,E
30736356111561,DNE,E
30736356112452,DNE,E
30736356112577,DNE,E
30736356114888,DNE,E
30736430000000,DNE,DNE
30736430102871,DNE,E
30736430102889,DNE,E
30736430121152,DNE,E
30736430132563,DNE,DNE
30736430133488,DNE,E
30736430139774,DNE,E
30736430162651,DNE,DNE
30736430162669,DNE,DNE
30736430162677,DNE,DNE
30736430162685,DNE,DNE
30736430162693,DNE,DNE
30736430162701,DNE,DNE
30736430162719,DNE,DNE
30736430162727,DNE,DNE
30736430162735,DNE,DNE
30736433030590,DNE,E
30736433032109,DNE,E
30736433032919,DNE,E
30736433037538,DNE,DNE
30736433037553,DNE,E
30736436030548,DNE,E
30736436030555,DNE,E
30736436030563,DNE,DNE
30736436030571,DNE,E
30736436030589,DNE,E
30736436030597,DNE,DNE
30736436030605,DNE,E
30736436030613,DNE,E
30736436030621,DNE,E
30736436030639,DNE,E
30736436030647,DNE,DNE
30736436030654,DNE,DNE
30736436030662,DNE,E
30736436030670,DNE,DNE
30736436030688,DNE,E
30736436030696,DNE,E
30736436030704,DNE,E
30736436066880,DNE,DNE
30736436066898,DNE,E
30736436085369,DNE,DNE
30736436085377,DNE,E
30736436113054,DNE,E
30736436114482,DNE,E
30736436116305,DNE,E
30736436118764,DNE,E
30736436118772,DNE,E
30736500000000,DNE,DNE
30736500116046,DNE,DNE
30736500116053,DNE,DNE
30736500116061,DNE,DNE
30736500127472,DNE,E
30736500129155,DNE,E
30736500129296,DNE,E
30736500133389,DNE,E
30736500133405,DNE,E
30736500135137,DNE,E
30736500136689,DNE,E
30736500138719,DNE,E
30736500140988,DNE,E
30736500141119,DNE,E
30736500142232,DNE,DNE
30736503030129,DNE,E
30736503030152,DNE,E
30736503030277,DNE,DNE
30736503030285,DNE,E
30736503030301,DNE,DNE
30736503030467,DNE,E
30736503030657,DNE,E
30736503030749,DNE,DNE
30736503035102,DNE,E
30736506030126,DNE,DNE
30736506030191,DNE,E
30736506068647,DNE,E
30736506071179,DNE,E
30736506085344,DNE,E
30736506089429,DNE,E
30736506089437,DNE,E
30736506089445,DNE,E
30736506094718,DNE,E
30736506095129,DNE,DNE
30736506095137,DNE,E
30736506096184,DNE,E
30736506096192,DNE,E
30736506096200,DNE,E
30736506097042,DNE,E
30736506097356,DNE,DNE
30736506098511,DNE,E
30736506098529,DNE,E
30736506100317,DNE,E
30736506100838,DNE,E
30736506100861,DNE,E
30736506100879,DNE,E
30736506102719,DNE,E
30736506106850,DNE,E
30736506107502,DNE,E
30736506108799,DNE,E
30736506111876,DNE,E
30736506115455,DNE,E
30736506115786,DNE,E
30736506120141,DNE,E
30736509005372,DNE,DNE
30736509005448,DNE,DNE
30736509005471,DNE,DNE
30739240000000,DNE,DNE
30739240162933,DNE,DNE
30739240162941,DNE,DNE
30739243030343,DNE,DNE
30739243033917,DNE,E
30739246029045,DNE,E
30739246029052,DNE,E
30739246029060,DNE,E
30739246029078,DNE,E
30739246029086,DNE,E
30739246029102,DNE,DNE
30739246030514,DNE,E
30739246058853,DNE,E
30739246058879,DNE,E
30741040000000,DNE,DNE
30741043095015,DNE,DNE
30741120000000,DNE,DNE
30741123095023,DNE,DNE
30741200000000,DNE,DNE
30741203095031,DNE,DNE
30742520000000,DNE,DNE
30742523095049,DNE,DNE
30768930000000,DNE,DNE
30768930130765,DNE,E
31103140000000,DNE,DNE
31103140113399,DNE,DNE
31103140115675,DNE,DNE
31103140119214,DNE,DNE
31103140126904,DNE,DNE
31103140144451,DNE,DNE
31103140144469,DNE,DNE
31103140144477,DNE,DNE
31103140144485,DNE,DNE
31103140144493,DNE,DNE
31103140144501,DNE,DNE
31103140144519,DNE,DNE
31103140144527,DNE,DNE
31103140144535,DNE,DNE
31103140144543,DNE,DNE
31103140144550,DNE,DNE
31103140144568,DNE,DNE
31103140144576,DNE,DNE
31103140144584,DNE,DNE
31103140144592,DNE,DNE
31103140144600,DNE,DNE
31103143130093,DNE,DNE
31103143130101,DNE,DNE
31103143130127,DNE,DNE
31103143130259,DNE,DNE
31103146031389,DNE,DNE
31103146031397,DNE,DNE
31103146069322,DNE,DNE
31103146097075,DNE,DNE
31103146097612,DNE,DNE
31667610000000,DNE,DNE
31667610108829,DNE,DNE
31667616031009,DNE,E
31667790000000,DNE,DNE
31667796031017,DNE,E
31667796031082,DNE,DNE
31667870000000,DNE,DNE
31667870126664,DNE,E
31667876031025,DNE,DNE
31667876031033,DNE,E
31667876031041,DNE,DNE
31667876031058,DNE,DNE
31667876109680,DNE,E
31667876112700,DNE,E
31667950000000,DNE,DNE
31667956031066,DNE,E
31667956104392,DNE,DNE
31668030000000,DNE,DNE
31668030111104,DNE,DNE
31668030116574,DNE,DNE
31668030129080,DNE,DNE
31668030140301,DNE,DNE
31668036031074,DNE,DNE
31668036108963,DNE,DNE
31668036109862,DNE,DNE
31668036112072,DNE,DNE
31668036112403,DNE,DNE
31668036115596,DNE,DNE
31668036115604,DNE,DNE
31668036119887,DNE,DNE
31668110000000,DNE,DNE
31668116031082,DNE,DNE
31668290000000,DNE,DNE
31668290116327,DNE,DNE
31668296031090,DNE,DNE
31668296031108,DNE,E
31668296101778,DNE,E
31668296109029,DNE,E
31668296111702,DNE,E
31668296113443,DNE,E
31668296113971,DNE,E
31668296116230,DNE,E
31668370000000,DNE,DNE
31668370122515,DNE,DNE
31668370142448,DNE,DNE
31668376031116,E,E
31668376107478,DNE,DNE
31668450000000,DNE,DNE
31668450117150,E,E
31668456031124,E,E
31668456031132,E,E
31668456031140,E,E
31668456031165,E,E
31668456031173,E,E
31668456117824,E,E
31668520000000,DNE,DNE
31668520109827,DNE,DNE
31668520120105,DNE,E
31668520121608,DNE,E
31668520126680,DNE,DNE
31668520127902,DNE,DNE
31668520127928,DNE,E
31668520128751,DNE,DNE
31668520138008,DNE,DNE
31668526031157,DNE,DNE
31668600000000,DNE,DNE
31668780000000,DNE,DNE
31668860000000,DNE,DNE
31668860122531,DNE,DNE
31668860122648,DNE,DNE
31668866031181,DNE,DNE
31668866031199,DNE,E
31668866111694,DNE,E
31668940000000,DNE,DNE
31668940102293,DNE,E
31668940138081,DNE,E
31668943130051,DNE,DNE
31668943130135,DNE,DNE
31668943131687,DNE,E
31668943131851,DNE,E
31668943132453,DNE,E
31668943135704,DNE,E
31668943135902,DNE,DNE
31668946102552,DNE,DNE
31669020000000,DNE,DNE
31669026031207,DNE,DNE
31669026031215,DNE,DNE
31669026100903,DNE,DNE
31669100000000,DNE,DNE
31669100102798,DNE,E
31669100102806,DNE,E
31669100116624,DNE,E
31669100125740,DNE,E
31669100127639,DNE,E
31669100135178,DNE,E
31669100139857,DNE,E
31669100142067,DNE,E
31669103130085,DNE,DNE
31669103130234,DNE,E
31669103130242,DNE,E
31669106031223,DNE,E
31669106031231,DNE,E
31669106031249,DNE,E
31669106031256,DNE,E
31669106031264,DNE,DNE
31669106031272,DNE,DNE
31669106031280,DNE,E
31669106106108,DNE,E
31669106109482,DNE,E
31669106111959,DNE,E
31669106111967,DNE,E
31669106116099,DNE,E
31669106117790,DNE,E
31669280000000,DNE,DNE
31669280116459,DNE,E
31669280121418,E,E
31669280135285,DNE,DNE
31669280139840,DNE,E
31669280141622,E,E
31669283130044,DNE,DNE
31669283130119,DNE,E
31669283130176,DNE,E
31669283130184,DNE,E
31669283130309,DNE,E
31669283135308,DNE,E
31669283136496,DNE,DNE
31669283136504,DNE,E
31669286085211,DNE,DNE
31669440000000,DNE,DNE
31669440106807,DNE,E
31669440121624,DNE,E
31669440156034,DNE,DNE
31669443130010,DNE,E
31669443130069,DNE,DNE
31669443130077,DNE,E
31669443130192,DNE,E
31669443130226,DNE,DNE
31669443138500,DNE,E
31669446031298,DNE,E
31669446031306,DNE,E
31669446031314,DNE,E
31669446031322,DNE,E
31669446071930,DNE,DNE
31669446089189,DNE,DNE
31669446094502,DNE,E
31669446113062,DNE,E
31669510000000,DNE,DNE
31669510106443,E,E
31669510108514,E,E
31669510111385,E,E
31669510113068,E,E
31669510122507,DNE,DNE
31669510135871,E,E
31669510139246,E,E
31669510139709,E,E
31669510140541,E,E
31669513130028,DNE,DNE
31669513130036,E,E
31669513130143,DNE,DNE
31669513130168,E,E
31669513134657,E,E
31669516031348,DNE,DNE
31669516031355,DNE,DNE
31669516031363,E,E
31669516031371,DNE,DNE
31669516085252,E,E
31669516098610,E,E
31669516108351,E,E
31669516117493,E,E
31747320000000,DNE,DNE
31747323190014,DNE,DNE
31750850000000,DNE,DNE
31750850108050,DNE,E
31750850108084,DNE,E
31750850114371,DNE,DNE
31750850117879,DNE,E
31750850119487,DNE,E
31750850121244,DNE,E
31750850128561,DNE,DNE
31750850137927,DNE,DNE
31750850141259,DNE,E
31750853130150,DNE,E
31750853130200,DNE,E
31750853130218,DNE,E
31750856031207,DNE,E
31750856031215,DNE,E
31750856100903,DNE,E
31750856109870,DNE,E
31750856110647,DNE,E
31750856111975,DNE,E
31750856115844,DNE,E
31750856116057,DNE,E
31750856118392,DNE,E
31750856118517,DNE,E
31750856118533,DNE,E
31750856119853,DNE,E
31765700000000,DNE,DNE
32103220000000,DNE,DNE
32103220100057,DNE,E
32103220108001,DNE,E
32103223230075,DNE,DNE
32103223230091,DNE,DNE
32103226077234,DNE,DNE
32103226117360,DNE,E
32669690000000,DNE,DNE
32669690138479,DNE,DNE
32669693230018,DNE,DNE
32669693230026,DNE,DNE
32669693230034,DNE,E
32669693230042,DNE,E
32669693230059,DNE,DNE
32669693230067,DNE,DNE
32669693230083,DNE,E
32669693232006,DNE,E
32669693233509,DNE,E
32669693235603,DNE,E
32669693236007,DNE,E
32669696031413,DNE,E
32669696031421,DNE,E
32669696031439,DNE,DNE
32669696031447,DNE,DNE
32669696031454,DNE,DNE
32669696031462,DNE,DNE
32669696031470,DNE,E
32669696031488,DNE,DNE
32669696103469,DNE,DNE
32669696104764,DNE,DNE
32669696109896,DNE,DNE
32669696110308,DNE,E
32669696111579,DNE,DNE
32669696117204,DNE,DNE
32742780000000,DNE,DNE
32742783290012,DNE,DNE
33103300000000,DNE,DNE
33103300110833,DNE,E
33103300116665,DNE,DNE
33103300125237,DNE,E
33103300125385,DNE,E
33103300128397,DNE,E
33103300128777,DNE,E
33103300134320,DNE,DNE
33103300135384,DNE,DNE
33103300136168,DNE,E
33103300137497,DNE,DNE
33103300137836,E,E
33103300137851,DNE,E
33103300137869,DNE,E
33103300138024,DNE,E
33103300138602,DNE,E
33103300139428,DNE,E
33103300140780,DNE,E
33103300144618,DNE,DNE
33103300144626,DNE,DNE
33103300144634,DNE,DNE
33103300144642,DNE,DNE
33103300144659,DNE,DNE
33103300144667,DNE,DNE
33103300144675,DNE,DNE
33103300144683,DNE,DNE
33103300144691,DNE,DNE
33103300144709,DNE,DNE
33103300144717,DNE,DNE
33103300144725,DNE,DNE
33103300144733,DNE,DNE
33103300144741,DNE,DNE
33103300144758,DNE,DNE
33103300144766,DNE,DNE
33103300144774,DNE,DNE
33103300144782,DNE,DNE
33103300144790,DNE,DNE
33103300144808,DNE,DNE
33103300144816,DNE,DNE
33103300144824,DNE,DNE
33103300144832,DNE,DNE
33103300144840,DNE,DNE
33103300144857,DNE,DNE
33103300144865,DNE,DNE
33103300144873,DNE,DNE
33103300144881,DNE,DNE
33103300162586,DNE,DNE
33103300162792,DNE,DNE
33103300164897,DNE,DNE
33103300164939,DNE,DNE
33103303330123,DNE,E
33103303330156,DNE,DNE
33103303330248,DNE,DNE
33103303330263,DNE,DNE
33103303330271,DNE,DNE
33103303330297,DNE,DNE
33103303330347,DNE,DNE
33103303330404,DNE,DNE
33103303330891,DNE,DNE
33103303331055,DNE,E
33103303337847,DNE,DNE
33103306032882,DNE,DNE
33103306069207,DNE,E
33103306097984,DNE,DNE
33103306097992,DNE,DNE
33103306098008,DNE,DNE
33103306098016,DNE,DNE
33103306098024,DNE,DNE
33103306103873,DNE,DNE
33103306103881,DNE,DNE
33103306103899,DNE,DNE
33103306103907,DNE,DNE
33103306103915,DNE,DNE
33103306103923,DNE,DNE
33103306103949,DNE,DNE
33103306105043,DNE,DNE
33103306105050,DNE,DNE
33103306105068,DNE,DNE
33103306105076,DNE,DNE
33103306105084,DNE,DNE
33103306105092,DNE,DNE
33103306105100,DNE,DNE
33103306105118,DNE,DNE
33103306105126,DNE,DNE
33103306105134,DNE,DNE
33103306105142,DNE,DNE
33103306105159,DNE,DNE
33103306105167,DNE,DNE
33103306105175,DNE,DNE
33103306105183,DNE,DNE
33103306105191,DNE,DNE
33103306105209,DNE,DNE
33103306105217,DNE,DNE
33103306105225,DNE,DNE
33103306105233,DNE,DNE
33103306105241,DNE,DNE
33103306105258,DNE,DNE
33103306105266,DNE,DNE
33103306105274,DNE,DNE
33103306105282,DNE,DNE
33103306105340,DNE,DNE
33316250000000,DNE,DNE
33316253330834,DNE,E
33321513330073,DNE,DNE
33669770000000,DNE,DNE
33669770113597,DNE,E
33669770113605,DNE,E
33669770115485,DNE,DNE
33669770125732,DNE,E
33669770126896,DNE,DNE
33669770134171,DNE,E
33669770134189,DNE,E
33669770135061,DNE,E
33669770136143,DNE,E
33669773330008,DNE,E
33669773330107,DNE,DNE
33669773330180,DNE,DNE
33669773330339,DNE,DNE
33669773330883,DNE,DNE
33669773334299,DNE,E
33669773337128,DNE,E
33669776031496,DNE,E
33669776031504,DNE,E
33669776031512,DNE,E
33669776031520,DNE,E
33669776031538,DNE,E
33669776031546,DNE,E
33669776031553,DNE,E
33669776031561,DNE,DNE
33669776031579,DNE,E
33669776031587,DNE,E
33669776031595,DNE,E
33669776098156,DNE,E
33669776106074,DNE,E
33669776107304,DNE,E
33669776108104,DNE,E
33669776116339,DNE,E
33669776120109,DNE,E
33669850000000,DNE,DNE
33669850102418,DNE,DNE
33669850116210,DNE,DNE
33669850116228,DNE,DNE
33669850116236,DNE,DNE
33669850116244,DNE,DNE
33669853330057,DNE,DNE
33669853330206,DNE,DNE
33669853330214,DNE,E
33669853330222,DNE,E
33669853330974,DNE,E
33669856031603,DNE,E
33669856031611,DNE,E
33669856031629,DNE,E
33669856031637,DNE,E
33669856031645,DNE,DNE
33669856112080,DNE,E
33669930000000,DNE,DNE
33669930101006,DNE,E
33669930102749,DNE,E
33669930106062,DNE,E
33669930112680,DNE,DNE
33669930113936,DNE,E
33669930116277,DNE,DNE
33669930116947,DNE,E
33669930127142,E,E
33669930129882,DNE,E
33669930136788,DNE,E
33669930139360,DNE,E
33669930140632,DNE,E
33669930141366,DNE,E
33669933330461,DNE,DNE
33669933330479,DNE,E
33669933330826,DNE,DNE
33669933330842,DNE,E
33669933331022,DNE,DNE
33669933331089,DNE,E
33669936031652,DNE,E
33669936031660,DNE,E
33669936031678,DNE,DNE
33669936031686,DNE,DNE
33669936109763,DNE,DNE
33669936117261,DNE,DNE
33669936120802,DNE,DNE
33669936976716,DNE,DNE
33670090000000,DNE,DNE
33670170000000,DNE,DNE
33670330000000,DNE,DNE
33670330100966,DNE,E
33670330100974,DNE,E
33670330100982,DNE,E
33670330105791,DNE,E
33670330105809,DNE,E
33670330110106,DNE,E
33670330110627,DNE,E
33670330110635,DNE,E
33670330110643,DNE,E
33670330110759,DNE,E
33670330113647,DNE,E
33670330113654,DNE,E
33670330119321,DNE,E
33670330123828,DNE,E
33670330131607,DNE,E
33670330135574,DNE,E
33670330139782,DNE,E
33670333330131,DNE,E
33670333330446,DNE,E
33670333330586,DNE,E
33670333330594,DNE,DNE
33670333330602,DNE,E
33670333330610,DNE,DNE
33670333330701,DNE,E
33670333330941,DNE,DNE
33670333330966,DNE,DNE
33670333331501,DNE,DNE
33670333331600,DNE,E
33670333333333,DNE,DNE
33670333334232,DNE,E
33670336031736,DNE,E
33670336031751,DNE,E
33670336031769,DNE,DNE
33670336031777,DNE,DNE
33670336031785,DNE,E
33670336031793,DNE,E
33670336031801,DNE,E
33670336031819,DNE,E
33670336031827,DNE,E
33670336031835,DNE,E
33670336031843,DNE,E
33670336031850,DNE,E
33670336031868,DNE,E
33670336031876,DNE,E
33670336031884,DNE,E
33670336059026,DNE,E
33670336059034,DNE,E
33670336059042,DNE,E
33670336061766,DNE,E
33670336068753,DNE,E
33670336084669,DNE,E
33670336104830,DNE,DNE
33670336107668,DNE,E
33670336107676,DNE,E
33670336110589,DNE,E
33670336112957,DNE,E
33670336114151,DNE,E
33670336116404,DNE,E
33670336116412,DNE,E
33670336117998,DNE,E
33670336120364,DNE,E
33670336120372,DNE,E
33670410000000,DNE,DNE
33670413330016,DNE,DNE
33670413332095,DNE,DNE
33670416031892,DNE,DNE
33670416031900,DNE,E
33670416031918,DNE,DNE
33670580000000,DNE,DNE
33670580100164,DNE,E
33670580107961,DNE,E
33670580108464,DNE,E
33670580110791,DNE,E
33670580111021,DNE,E
33670580114504,DNE,E
33670580118885,DNE,E
33670580119305,DNE,E
33670580134353,DNE,DNE
33670580136770,DNE,E
33670580138446,DNE,DNE
33670580141879,DNE,DNE
33670580156059,DNE,DNE
33670580156067,DNE,DNE
33670580156075,DNE,DNE
33670580156083,DNE,DNE
33670583330388,DNE,E
33670583330669,DNE,E
33670583330909,DNE,E
33670583330982,DNE,DNE
33670583331113,DNE,E
33670583333192,DNE,E
33670586031926,DNE,E
33670586031934,DNE,E
33670586031942,DNE,DNE
33670586031959,DNE,E
33670586031967,DNE,E
33670586031975,DNE,E
33670586031983,DNE,E
33670586031991,DNE,E
33670586032007,DNE,E
33670586032015,DNE,E
33670586032023,DNE,DNE
33670586106082,DNE,E
33670586106090,DNE,DNE
33670586107759,DNE,E
33670586108955,DNE,E
33670586109045,DNE,E
33670586109789,DNE,E
33670586109797,DNE,E
33670586113880,DNE,E
33670586113898,DNE,DNE
33670586116636,DNE,E
33670586118855,DNE,E
33670586118863,DNE,E
33670660000000,DNE,DNE
33670666032031,DNE,DNE
33670666032056,DNE,DNE
33670666032064,DNE,DNE
33670666102735,DNE,DNE
33670666104442,DNE,DNE
33670666107189,DNE,DNE
33670666108278,DNE,DNE
33670740000000,DNE,DNE
33670743330115,DNE,DNE
33670743330230,DNE,DNE
33670743330370,DNE,DNE
33670743330487,DNE,DNE
33670743332350,DNE,DNE
33670746071203,DNE,DNE
33670746105548,DNE,DNE
33670746105605,DNE,DNE
33670820000000,DNE,DNE
33670820101121,DNE,E
33670820101139,DNE,E
33670820102772,DNE,E
33670820102780,DNE,E
33670820106716,DNE,E
33670820107359,DNE,E
33670820107631,DNE,DNE
33670820113159,DNE,E
33670820115162,DNE,DNE
33670820116962,DNE,E
33670820120675,DNE,E
33670820128363,DNE,DNE
33670820132167,DNE,DNE
33670820135251,DNE,E
33670820141192,DNE,E
33670820156091,DNE,DNE
33670820156125,DNE,DNE
33670820156133,DNE,DNE
33670820156141,DNE,DNE
33670820156158,DNE,DNE
33670820156166,DNE,DNE
33670820156174,DNE,DNE
33670820156182,DNE,DNE
33670823330065,DNE,E
33670823330081,DNE,DNE
33670823330453,DNE,DNE
33670823330503,DNE,E
33670823330537,DNE,E
33670823330768,DNE,DNE
33670823330875,DNE,DNE
33670823332616,DNE,DNE
33670823332673,DNE,E
33670826032072,DNE,DNE
33670826032080,DNE,E
33670826032098,DNE,DNE
33670826032106,DNE,DNE
33670826032114,DNE,E
33670826032122,DNE,E
33670826032130,DNE,E
33670826032148,DNE,E
33670826032155,DNE,E
33670826059067,DNE,DNE
33670826084628,DNE,E
33670826084636,DNE,DNE
33670826106728,DNE,E
33670826109805,DNE,E
33670826110415,DNE,E
33670826112007,DNE,E
33670826118731,DNE,E
33670829007303,DNE,DNE
33670900000000,DNE,DNE
33670900114157,DNE,E
33670900117101,DNE,DNE
33670900127720,DNE,DNE
33670900136721,DNE,E
33670900156190,DNE,DNE
33670900156208,DNE,DNE
33670900156216,DNE,DNE
33670900156224,DNE,DNE
33670900158113,DNE,DNE
33670903330412,DNE,E
33670903330545,DNE,DNE
33670903330784,DNE,DNE
33670903334687,DNE,E
33670903337136,DNE,E
33670903337664,DNE,DNE
33670906032163,DNE,E
33670906032171,DNE,E
33670906032189,DNE,E
33670906032197,DNE,E
33670906032205,DNE,E
33670906032213,DNE,E
33670906032221,DNE,E
33670906032239,DNE,E
33670906032247,DNE,E
33670906059075,DNE,E
33670906061774,DNE,E
33670906104491,DNE,E
33670906105837,DNE,E
33670906106835,DNE,E
33670906106843,DNE,E
33670906110548,DNE,E
33670906111280,DNE,E
33670906112858,DNE,E
33670906113518,DNE,E
33671080000000,DNE,DNE
33671160000000,DNE,DNE
33671160100503,DNE,E
33671160108639,DNE,E
33671160109843,DNE,E
33671160110601,DNE,E
33671160116202,DNE,DNE
33671160116749,DNE,E
33671160116756,DNE,E
33671160119206,DNE,E
33671160125906,DNE,E
33671160134080,DNE,E
33671160136838,DNE,E
33671160140574,DNE,E
33671160141994,DNE,E
33671160142398,DNE,DNE
33671160156232,DNE,DNE
33671166032270,DNE,DNE
33671166107197,DNE,E
33671166108229,DNE,E
33671166110365,DNE,E
33671166113864,DNE,E
33671166119721,DNE,E
33671240000000,DNE,DNE
33671240102731,DNE,E
33671240105940,DNE,E
33671240108134,DNE,E
33671240115840,DNE,DNE
33671240128868,DNE,E
33671240136622,DNE,DNE
33671243330396,DNE,E
33671243330438,DNE,E
33671243330685,DNE,DNE
33671243330800,DNE,E
33671243330958,DNE,E
33671243331071,DNE,E
33671243333754,DNE,DNE
33671243333762,DNE,E
33671243333770,DNE,E
33671246032288,DNE,E
33671246032296,DNE,DNE
33671246032304,DNE,E
33671246032312,DNE,E
33671246032320,DNE,E
33671246032338,DNE,E
33671246059083,DNE,DNE
33671246100994,DNE,DNE
33671246103105,DNE,DNE
33671246103501,DNE,E
33671246103519,DNE,E
33671246104582,DNE,E
33671246105514,DNE,E
33671246106041,DNE,E
33671246106058,DNE,E
33671246106066,DNE,E
33671246106397,DNE,DNE
33671246106942,DNE,E
33671246106967,DNE,E
33671246107080,DNE,E
33671246107643,DNE,E
33671246107890,DNE,E
33671246108674,DNE,E
33671246108682,DNE,DNE
33671246108690,DNE,E
33671246108716,DNE,E
33671246108724,DNE,E
33671246108732,DNE,E
33671246108740,DNE,DNE
33671246109110,DNE,E
33671246109508,DNE,E
33671246109979,DNE,E
33671246110027,DNE,E
33671246110928,DNE,E
33671400000000,DNE,DNE
33671406032346,DNE,DNE
33671406106868,DNE,DNE
33671406107841,DNE,DNE
33671406107858,DNE,DNE
33671570000000,DNE,DNE
33671570120279,DNE,DNE
33671570125245,DNE,DNE
33671570125534,DNE,DNE
33671570125666,DNE,DNE
33671570156257,DNE,DNE
33671570156265,DNE,DNE
33671573331014,DNE,DNE
33671576032353,DNE,E
33671576109334,DNE,E
33671576111488,DNE,E
33671650000000,DNE,DNE
33671730000000,DNE,DNE
33671730105767,DNE,E
33671730115881,DNE,DNE
33671730118943,DNE,E
33671730119297,DNE,DNE
33671730123703,DNE,E
33671730124313,DNE,DNE
33671730127316,DNE,E
33671730133090,DNE,E
33671730156273,DNE,DNE
33671730156281,DNE,DNE
33671730156299,DNE,DNE
33671730156307,DNE,DNE
33671730156315,DNE,DNE
33671730156323,DNE,DNE
33671730156331,DNE,DNE
33671733330099,DNE,DNE
33671733330164,DNE,DNE
33671733330321,DNE,DNE
33671733330578,DNE,E
33671733330628,DNE,DNE
33671733330818,DNE,E
33671733330925,DNE,DNE
33671733331121,DNE,E
33671733335130,DNE,E
33671736032387,DNE,E
33671736032395,DNE,E
33671736032403,DNE,E
33671736032411,DNE,E
33671736032429,DNE,E
33671736032437,DNE,E
33671736032445,DNE,E
33671736032452,DNE,E
33671736059091,DNE,E
33671736059109,DNE,E
33671736102560,DNE,E
33671736106207,DNE,E
33671736107601,DNE,E
33671736108443,DNE,E
33671736108450,DNE,E
33671736111025,DNE,E
33671736112692,DNE,E
33671736115448,DNE,E
33671810000000,DNE,DNE
33671810115188,DNE,DNE
33671810117127,DNE,DNE
33671810138610,E,E
33671810141960,DNE,DNE
33671813331139,DNE,E
33671813335759,DNE,E
33671816032460,DNE,E
33671816032478,DNE,E
33671816032486,DNE,DNE
33671816032494,DNE,E
33671816061782,DNE,DNE
33671990000000,DNE,DNE
33671990110577,DNE,E
33671990110585,DNE,E
33671990118828,DNE,DNE
33671990133579,DNE,E
33671990142562,DNE,DNE
33671990156349,DNE,DNE
33671996032502,DNE,E
33671996032510,DNE,E
33671996105571,DNE,E
33671996106223,DNE,DNE
33671996109037,DNE,DNE
33671996111843,DNE,E
33671996113955,DNE,DNE
33671996113963,DNE,DNE
33671996120547,DNE,E
33672070000000,DNE,DNE
33672070101170,DNE,E
33672070113191,DNE,E
33672070134981,DNE,E
33672070137620,DNE,E
33672070140491,DNE,E
33672073330149,DNE,DNE
33672073330172,DNE,E
33672073330693,DNE,DNE
33672073330727,DNE,E
33672073330776,DNE,DNE
33672073331030,DNE,DNE
33672073335973,DNE,E
33672073335981,DNE,DNE
33672076059117,DNE,DNE
33672076106223,DNE,E
33672150000000,DNE,DNE
33672150100545,DNE,E
33672150106526,DNE,DNE
33672150111252,DNE,E
33672150114181,DNE,E
33672150115709,DNE,E
33672150119180,DNE,E
33672150126128,DNE,E
33672150126235,DNE,DNE
33672150128207,DNE,DNE
33672150131359,DNE,E
33672150132498,DNE,DNE
33672150153643,DNE,DNE
33672150153650,DNE,DNE
33672150156356,DNE,DNE
33672150156372,DNE,DNE
33672150156380,DNE,DNE
33672150156398,DNE,DNE
33672150156406,DNE,DNE
33672150156414,DNE,DNE
33672150156422,DNE,DNE
33672150156430,DNE,DNE
33672150156448,DNE,DNE
33672150156455,DNE,DNE
33672150156463,DNE,DNE
33672150156471,DNE,DNE
33672150156489,DNE,DNE
33672150156497,DNE,DNE
33672150164996,DNE,DNE
33672153330024,DNE,E
33672153330289,DNE,DNE
33672153330362,DNE,E
33672153330511,DNE,E
33672153330677,DNE,E
33672153330859,DNE,E
33672153330867,DNE,DNE
33672153334406,DNE,E
33672153336237,DNE,E
33672153336492,DNE,E
33672153336666,DNE,DNE
33672153336955,DNE,E
33672156032528,DNE,E
33672156032536,DNE,E
33672156032544,DNE,E
33672156032551,DNE,DNE
33672156032569,DNE,E
33672156032577,DNE,E
33672156032585,DNE,E
33672156032593,DNE,DNE
33672156032601,DNE,E
33672156032619,DNE,E
33672156032627,DNE,E
33672156032635,DNE,E
33672156032643,DNE,DNE
33672156032650,DNE,E
33672156032668,DNE,E
33672156032676,DNE,DNE
33672156032684,DNE,E
33672156032692,DNE,E
33672156032700,DNE,E
33672156032718,DNE,E
33672156032726,DNE,E
33672156032734,DNE,E
33672156032742,DNE,E
33672156032759,DNE,DNE
33672156032767,DNE,E
33672156032775,DNE,E
33672156032783,DNE,E
33672156059125,DNE,E
33672156059133,DNE,E
33672156059141,DNE,E
33672156059158,DNE,E
33672156061790,DNE,E
33672156099188,DNE,E
33672156107957,DNE,E
33672156109011,DNE,E
33672156112668,DNE,E
33672156112676,DNE,E
33672156119788,DNE,DNE
33672156120075,DNE,E
33672159007071,DNE,DNE
33672310000000,DNE,DNE
33672310108472,DNE,DNE
33672310113746,DNE,E
33672310114066,DNE,E
33672310127761,DNE,E
33672310141598,DNE,E
33672310162578,DNE,DNE
33672316032791,DNE,E
33672316109581,DNE,E
33672490000000,DNE,DNE
33672490102715,E,E
33672490102723,E,E
33672490116194,DNE,DNE
33672490121319,E,E
33672490123844,E,E
33672490138925,E,E
33672490140921,E,E
33672490142117,E,E
33672490162610,DNE,DNE
33672493330313,DNE,DNE
33672493331006,E,E
33672493337649,E,E
33672493337656,E,E
33672496032809,DNE,DNE
33672496032817,E,E
33672496059166,E,E
33672496106884,E,E
33672496109490,E,E
33672496114748,DNE,E
33672496115125,E,E
33672560000000,DNE,DNE
33672566032825,DNE,DNE
33672566096994,DNE,DNE
33672566106017,DNE,DNE
33672566107247,DNE,DNE
33672566107254,DNE,DNE
33672640000000,DNE,DNE
33672720000000,DNE,DNE
33672726032858,DNE,DNE
33672726032866,DNE,DNE
33672726032874,DNE,DNE
33672726108039,DNE,DNE
33672726108047,DNE,DNE
33672726109557,DNE,DNE
33672726109565,DNE,DNE
33736760000000,DNE,DNE
33736760100248,E,E
33736760100255,E,E
33736760100263,E,E
33736760112649,E,E
33736760113753,E,E
33736760116673,DNE,DNE
33736760121673,DNE,E
33736760162743,DNE,DNE
33736760162750,DNE,DNE
33736760162768,DNE,DNE
33736760162776,DNE,DNE
33736763330032,E,E
33736763330198,DNE,DNE
33736763330354,E,E
33736763330990,E,E
33736763331048,DNE,DNE
33736766031694,E,E
33736766031702,E,E
33736766031710,E,E
33736766031728,E,E
33736766032254,E,E
33736766032361,E,E
33736766032379,E,E
33736766032833,E,E
33736766032841,E,E
33736766088397,DNE,DNE
33736766108906,E,E
33736766112874,E,E
33736766114789,E,E
33736766117774,E,E
33736769011396,DNE,DNE
33744920000000,DNE,DNE
33744923390028,DNE,DNE
33751760000000,DNE,DNE
33751760107920,E,E
33751760108241,E,E
33751760111229,DNE,DNE
33751760113100,E,E
33751760116343,E,E
33751760116798,DNE,DNE
33751760120204,DNE,E
33751760122960,E,E
33751760124859,DNE,DNE
33751760139790,E,E
33751760149641,DNE,DNE
33751760149658,DNE,DNE
33751760163162,DNE,DNE
33751760163170,DNE,DNE
33751760163188,DNE,DNE
33751760163196,DNE,DNE
33751760163204,DNE,DNE
33751760163212,DNE,DNE
33751760163220,DNE,DNE
33751760163238,DNE,DNE
33751760163246,DNE,DNE
33751763330115,E,E
33751763330487,E,E
33751763330735,DNE,DNE
33751763330750,DNE,DNE
33751763330792,DNE,DNE
33751763332350,E,E
33751766032031,E,E
33751766032056,E,E
33751766032064,E,E
33751766071203,E,E
33751766102735,DNE,DNE
33751766104442,DNE,DNE
33751766105548,E,E
33751766107189,E,E
33751766108278,E,E
33751766109938,E,E
33751766111082,E,E
33751766111090,E,E
33751766112734,E,E
33751766115174,E,E
33751766118442,E,E
33751766120455,E,E
33751766120463,E,E
33751920000000,DNE,DNE
33751920101097,DNE,E
33751920101105,DNE,E
33751920105734,DNE,E
33751920105742,DNE,E
33751920105759,DNE,E
33751920108480,DNE,E
33751920108498,DNE,E
33751920108506,DNE,E
33751920113696,DNE,E
33751920121251,DNE,DNE
33751920123232,DNE,DNE
33751920140947,DNE,E
33751920142018,DNE,E
33751923330370,DNE,E
33751923330495,DNE,E
33751923330636,DNE,E
33751923330719,DNE,DNE
33751923330743,DNE,E
33751923330917,DNE,E
33751926032825,DNE,E
33751926096994,DNE,E
33751926106017,DNE,E
33751926107247,DNE,DNE
33751926107254,DNE,E
33751926108427,DNE,E
33751926109417,DNE,E
33751926110084,DNE,E
33751926112098,DNE,E
33751926112551,DNE,E
33751926112809,DNE,E
33751926113641,DNE,E
33751926114243,DNE,E
33751926115877,DNE,DNE
33751926116438,DNE,E
33751926116446,DNE,E
33751926116453,DNE,E
33751926118822,DNE,E
33752000000000,DNE,DNE
33752000100412,DNE,E
33752000100420,DNE,E
33752000102079,DNE,E
33752000108530,DNE,E
33752000113670,DNE,DNE
33752000114058,DNE,E
33752000117408,DNE,E
33752000118794,DNE,E
33752000139113,DNE,DNE
33752000141275,DNE,E
33752000163253,DNE,DNE
33752000163261,DNE,DNE
33752000163279,DNE,DNE
33752000163287,DNE,DNE
33752000163295,DNE,DNE
33752000163303,DNE,DNE
33752000163311,DNE,DNE
33752000163329,DNE,DNE
33752000163337,DNE,DNE
33752000163345,DNE,DNE
33752000163352,DNE,DNE
33752003330529,DNE,E
33752003330644,DNE,DNE
33752006032346,DNE,E
33752006106868,DNE,E
33752006107841,DNE,E
33752006107858,DNE,E
33752006108153,DNE,E
33752006108849,DNE,E
33752006112429,DNE,E
33752006113625,DNE,E
33752006117659,DNE,E
33752006118558,DNE,E
33752006120554,DNE,E
33752420000000,DNE,DNE
33752420100941,DNE,E
33752420100958,DNE,E
33752420106096,DNE,E
33752420106104,DNE,DNE
33752420109108,DNE,E
33752420109116,DNE,E
33752420109124,DNE,E
33752420109652,DNE,E
33752420112094,DNE,E
33752420112102,DNE,E
33752420116251,DNE,DNE
33752420117424,DNE,E
33752420123190,DNE,E
33752420133306,DNE,E
33752420139634,DNE,DNE
33752420163360,DNE,DNE
33752423330552,DNE,E
33752423330560,DNE,E
33752423330651,DNE,DNE
33752423331063,DNE,DNE
33752426032866,DNE,E
33752426032874,DNE,E
33752426108039,DNE,E
33752426108047,DNE,E
33752426109557,DNE,DNE
33752426109565,DNE,E
33752426110126,DNE,DNE
33752426111033,DNE,E
33752426111447,DNE,E
33752426114458,DNE,E
33752426118848,DNE,DNE
33769430000000,DNE,DNE
33769430132522,DNE,DNE
34103480000000,DNE,DNE
34103480106211,DNE,DNE
34103480106229,E,E
34103480106237,E,E
34103480106245,E,E
34103480106260,DNE,DNE
34103480106278,E,E
34103480106286,DNE,DNE
34103480106294,DNE,E
34103480106302,DNE,DNE
34103480106773,DNE,DNE
34103480117176,DNE,DNE
34103480118745,E,E
34103480124651,DNE,DNE
34103480136275,DNE,E
34103480140160,DNE,E
34103480142091,DNE,DNE
34103483430022,DNE,DNE
34103483430121,DNE,DNE
34103483430253,DNE,DNE
34103483430337,DNE,DNE
34103483430345,DNE,DNE
34103483430410,DNE,DNE
34103483430428,DNE,DNE
34103483430436,DNE,DNE
34103483430774,DNE,DNE
34103483430782,DNE,DNE
34103483430790,DNE,DNE
34103483430808,DNE,DNE
34103483430857,DNE,DNE
34103483431095,DNE,DNE
34103483431798,DNE,DNE
34103483433018,DNE,DNE
34103483434693,DNE,DNE
34103486033633,DNE,DNE
34103486069520,DNE,DNE
34103486092761,DNE,DNE
34103486092779,DNE,DNE
34103486102883,DNE,DNE
34103486102891,DNE,DNE
34103486118327,DNE,DNE
34321773430055,DNE,DNE
34322760000000,DNE,DNE
34322760330027,DNE,DNE
34322763430055,DNE,DNE
34322763430642,DNE,DNE
34322763931250,DNE,DNE
34322763990025,DNE,DNE
34322765637780,DNE,DNE
34672800000000,DNE,DNE
34672806032890,E,E
34672980000000,DNE,DNE
34672986032908,DNE,DNE
34672986032916,DNE,DNE
34672986032924,DNE,DNE
34673060000000,DNE,DNE
34673066119796,DNE,DNE
34673140000000,DNE,DNE
34673140101790,E,E
34673140105908,E,E
34673140105916,E,E
34673140105924,E,E
34673140105932,E,E
34673140108720,E,E
34673140108738,E,E
34673140108746,E,E
34673140108753,E,E
34673140111112,E,E
34673140111732,DNE,E
34673140114702,E,E
34673140116871,E,E
34673140116897,E,E
34673140131516,E,E
34673140135392,E,E
34673140135400,E,E
34673140137281,DNE,E
34673140141143,E,E
34673140153973,DNE,DNE
34673140154229,DNE,DNE
34673140154351,DNE,DNE
34673140154476,DNE,DNE
34673140155358,DNE,DNE
34673140155853,DNE,DNE
34673140156505,DNE,DNE
34673140156513,DNE,DNE
34673140156521,DNE,DNE
34673140156539,DNE,DNE
34673140156547,DNE,DNE
34673140156554,DNE,DNE
34673140156562,DNE,DNE
34673140156570,DNE,DNE
34673140156588,DNE,DNE
34673140156596,DNE,DNE
34673140156604,DNE,DNE
34673143430063,DNE,DNE
34673143430113,DNE,DNE
34673143430170,E,E
34673143430188,DNE,DNE
34673143430311,E,E
34673143430329,E,E
34673143430352,E,E
34673143430477,E,E
34673143430527,DNE,DNE
34673143430535,DNE,DNE
34673143430592,E,E
34673143430618,E,E
34673143430725,DNE,DNE
34673143430733,DNE,DNE
34673143430741,DNE,DNE
34673143430873,E,E
34673143432002,E,E
34673143432572,E,E
34673146032981,E,E
34673146032999,E,E
34673146033005,E,E
34673146033013,E,E
34673146033021,E,E
34673146033039,E,E
34673146033047,E,E
34673146033054,E,E
34673146033062,E,E
34673146033088,E,E
34673146033096,E,E
34673146033104,E,E
34673146033112,E,E
34673146059174,E,E
34673146061808,E,E
34673146077291,E,E
34673146098743,E,E
34673146098750,E,E
34673146101844,E,E
34673146106355,E,E
34673146107700,E,E
34673146107718,E,E
34673146107817,DNE,DNE
34673146107916,E,E
34673146109516,E,E
34673146109821,E,E
34673146110118,E,E
34673146110985,E,E
34673146112031,E,E
34673146112106,E,E
34673146112254,DNE,DNE
34673146113179,E,E
34673146113187,E,E
34673146113831,E,E
34673146116818,E,E
34673146117063,DNE,DNE
34673146117071,DNE,DNE
34673146117089,DNE,DNE
34673146118046,E,E
34673146118053,E,E
34673146120000,E,E
34673146120018,E,E
34673146120026,E,E
34673146120034,E,E
34673149011560,DNE,DNE
34673220000000,DNE,DNE
34673220127860,DNE,DNE
34673226033120,E,E
34673226033138,E,E
34673300000000,DNE,DNE
34673300100404,DNE,E
34673300106757,DNE,DNE
34673300111278,DNE,E
34673300113571,DNE,E
34673300113621,DNE,E
34673300122978,DNE,DNE
34673300129676,DNE,E
34673300140608,DNE,E
34673300140699,DNE,E
34673300142208,DNE,DNE
34673300142315,DNE,DNE
34673300156612,DNE,DNE
34673300156620,DNE,DNE
34673300156638,DNE,DNE
34673300156646,DNE,DNE
34673300156653,DNE,DNE
34673300156661,DNE,DNE
34673300156679,DNE,DNE
34673300156687,DNE,DNE
34673303430246,DNE,DNE
34673303430485,DNE,DNE
34673303430501,DNE,E
34673303430667,DNE,E
34673303430683,DNE,DNE
34673303430709,DNE,E
34673303431533,DNE,E
34673303433034,DNE,DNE
34673303433091,DNE,DNE
34673303433158,DNE,DNE
34673303433216,DNE,E
34673303434792,DNE,E
34673306033146,DNE,E
34673306033153,DNE,E
34673306033161,DNE,DNE
34673306033179,DNE,E
34673306033187,DNE,E
34673306033195,DNE,DNE
34673306033203,DNE,E
34673306033211,DNE,E
34673306033229,DNE,E
34673306033237,DNE,DNE
34673306033245,DNE,DNE
34673306033252,DNE,E
34673306033260,DNE,DNE
34673306033278,DNE,E
34673306033286,DNE,E
34673306059182,DNE,E
34673306059190,DNE,E
34673306059208,DNE,E
34673306069728,DNE,DNE
34673306102693,DNE,DNE
34673306106892,DNE,E
34673306107965,DNE,E
34673306108757,DNE,DNE
34673306109755,DNE,E
34673306112916,DNE,E
34673306115638,DNE,E
34673306118012,DNE,E
34673306118574,DNE,E
34673480000000,DNE,DNE
34673480100040,DNE,E
34673480107946,DNE,E
34673480119420,DNE,E
34673480141325,DNE,E
34673480156695,DNE,DNE
34673486033294,DNE,DNE
34673486033302,DNE,DNE
34673486033310,DNE,E
34673486110654,DNE,E
34673486114185,DNE,E
34673550000000,DNE,DNE
34673550100149,DNE,DNE
34673550119131,E,E
34673553430568,DNE,DNE
34673553432903,E,E
34673553433471,E,E
34673630000000,DNE,DNE
34673630101824,DNE,DNE
34673633430840,DNE,DNE
34673633433737,DNE,DNE
34673633436193,DNE,DNE
34673633439346,DNE,DNE
34673636033401,DNE,DNE
34673636059216,DNE,DNE
34673636059224,DNE,DNE
34673636059240,DNE,DNE
34673636061816,DNE,DNE
34673636061824,DNE,DNE
34673636096622,DNE,DNE
34673636102677,DNE,DNE
34673713457231,DNE,DNE
34673890000000,DNE,DNE
34673896033328,DNE,DNE
34673896100432,DNE,DNE
34673896104731,DNE,DNE
34673896107981,DNE,DNE
34673970000000,DNE,DNE
34673976033344,DNE,DNE
34673976033369,DNE,DNE
34673976033377,DNE,DNE
34673976033401,DNE,DNE
34673976118426,DNE,DNE
34674050000000,DNE,DNE
34674056033567,DNE,DNE
34674056033625,DNE,DNE
34674056116867,DNE,DNE
34674130000000,DNE,DNE
34674130107383,E,E
34674130112078,E,E
34674130114660,E,E
34674130117432,DNE,DNE
34674130156737,DNE,DNE
34674133430469,E,E
34674133430550,E,E
34674133430576,DNE,DNE
34674133437076,DNE,DNE
34674134835302,E,E
34674135731708,E,E
34674136033641,E,E
34674136033658,DNE,DNE
34674136033666,E,E
34674136033674,DNE,DNE
34674136033682,DNE,DNE
34674136033690,E,E
34674136033708,E,E
34674136033716,E,E
34674210000000,DNE,DNE
34674210132019,E,E
34674210132639,DNE,DNE
34674210137950,E,E
34674210140178,DNE,DNE
34674216033724,DNE,DNE
34674216033732,DNE,DNE
34674216033740,DNE,DNE
34674216033757,DNE,DNE
34674216069744,DNE,DNE
34674216112296,DNE,DNE
34674390000000,DNE,DNE
34674390101048,DNE,E
34674390101295,DNE,DNE
34674390101451,DNE,DNE
34674390101550,DNE,DNE
34674390101881,DNE,E
34674390101899,DNE,E
34674390101907,DNE,E
34674390101915,DNE,DNE
34674390101972,DNE,E
34674390102038,DNE,E
34674390102343,DNE,E
34674390106898,DNE,E
34674390107599,DNE,DNE
34674390108951,DNE,E
34674390111757,DNE,E
34674390113209,DNE,E
34674390114546,DNE,E
34674390115022,DNE,DNE
34674390121665,DNE,E
34674390123901,DNE,E
34674390125591,DNE,DNE
34674390131136,DNE,E
34674390133777,DNE,E
34674390135343,DNE,E
34674390137406,DNE,E
34674390137844,DNE,DNE
34674390156745,DNE,DNE
34674390156752,DNE,DNE
34674390156760,DNE,DNE
34674390156778,DNE,DNE
34674390156786,DNE,DNE
34674390156794,DNE,DNE
34674390156802,DNE,DNE
34674390156810,DNE,DNE
34674390156828,DNE,DNE
34674390156836,DNE,DNE
34674390156844,DNE,DNE
34674390156851,DNE,DNE
34674390156869,DNE,DNE
34674390156877,DNE,DNE
34674390156885,DNE,DNE
34674390156893,DNE,DNE
34674390156901,DNE,DNE
34674390156919,DNE,DNE
34674390156927,DNE,DNE
34674390156935,DNE,DNE
34674390156943,DNE,DNE
34674390156950,DNE,DNE
34674390156968,DNE,DNE
34674390156976,DNE,DNE
34674390156984,DNE,DNE
34674390156992,DNE,DNE
34674390157008,DNE,DNE
34674390157016,DNE,DNE
34674390157024,DNE,DNE
34674390157032,DNE,DNE
34674393430030,DNE,DNE
34674393430071,DNE,DNE
34674393430089,DNE,DNE
34674393430147,DNE,DNE
34674393430154,DNE,E
34674393430519,DNE,E
34674393430543,DNE,DNE
34674393430832,DNE,DNE
34674393430865,DNE,E
34674393430972,DNE,DNE
34674393431012,DNE,E
34674393433323,DNE,DNE
34674393434602,DNE,DNE
34674393434610,DNE,DNE
34674393434636,DNE,E
34674393434768,DNE,E
34674393434826,DNE,DNE
34674393435419,DNE,E
34674393437555,DNE,DNE
34674396033765,DNE,E
34674396033773,DNE,DNE
34674396033781,DNE,DNE
34674396033799,DNE,E
34674396033807,DNE,E
34674396033815,DNE,E
34674396033823,DNE,E
34674396033831,DNE,E
34674396033849,DNE,DNE
34674396033856,DNE,DNE
34674396033864,DNE,DNE
34674396033872,DNE,DNE
34674396033880,DNE,E
34674396033898,DNE,DNE
34674396033906,DNE,E
34674396033914,DNE,E
34674396033922,DNE,DNE
34674396033930,DNE,E
34674396033948,DNE,E
34674396033955,DNE,E
34674396033963,DNE,DNE
34674396033971,DNE,DNE
34674396033989,DNE,DNE
34674396033997,DNE,E
34674396034003,DNE,E
34674396034011,DNE,E
34674396034029,DNE,E
34674396034037,DNE,E
34674396034045,DNE,E
34674396034052,DNE,E
34674396034060,DNE,E
34674396034078,DNE,E
34674396034086,DNE,DNE
34674396034094,DNE,DNE
34674396034102,DNE,DNE
34674396034110,DNE,DNE
34674396034128,DNE,DNE
34674396034136,DNE,E
34674396034144,DNE,DNE
34674396034151,DNE,DNE
34674396034169,DNE,E
34674396034177,DNE,E
34674396034185,DNE,E
34674396034193,DNE,E
34674396034201,DNE,E
34674396034219,DNE,E
34674396034227,DNE,E
34674396034235,DNE,E
34674396034243,DNE,E
34674396034250,DNE,E
34674396034268,DNE,DNE
34674396034276,DNE,E
34674396034284,DNE,E
34674396034292,DNE,E
34674396034300,DNE,DNE
34674396034318,DNE,DNE
34674396034326,DNE,E
34674396034334,DNE,E
34674396059273,DNE,E
34674396059281,DNE,E
34674396059299,DNE,E
34674396059307,DNE,E
34674396059315,DNE,E
34674396059323,DNE,E
34674396059331,DNE,DNE
34674396059349,DNE,DNE
34674396059356,DNE,E
34674396059364,DNE,E
34674396061832,DNE,E
34674396066690,DNE,E
34674396071336,DNE,E
34674396085104,DNE,DNE
34674396096150,DNE,E
34674396096168,DNE,E
34674396096630,DNE,DNE
34674396096648,DNE,DNE
34674396096655,DNE,DNE
34674396097083,DNE,E
34674396099808,DNE,E
34674396102107,DNE,DNE
34674396103790,DNE,DNE
34674396107239,DNE,E
34674396107726,DNE,DNE
34674396110662,DNE,E
34674396111389,DNE,E
34674396117097,DNE,E
34674396119440,DNE,E
34674470000000,DNE,DNE
34674470105775,DNE,DNE
34674470112169,DNE,E
34674470114983,DNE,E
34674470120469,DNE,E
34674470121467,DNE,E
34674470127449,DNE,DNE
34674470128124,DNE,E
34674470132399,DNE,E
34674470133975,DNE,DNE
34674470135772,DNE,E
34674470140830,DNE,E
34674470157040,DNE,DNE
34674470157057,DNE,DNE
34674470157065,DNE,DNE
34674470157073,DNE,DNE
34674470157081,DNE,DNE
34674470157099,DNE,DNE
34674470157107,DNE,DNE
34674470157115,DNE,DNE
34674470157123,DNE,DNE
34674470157131,DNE,DNE
34674470157149,DNE,DNE
34674470157156,DNE,DNE
34674470159970,DNE,DNE
34674470159988,DNE,DNE
34674470161240,DNE,DNE
34674473430048,DNE,E
34674473430097,DNE,E
34674473430105,DNE,DNE
34674473430139,DNE,DNE
34674473430204,DNE,DNE
34674473430212,DNE,DNE
34674473430220,DNE,DNE
34674473430238,DNE,DNE
34674473430279,DNE,DNE
34674473430287,DNE,DNE
34674473430295,DNE,DNE
34674473430303,DNE,DNE
34674473430386,DNE,E
34674473430394,DNE,E
34674473430402,DNE,DNE
34674473430493,DNE,E
34674473430600,DNE,DNE
34674473430691,DNE,E
34674473430717,DNE,E
34674473430758,DNE,E
34674473430766,DNE,DNE
34674473431111,DNE,E
34674473432051,DNE,E
34674473432317,DNE,E
34674473432358,DNE,DNE
34674473432838,DNE,E
34674473434891,DNE,DNE
34674473434958,DNE,DNE
34674473435351,DNE,DNE
34674473435930,DNE,E
34674473436714,DNE,E
34674473437290,DNE,DNE
34674473438504,DNE,E
34674476034342,DNE,E
34674476034359,DNE,E
34674476034367,DNE,E
34674476034375,DNE,E
34674476034383,DNE,E
34674476034391,DNE,E
34674476034409,DNE,E
34674476034417,DNE,DNE
34674476034425,DNE,E
34674476034433,DNE,E
34674476034441,DNE,E
34674476034458,DNE,E
34674476034466,DNE,E
34674476034474,DNE,DNE
34674476034482,DNE,E
34674476034490,DNE,E
34674476034508,DNE,E
34674476034516,DNE,E
34674476034524,DNE,E
34674476034532,DNE,DNE
34674476034540,DNE,E
34674476034557,DNE,DNE
34674476034565,DNE,DNE
34674476034573,DNE,E
34674476034581,DNE,E
34674476034599,DNE,E
34674476034607,DNE,DNE
34674476034615,DNE,DNE
34674476034623,DNE,E
34674476034631,DNE,E
34674476034649,DNE,DNE
34674476034656,DNE,E
34674476034664,DNE,E
34674476034672,DNE,E
34674476034680,DNE,E
34674476034698,DNE,DNE
34674476034706,DNE,E
34674476034714,DNE,E
34674476034722,DNE,DNE
34674476034730,DNE,E
34674476034748,DNE,DNE
34674476034755,DNE,E
34674476034763,DNE,DNE
34674476034771,DNE,E
34674476034789,DNE,DNE
34674476034797,DNE,E
34674476034805,DNE,DNE
34674476034813,DNE,E
34674476034821,DNE,E
34674476034839,DNE,E
34674476034847,DNE,E
34674476034854,DNE,DNE
34674476034862,DNE,DNE
34674476034870,DNE,E
34674476034888,DNE,DNE
34674476034896,DNE,E
34674476034904,DNE,E
34674476034912,DNE,E
34674476034920,DNE,E
34674476034938,DNE,E
34674476034946,DNE,E
34674476034953,DNE,E
34674476034961,DNE,E
34674476034979,DNE,DNE
34674476034987,DNE,DNE
34674476034995,DNE,DNE
34674476068670,DNE,E
34674476069751,DNE,DNE
34674476095178,DNE,DNE
34674476097810,DNE,E
34674476103816,DNE,E
34674476104244,DNE,DNE
34674476105910,DNE,DNE
34674476105928,DNE,E
34674476108476,DNE,DNE
34674476110506,DNE,DNE
34674476111363,DNE,E
34674476118210,DNE,DNE
34674476915698,DNE,DNE
34739730000000,DNE,DNE
34739730106377,DNE,DNE
34739730108621,DNE,E
34739730130567,DNE,DNE
34739730142042,DNE,E
34739733430378,DNE,E
34739733430451,DNE,E
34739733430816,DNE,DNE
34739736032908,DNE,E
34739736032916,DNE,DNE
34739736032924,DNE,E
34739736104517,DNE,DNE
34739736107734,DNE,E
34739736108948,DNE,E
34739736120414,DNE,DNE
34745000000000,DNE,DNE
34745003490018,DNE,DNE
34748230000000,DNE,DNE
34748233435351,DNE,DNE
34752830000000,DNE,DNE
34752830102236,DNE,E
34752830102277,DNE,E
34752830102319,DNE,DNE
34752830108860,E,E
34752830111138,DNE,E
34752830112425,DNE,E
34752830116806,DNE,E
34752830117697,DNE,DNE
34752830119198,DNE,DNE
34752830120113,DNE,E
34752830124594,DNE,DNE
34752830126060,DNE,E
34752830129767,DNE,DNE
34752830134049,DNE,E
34752830135194,DNE,E
34752830140624,DNE,E
34752830141895,DNE,E
34752830163394,DNE,DNE
34752830163402,DNE,DNE
34752830163410,DNE,DNE
34752830163428,DNE,DNE
34752830163436,DNE,DNE
34752830163444,DNE,DNE
34752833430584,DNE,E
34752833430626,DNE,E
34752833430659,E,E
34752836033328,DNE,DNE
34752836100432,DNE,E
34752836104731,DNE,E
34752836107981,DNE,E
34752836112239,DNE,DNE
34752836117527,DNE,E
34752836117535,DNE,E
34752836118624,DNE,E
34765050000000,DNE,DNE
34765050100487,E,E
34765050101766,DNE,E
34765050101832,DNE,E
34765050106450,E,E
34765050108183,DNE,DNE
34765050108415,E,E
34765050108795,E,E
34765050108837,DNE,E
34765050113878,DNE,E
34765050113886,DNE,DNE
34765050114272,DNE,E
34765050114280,DNE,DNE
34765050114785,DNE,DNE
34765050125203,DNE,DNE
34765050130757,DNE,E
34765050139584,DNE,E
34765050142380,DNE,DNE
34765050163865,DNE,DNE
34765050163873,DNE,DNE
34765050163881,DNE,DNE
34765050163899,DNE,DNE
34765050163907,DNE,DNE
34765050163915,DNE,DNE
34765050163923,DNE,DNE
34765050163931,DNE,DNE
34765050163949,DNE,DNE
34765050163956,DNE,DNE
34765050163964,DNE,DNE
34765050163972,DNE,DNE
34765050163980,DNE,DNE
34765050163998,DNE,DNE
34765050164004,DNE,DNE
34765050164012,DNE,DNE
34765050164020,DNE,DNE
34765050164038,DNE,DNE
34765050164046,DNE,DNE
34765053430196,DNE,DNE
34765053430261,E,E
34765053430444,DNE,DNE
34765053430634,E,E
34765053430881,E,E
34765053433265,E,E
34765053433794,E,E
34765053434370,E,E
34765053436979,E,E
34765056032932,E,E
34765056032940,E,E
34765056032957,E,E
34765056032965,DNE,DNE
34765056032973,DNE,DNE
34765056033336,E,E
34765056033351,E,E
34765056033385,E,E
34765056033393,DNE,DNE
34765056033419,E,E
34765056033427,E,E
34765056033435,E,E
34765056033443,E,E
34765056033450,E,E
34765056033468,DNE,DNE
34765056033476,E,E
34765056033484,E,E
34765056033492,E,E
34765056033500,E,E
34765056033518,E,E
34765056033526,E,E
34765056033534,DNE,DNE
34765056033542,E,E
34765056033559,E,E
34765056033575,E,E
34765056033583,E,E
34765056033591,DNE,DNE
34765056033609,E,E
34765056033617,E,E
34765056033633,E,E
34765056059232,E,E
34765056059257,E,E
34765056059265,E,E
34765056066682,E,E
34765056069736,E,E
34765056102784,E,E
34765056105985,E,E
34765056112064,E,E
34765056112643,E,E
34765056119358,DNE,DNE
34765056120729,DNE,DNE
34769350000000,DNE,DNE
34769350132480,DNE,DNE
35103550000000,DNE,DNE
35103550128975,DNE,DNE
35103550132308,DNE,E
35103550142489,DNE,DNE
35103553530011,DNE,DNE
35103553530037,DNE,E
35103553530045,DNE,E
35103553590015,DNE,DNE
35103556066237,DNE,DNE
35103556077242,DNE,DNE
35103556095186,DNE,DNE
35103556095194,DNE,DNE
35674540000000,DNE,DNE
35674546035000,DNE,E
35674620000000,DNE,DNE
35674626035018,DNE,E
35674700000000,DNE,DNE
35674700115428,DNE,E
35674700121400,DNE,E
35674700127688,DNE,E
35674700140657,DNE,E
35674706035026,DNE,E
35674706035034,DNE,E
35674706035042,DNE,E
35674706071088,DNE,E
35674706095947,DNE,DNE
35674706104509,DNE,E
35674706107338,DNE,E
35674706112320,DNE,E
35674706114557,DNE,DNE
35674880000000,DNE,DNE
35674886035059,DNE,E
35674960000000,DNE,DNE
35674966035067,DNE,DNE
35675040000000,DNE,DNE
35675046035075,DNE,DNE
35675046035083,DNE,DNE
35675046095202,DNE,E
35675120000000,DNE,DNE
35675126035091,DNE,DNE
35675200000000,DNE,DNE
35675206035109,DNE,E
35675380000000,DNE,DNE
35675383530029,DNE,E
35675383536505,DNE,DNE
35675383537008,DNE,E
35675460000000,DNE,DNE
35675466035117,DNE,DNE
35675466035125,DNE,DNE
35675530000000,DNE,DNE
35675536035133,DNE,E
35675610000000,DNE,DNE
35675616035141,DNE,DNE
35675790000000,DNE,DNE
35675796035158,DNE,E
35752590000000,DNE,DNE
35752590163378,DNE,DNE
35752590163386,DNE,DNE
35752593530052,DNE,DNE
35752593530060,DNE,E
35752596035117,DNE,E
35752596049654,DNE,E
36103630000000,DNE,DNE
36103630107466,DNE,E
36103630115808,DNE,E
36103630123364,DNE,DNE
36103630123372,DNE,DNE
36103630139147,DNE,E
36103630140012,DNE,E
36103630142547,DNE,DNE
36103630144899,DNE,DNE
36103630144907,DNE,DNE
36103630144915,DNE,DNE
36103630144923,DNE,DNE
36103630144931,DNE,DNE
36103630144949,DNE,DNE
36103630144956,DNE,DNE
36103630144964,DNE,DNE
36103630144972,DNE,DNE
36103630144980,DNE,DNE
36103630144998,DNE,DNE
36103630145003,DNE,DNE
36103630145011,DNE,DNE
36103630145029,DNE,DNE
36103630145037,DNE,DNE
36103630145045,DNE,DNE
36103630145052,DNE,DNE
36103630145060,DNE,DNE
36103630145078,DNE,DNE
36103630145086,DNE,DNE
36103630145094,DNE,DNE
36103630145102,DNE,DNE
36103630145110,DNE,DNE
36103630145128,DNE,DNE
36103630145136,DNE,DNE
36103630145144,DNE,DNE
36103630145151,DNE,DNE
36103630145169,DNE,DNE
36103630145177,DNE,DNE
36103630145185,DNE,DNE
36103630145193,DNE,DNE
36103630145201,DNE,DNE
36103630145219,DNE,DNE
36103630145227,DNE,DNE
36103630145235,DNE,DNE
36103630145243,DNE,DNE
36103630145250,DNE,DNE
36103633630027,DNE,DNE
36103633630381,DNE,DNE
36103633630431,DNE,E
36103633630449,DNE,DNE
36103633630761,DNE,E
36103633630969,DNE,DNE
36103633630977,DNE,DNE
36103633630985,DNE,DNE
36103633631074,DNE,DNE
36103633631165,DNE,DNE
36103633640901,DNE,DNE
36103636037451,DNE,DNE
36103636037469,DNE,DNE
36103636037477,DNE,DNE
36103636037485,DNE,DNE
36103636037493,DNE,DNE
36103636037501,DNE,DNE
36103636069348,DNE,E
36103636089635,DNE,DNE
36103636092787,DNE,DNE
36103636093603,DNE,DNE
36103636094999,DNE,DNE
36103636095004,DNE,DNE
36103636097620,DNE,DNE
36103636097638,DNE,DNE
36103636098099,DNE,DNE
36103636098107,DNE,DNE
36103636098115,DNE,DNE
36103636098131,DNE,DNE
36103636098149,DNE,DNE
36103636100002,DNE,DNE
36103636100010,DNE,DNE
36103636102974,DNE,DNE
36103636104012,DNE,DNE
36103636111918,DNE,E
36320603638459,DNE,DNE
36321363690039,DNE,DNE
36322193630134,DNE,DNE
36322763638459,DNE,DNE
36675870000000,DNE,DNE
36675870107425,DNE,E
36675870107433,DNE,E
36675870107441,DNE,E
36675870109470,DNE,E
36675870112086,DNE,E
36675870120501,DNE,DNE
36675870120592,DNE,DNE
36675870125880,DNE,E
36675870125898,DNE,E
36675870128462,DNE,E
36675870131441,DNE,E
36675870138529,DNE,E
36675876035174,DNE,E
36675876035182,DNE,DNE
36675876035190,DNE,DNE
36675876035208,DNE,DNE
36675876106694,DNE,E
36675876109409,DNE,E
36675876115117,DNE,E
36675876116370,DNE,E
36675876120604,DNE,E
36675950000000,DNE,DNE
36675956035216,E,E
36675956035224,E,E
36675956035232,E,E
36675956094940,E,E
36675956098503,E,E
36675956101786,E,E
36675956104475,E,E
36675956107510,E,E
36675956108930,E,E
36675956114649,E,E
36676030000000,DNE,DNE
36676036035240,DNE,DNE
36676036035257,DNE,DNE
36676036035265,DNE,DNE
36676036104400,DNE,DNE
36676110000000,DNE,DNE
36676110107474,E,E
36676110112672,E,E
36676110124628,E,E
36676110129452,E,E
36676110138834,E,E
36676113630415,DNE,DNE
36676113630688,DNE,DNE
36676113630712,E,E
36676113630803,E,E
36676116035281,DNE,DNE
36676116035299,E,E
36676116035307,E,E
36676116035323,DNE,DNE
36676116035331,DNE,DNE
36676116035349,E,E
36676116035356,DNE,DNE
36676116035364,DNE,DNE
36676116035372,E,E
36676116035380,E,E
36676116035414,E,E
36676116035422,DNE,DNE
36676116035430,DNE,DNE
36676116035448,DNE,DNE
36676116072003,DNE,DNE
36676116097828,DNE,DNE
36676116098537,E,E
36676370000000,DNE,DNE
36676373630290,DNE,E
36676373630654,DNE,DNE
36676373631066,DNE,E
36676373631173,DNE,DNE
36676376035463,DNE,E
36676376035471,DNE,E
36676376067052,DNE,E
36676376100911,DNE,DNE
36676376105936,DNE,DNE
36676376111611,DNE,DNE
36676376112866,DNE,E
36676450000000,DNE,DNE
36676456035489,E,E
36676456035497,E,E
36676456035505,E,E
36676456099204,E,E
36676456104525,E,E
36676456106603,E,E
36676456110704,E,E
36676520000000,DNE,DNE
36676520126243,E,E
36676523630167,DNE,DNE
36676523630175,DNE,DNE
36676523630225,E,E
36676523630373,E,E
36676523630571,E,E
36676523630845,E,E
36676523630860,DNE,DNE
36676523631058,E,E
36676523631157,E,E
36676523632205,E,E
36676523633906,E,E
36676523634482,E,E
36676523637584,DNE,DNE
36676523637659,E,E
36676523638624,DNE,DNE
36676780000000,DNE,DNE
36676780100578,DNE,E
36676780100586,DNE,E
36676780100594,DNE,E
36676780110726,DNE,E
36676780120329,DNE,E
36676780121590,DNE,DNE
36676780123562,DNE,DNE
36676780137547,DNE,E
36676780142273,DNE,DNE
36676780157164,DNE,DNE
36676783630035,DNE,E
36676783630506,DNE,DNE
36676783630522,DNE,E
36676783631017,DNE,E
36676783631181,DNE,E
36676783631587,DNE,E
36676783631769,DNE,E
36676783632353,DNE,DNE
36676783632403,DNE,DNE
36676783632502,DNE,E
36676786035513,DNE,E
36676786035521,DNE,DNE
36676786035539,DNE,DNE
36676786035547,DNE,DNE
36676786035554,DNE,E
36676786035562,DNE,DNE
36676786035570,DNE,E
36676786035588,DNE,E
36676786059372,DNE,E
36676786061840,DNE,E
36676786098347,DNE,E
36676786098354,DNE,E
36676786098362,DNE,E
36676786101513,DNE,E
36676786102974,DNE,E
36676786105712,DNE,E
36676786106611,DNE,E
36676786106629,DNE,E
36676786107270,DNE,E
36676786107288,DNE,E
36676786108195,DNE,E
36676786108666,DNE,E
36676786109813,DNE,E
36676786111215,DNE,E
36676786111710,DNE,E
36676786112833,DNE,E
36676860000000,DNE,DNE
36676860100271,DNE,DNE
36676860125500,DNE,DNE
36676860133256,DNE,DNE
36676860134494,DNE,DNE
36676860157172,DNE,DNE
36676860157180,DNE,DNE
36676860157198,DNE,DNE
36676860157206,DNE,DNE
36676860157214,DNE,DNE
36676860157222,DNE,DNE
36676860157230,DNE,DNE
36676860157248,DNE,DNE
36676863630084,DNE,DNE
36676863630340,DNE,DNE
36676863630399,DNE,DNE
36676863631322,DNE,DNE
36676863632742,DNE,DNE
36676863636131,DNE,DNE
36676866035596,DNE,DNE
36676866035604,DNE,DNE
36676866035612,DNE,DNE
36676866035620,DNE,DNE
36676866035638,DNE,DNE
36676866035646,DNE,DNE
36676866035653,DNE,DNE
36676866035661,DNE,DNE
36676866035679,DNE,DNE
36676866035687,DNE,DNE
36676866035695,DNE,DNE
36676866035703,DNE,DNE
36676866035711,DNE,DNE
36676866035729,DNE,DNE
36676866035737,DNE,DNE
36676866035745,DNE,DNE
36676866059380,DNE,DNE
36676866061857,DNE,DNE
36676866101034,DNE,DNE
36676866107452,DNE,DNE
36676866108831,DNE,DNE
36676866110142,DNE,DNE
36676866111108,DNE,DNE
36676866113633,DNE,DNE
36676866120422,DNE,DNE
36676866121040,DNE,DNE
36676869011867,DNE,DNE
36676940000000,DNE,DNE
36676940164681,DNE,DNE
36676946035752,E,E
36676946035760,E,E
36676946035927,DNE,DNE
36676946093603,DNE,DNE
36676946097646,E,E
36676946109185,E,E
36677020000000,DNE,DNE
36677020102939,DNE,E
36677020102947,DNE,E
36677020113688,DNE,E
36677020117382,DNE,E
36677020135293,DNE,E
36677026035778,DNE,E
36677026035786,DNE,E
36677026106595,DNE,E
36677026107569,DNE,E
36677026108005,DNE,E
36677026112114,DNE,E
36677026112122,DNE,E
36677026112130,DNE,E
36677026116263,DNE,E
36677026117519,DNE,E
36677026118467,DNE,E
36677026119622,DNE,E
36677026119630,DNE,E
36677100000000,DNE,DNE
36677100100347,DNE,E
36677100102509,DNE,E
36677100102517,DNE,E
36677100107656,DNE,DNE
36677100108191,DNE,E
36677100113423,DNE,E
36677100113944,DNE,E
36677100116988,DNE,DNE
36677100118786,DNE,DNE
36677100120758,DNE,E
36677100133371,DNE,E
36677100141176,DNE,DNE
36677100141952,DNE,E
36677100157255,DNE,DNE
36677100157263,DNE,DNE
36677100157271,DNE,DNE
36677100157289,DNE,DNE
36677100157297,DNE,DNE
36677100157305,DNE,DNE
36677100157313,DNE,DNE
36677100157321,DNE,DNE
36677100157339,DNE,DNE
36677100157347,DNE,DNE
36677100157354,DNE,DNE
36677100157362,DNE,DNE
36677100157370,DNE,DNE
36677100157388,DNE,DNE
36677100157396,DNE,DNE
36677100157404,DNE,DNE
36677100157412,DNE,DNE
36677100157420,DNE,DNE
36677100157438,DNE,DNE
36677100157446,DNE,DNE
36677100157453,DNE,DNE
36677100157461,DNE,DNE
36677103630019,DNE,E
36677103630324,DNE,DNE
36677103630332,DNE,DNE
36677103630357,DNE,DNE
36677103630480,DNE,E
36677103630555,DNE,E
36677103630878,DNE,DNE
36677103630902,DNE,E
36677103633203,DNE,DNE
36677103633302,DNE,E
36677106035794,DNE,E
36677106035802,DNE,DNE
36677106035810,DNE,E
36677106035828,DNE,E
36677106035836,DNE,E
36677106035844,DNE,E
36677106035851,DNE,E
36677106035869,DNE,E
36677106035877,DNE,E
36677106035885,DNE,E
36677106035893,DNE,E
36677106035901,DNE,E
36677106035919,DNE,E
36677106059398,DNE,E
36677106059406,DNE,E
36677106061865,DNE,E
36677106068761,DNE,E
36677106069769,DNE,DNE
36677106096275,DNE,DNE
36677106101174,DNE,DNE
36677106102933,DNE,E
36677106106470,DNE,E
36677106106504,DNE,E
36677106106702,DNE,E
36677106108054,DNE,E
36677106108062,DNE,E
36677106108070,DNE,E
36677106110670,DNE,E
36677106110688,DNE,E
36677106111173,DNE,E
36677106113351,DNE,E
36677106114052,DNE,E
36677106115984,DNE,E
36677106119986,DNE,E
36677106120042,DNE,E
36677280000000,DNE,DNE
36677360000000,DNE,DNE
36677360116723,DNE,E
36677360128439,DNE,E
36677360130948,DNE,E
36677360131151,DNE,DNE
36677360136069,E,E
36677360136937,E,E
36677360139576,E,E
36677366035935,DNE,E
36677366107072,DNE,E
36677440000000,DNE,DNE
36677446035943,DNE,DNE
36677446035950,DNE,DNE
36677446035968,DNE,DNE
36677446089643,DNE,DNE
36677446100028,DNE,DNE
36677446100937,DNE,DNE
36677446103337,DNE,DNE
36677446105498,DNE,DNE
36677446106454,DNE,DNE
36677510000000,DNE,DNE
36677690000000,DNE,DNE
36677696035976,DNE,DNE
36677696105720,DNE,DNE
36677696106330,DNE,DNE
36677770000000,DNE,DNE
36677770116426,DNE,DNE
36677770124214,DNE,DNE
36677773630050,DNE,DNE
36677773630068,DNE,DNE
36677773630191,DNE,DNE
36677773630209,DNE,DNE
36677773630217,DNE,E
36677773636743,DNE,E
36677773638616,DNE,E
36677776035984,DNE,E
36677776035992,DNE,E
36677776036008,DNE,E
36677776036016,DNE,E
36677776036024,DNE,E
36677776036032,DNE,E
36677776036040,DNE,E
36677776093611,DNE,DNE
36677776105589,DNE,E
36677776106579,DNE,E
36677776106827,DNE,E
36677776109615,DNE,E
36677776109623,DNE,E
36677776113070,DNE,E
36677850000000,DNE,DNE
36677850141184,E,E
36677856036057,E,E
36677856102909,E,E
36677856105449,E,E
36677856110050,E,E
36677930000000,DNE,DNE
36677936036065,DNE,DNE
36678010000000,DNE,DNE
36678010131888,DNE,E
36678010132720,DNE,E
36678010141705,DNE,E
36678010142133,DNE,DNE
36678013630266,DNE,E
36678013630514,DNE,DNE
36678013631140,DNE,DNE
36678013634169,DNE,E
36678016036073,DNE,DNE
36678016036081,DNE,DNE
36678016036099,DNE,DNE
36678016036107,DNE,DNE
36678016036115,DNE,E
36678016095954,DNE,DNE
36678016095962,DNE,DNE
36678016100929,DNE,E
36678016101885,DNE,DNE
36678190000000,DNE,DNE
36678190100107,E,E
36678190100115,E,E
36678190116269,DNE,DNE
36678190118448,DNE,DNE
36678190137760,E,E
36678190141416,E,E
36678190157479,DNE,DNE
36678190157487,DNE,DNE
36678190157495,DNE,DNE
36678190157503,DNE,DNE
36678190157511,DNE,DNE
36678190157529,DNE,DNE
36678190157537,DNE,DNE
36678190157545,DNE,DNE
36678190157552,DNE,DNE
36678190157560,DNE,DNE
36678190157578,DNE,DNE
36678190157586,DNE,DNE
36678190157594,DNE,DNE
36678196036123,E,E
36678196036131,E,E
36678196036149,E,E
36678196036156,E,E
36678196036164,E,E
36678196036172,E,E
36678196036180,DNE,DNE
36678196036198,E,E
36678196036206,E,E
36678196036214,E,E
36678196036222,E,E
36678196036230,E,E
36678196036248,E,E
36678196036255,E,E
36678196036263,E,E
36678196036271,E,E
36678196036289,E,E
36678196036297,E,E
36678196036305,E,E
36678196036313,DNE,DNE
36678196036321,DNE,DNE
36678196036339,DNE,DNE
36678196036347,E,E
36678196036354,E,E
36678196036362,E,E
36678196036370,E,E
36678196036388,E,E
36678196036396,DNE,DNE
36678196036404,E,E
36678196036412,E,E
36678196036420,E,E
36678196036438,E,E
36678196036446,E,E
36678196089601,DNE,DNE
36678196096283,DNE,DNE
36678196113476,E,E
36678196120133,DNE,DNE
36678270000000,DNE,DNE
36678270108845,DNE,DNE
36678270111807,DNE,DNE
36678270113928,E,E
36678270122812,DNE,DNE
36678270137174,E,E
36678270137182,E,E
36678270137190,E,E
36678270137208,E,E
36678270137216,E,E
36678270137224,E,E
36678270137232,E,E
36678273631041,DNE,DNE
36678276036453,E,E
36678350000000,DNE,DNE
36678356036461,DNE,DNE
36678430000000,DNE,DNE
36678430102558,DNE,E
36678430107888,DNE,E
36678430110569,DNE,E
36678430118802,DNE,E
36678430123851,DNE,E
36678430127837,DNE,E
36678433630779,DNE,E
36678433630928,DNE,E
36678433634946,DNE,DNE
36678433634995,DNE,E
36678433635042,DNE,E
36678436036479,DNE,E
36678436036487,DNE,E
36678436036495,DNE,DNE
36678436036503,DNE,E
36678436036511,DNE,E
36678436036529,DNE,DNE
36678436036537,DNE,E
36678436036545,DNE,E
36678436036552,DNE,E
36678436036560,DNE,E
36678436036578,DNE,DNE
36678436036586,DNE,E
36678436036594,DNE,E
36678436059414,DNE,E
36678436059422,DNE,E
36678436061881,DNE,E
36678436067060,DNE,E
36678436069777,DNE,DNE
36678436105704,DNE,DNE
36678436108179,DNE,E
36678436111132,DNE,E
36678500000000,DNE,DNE
36678500102095,DNE,DNE
36678500102830,DNE,E
36678500116483,DNE,E
36678500121160,DNE,E
36678500136879,DNE,DNE
36678500157602,DNE,DNE
36678500157610,DNE,DNE
36678500157628,DNE,DNE
36678500157636,DNE,DNE
36678500157644,DNE,DNE
36678500157651,DNE,DNE
36678500157669,DNE,DNE
36678500157677,DNE,DNE
36678500157685,DNE,DNE
36678500157693,DNE,DNE
36678500157701,DNE,DNE
36678500157719,DNE,DNE
36678500157727,DNE,DNE
36678500157735,DNE,DNE
36678500157743,DNE,DNE
36678500157750,DNE,DNE
36678503630142,DNE,DNE
36678503630159,DNE,E
36678503630530,DNE,E
36678503630597,DNE,E
36678503631116,DNE,DNE
36678503633005,DNE,E
36678503633013,DNE,DNE
36678506036602,DNE,E
36678506036610,DNE,E
36678506036628,DNE,E
36678506036636,DNE,E
36678506036644,DNE,E
36678506036651,DNE,E
36678506036669,DNE,E
36678506036677,DNE,E
36678506036685,DNE,E
36678506036693,DNE,E
36678506036701,DNE,DNE
36678506059448,DNE,E
36678506059455,DNE,E
36678506061899,DNE,E
36678506105704,DNE,E
36678506106538,DNE,E
36678506107155,DNE,E
36678506108864,DNE,E
36678506111728,DNE,E
36678506111736,DNE,E
36678506111744,DNE,E
36678506114920,DNE,E
36678506114938,DNE,E
36678680000000,DNE,DNE
36678680102210,DNE,DNE
36678680133181,E,E
36678683630241,E,E
36678683630662,DNE,DNE
36678683635265,E,E
36678686036719,DNE,DNE
36678686036727,E,E
36678686036735,E,E
36678686036743,E,E
36678686068779,DNE,E
36678686110472,DNE,DNE
36678760000000,DNE,DNE
36678760107698,DNE,DNE
36678760107730,DNE,E
36678760109488,E,E
36678760109496,E,E
36678760109850,DNE,E
36678760110783,E,E
36678760114405,DNE,DNE
36678760116160,E,E
36678760116178,E,E
36678760117192,DNE,E
36678760118034,DNE,DNE
36678760120006,DNE,E
36678760120568,DNE,E
36678760120691,DNE,DNE
36678760121343,DNE,E
36678760122317,DNE,E
36678760122572,DNE,DNE
36678760125450,E,E
36678760125468,DNE,DNE
36678760126706,DNE,DNE
36678760126714,DNE,E
36678760127324,E,E
36678760127332,E,E
36678760127340,E,E
36678760127357,E,E
36678760128405,DNE,DNE
36678760128918,E,E
36678760128926,E,E
36678760128934,DNE,DNE
36678760133892,DNE,E
36678760136952,DNE,E
36678760137935,DNE,DNE
36678760141689,E,E
36678760149229,DNE,DNE
36678760157768,DNE,DNE
36678760157776,DNE,DNE
36678760157784,DNE,DNE
36678760157792,DNE,DNE
36678760157800,DNE,DNE
36678760157818,DNE,DNE
36678760157826,DNE,DNE
36678760157834,DNE,DNE
36678760157842,DNE,DNE
36678760157859,DNE,DNE
36678760157867,DNE,DNE
36678760157875,DNE,DNE
36678760157883,DNE,DNE
36678760157891,DNE,DNE
36678760157909,DNE,DNE
36678760157917,DNE,DNE
36678760157925,DNE,DNE
36678760157933,DNE,DNE
36678760157941,DNE,DNE
36678760157958,DNE,DNE
36678760157966,DNE,DNE
36678760157974,DNE,DNE
36678760157982,DNE,DNE
36678760157990,DNE,DNE
36678760158006,DNE,DNE
36678760158014,DNE,DNE
36678760158022,DNE,DNE
36678760158030,DNE,DNE
36678760158048,DNE,DNE
36678760158055,DNE,DNE
36678760158063,DNE,DNE
36678760158071,DNE,DNE
36678760158089,DNE,DNE
36678760158097,DNE,DNE
36678760158105,DNE,DNE
36678760159996,DNE,DNE
36678760160051,DNE,DNE
36678763630043,DNE,DNE
36678763630092,DNE,DNE
36678763630118,DNE,DNE
36678763630308,E,E
36678763630548,E,E
36678763630829,DNE,DNE
36678763630910,DNE,DNE
36678763630951,DNE,DNE
36678763630993,DNE,E
36678763631082,E,E
36678763631090,E,E
36678763632221,E,E
36678763632809,E,E
36678763634680,E,E
36678763635745,DNE,DNE
36678763635844,E,E
36678763636008,DNE,DNE
36678763636081,E,E
36678766036750,E,E
36678766036768,E,E
36678766036776,E,E
36678766036784,E,E
36678766036792,E,E
36678766036800,E,E
36678766036818,DNE,DNE
36678766036826,E,E
36678766036834,E,E
36678766036842,E,E
36678766036859,E,E
36678766036867,E,E
36678766036875,DNE,DNE
36678766036883,E,E
36678766036891,DNE,DNE
36678766036909,E,E
36678766036917,E,E
36678766036925,DNE,DNE
36678766036933,E,E
36678766036941,E,E
36678766036958,E,E
36678766036966,DNE,DNE
36678766036974,E,E
36678766036982,E,E
36678766036990,DNE,DNE
36678766037006,DNE,DNE
36678766037014,E,E
36678766037022,E,E
36678766037030,E,E
36678766037048,E,E
36678766037055,E,E
36678766037063,E,E
36678766037071,E,E
36678766037089,DNE,DNE
36678766037097,E,E
36678766037105,E,E
36678766037113,E,E
36678766037121,DNE,DNE
36678766037139,E,E
36678766037147,E,E
36678766037154,E,E
36678766037162,E,E
36678766037170,E,E
36678766059471,DNE,DNE
36678766059489,E,E
36678766059497,DNE,DNE
36678766059505,E,E
36678766059513,E,E
36678766059521,DNE,DNE
36678766061907,E,E
36678766061915,E,E
36678766061923,E,E
36678766061931,DNE,DNE
36678766067078,E,E
36678766067086,E,E
36678766068191,E,E
36678766068209,E,E
36678766068712,E,E
36678766068720,E,E
36678766069785,DNE,DNE
36678766098560,E,E
36678766105324,DNE,DNE
36678766106397,DNE,DNE
36678766106496,DNE,DNE
36678766109714,E,E
36678766110480,E,E
36678766112767,E,E
36678766114763,DNE,DNE
36678920000000,DNE,DNE
36678920110296,DNE,DNE
36678920134247,DNE,DNE
36678920138321,DNE,DNE
36678923630258,DNE,DNE
36678923636487,DNE,E
36678926037188,DNE,E
36678926037196,DNE,DNE
36679000000000,DNE,DNE
36679006037204,DNE,DNE
36679006037212,DNE,DNE
36679006037220,DNE,DNE
36679006037238,DNE,DNE
36679006037246,DNE,DNE
36679006037253,DNE,DNE
36679006037261,DNE,DNE
36679006037279,DNE,DNE
36679006037287,DNE,DNE
36679006037295,DNE,DNE
36679006037311,DNE,DNE
36679180000000,DNE,DNE
36679180106641,DNE,E
36679180108431,DNE,E
36679180108449,DNE,E
36679180113779,DNE,E
36679180125948,DNE,DNE
36679180138875,DNE,E
36679186037329,DNE,E
36679186037337,DNE,DNE
36679186037345,DNE,DNE
36679186037352,DNE,E
36679186037360,DNE,E
36679186037378,DNE,DNE
36679186037386,DNE,E
36679186101927,DNE,E
36679186105860,DNE,E
36679186106587,DNE,E
36679186109219,DNE,E
36679186109227,DNE,E
36679186110522,DNE,E
36679186113385,DNE,DNE
36679186113757,DNE,E
36679186117766,DNE,E
36679186118350,DNE,E
36679186118632,DNE,DNE
36679263637808,DNE,DNE
36679340000000,DNE,DNE
36679340101931,DNE,DNE
36679340105833,DNE,DNE
36679340106039,DNE,DNE
36679340110064,DNE,E
36679340120857,DNE,DNE
36679340125419,DNE,E
36679340137638,DNE,E
36679340138123,DNE,E
36679340140202,DNE,E
36679340142075,DNE,E
36679343630100,DNE,E
36679343630233,DNE,DNE
36679343630407,DNE,DNE
36679343630423,DNE,DNE
36679343630498,DNE,DNE
36679343630670,DNE,E
36679343630704,DNE,DNE
36679343630787,DNE,E
36679343638012,DNE,E
36679346059539,DNE,DNE
36679346059547,DNE,DNE
36679346059554,DNE,E
36679346059562,DNE,DNE
36679346111454,DNE,DNE
36679346114698,DNE,E
36679420000000,DNE,DNE
36679426037394,DNE,DNE
36679590000000,DNE,DNE
36679590101410,DNE,E
36679590101816,DNE,E
36679590114256,DNE,E
36679590117416,DNE,E
36679590119164,DNE,E
36679590119677,DNE,DNE
36679590124032,DNE,E
36679593630191,DNE,DNE
36679593630316,DNE,DNE
36679593631025,DNE,DNE
36679593633351,DNE,E
36679593638509,DNE,E
36679596037402,DNE,E
36679596037410,DNE,E
36679596037428,DNE,E
36679596037436,DNE,DNE
36679596037444,DNE,DNE
36679596098081,DNE,DNE
36679596108880,DNE,E
36679596110357,DNE,E
36679596114177,DNE,E
36679596120869,DNE,DNE
36738580000000,DNE,DNE
36738580121368,DNE,DNE
36738580162925,DNE,DNE
36738583630076,DNE,E
36738583630613,DNE,DNE
36738586035273,DNE,E
36738586035398,DNE,DNE
36738586109193,DNE,E
36738900000000,DNE,DNE
36738900111096,DNE,E
36738900118109,DNE,E
36738903630274,DNE,E
36738903630282,DNE,E
36738903630639,DNE,DNE
36738903631199,DNE,E
36738906035315,DNE,DNE
36738906035331,DNE,E
36738906035406,DNE,E
36738906035455,DNE,E
36738906104681,DNE,E
36738906104699,DNE,DNE
36738906119846,DNE,DNE
36739570000000,DNE,DNE
36739570110718,DNE,E
36739570134106,DNE,DNE
36739573630233,DNE,E
36739573630365,DNE,E
36739573630589,DNE,E
36739573630720,DNE,DNE
36739573630753,DNE,DNE
36739573630936,DNE,DNE
36739573631033,DNE,DNE
36739573631108,DNE,E
36739576036461,DNE,E
36739576037394,DNE,E
36739576106116,DNE,E
36739576106710,DNE,E
36739576108260,DNE,E
36739576112924,DNE,E
36739576112932,DNE,E
36741380000000,DNE,DNE
36741383695012,DNE,DNE
36742110000000,DNE,DNE
36742113695020,DNE,DNE
36745180000000,DNE,DNE
36745183690047,DNE,DNE
36750440000000,DNE,DNE
36750440102160,DNE,DNE
36750440107516,DNE,DNE
36750440107805,DNE,DNE
36750440107813,DNE,DNE
36750440107854,DNE,DNE
36750440109892,DNE,DNE
36750440112441,E,E
36750440114090,DNE,DNE
36750440114108,DNE,DNE
36750440114389,DNE,E
36750440115444,DNE,DNE
36750440116707,DNE,E
36750440118059,DNE,E
36750440119107,DNE,DNE
36750440119115,DNE,DNE
36750443630407,DNE,DNE
36750443630423,DNE,DNE
36750443630472,DNE,DNE
36750443630605,DNE,DNE
36750443630746,DNE,DNE
36750443630811,DNE,DNE
36750443630886,DNE,DNE
36750443630944,DNE,DNE
36750443631132,DNE,DNE
36750446035943,DNE,DNE
36750446035950,DNE,DNE
36750446035968,DNE,DNE
36750446059547,DNE,DNE
36750446089643,DNE,DNE
36750446100937,DNE,DNE
36750446103337,DNE,DNE
36750446105498,DNE,DNE
36750446106454,DNE,DNE
36750446108112,DNE,DNE
36750446108120,DNE,DNE
36750446109359,DNE,DNE
36750446111751,DNE,DNE
36750446114680,DNE,DNE
36750446120851,DNE,DNE
36750510000000,DNE,DNE
36750510101436,DNE,DNE
36750510114413,DNE,DNE
36750510115089,DNE,E
36750510136432,E,E
36750510136960,E,E
36750510137794,DNE,E
36750510138107,E,E
36750510139188,DNE,E
36750510139618,DNE,DNE
36750513630563,E,E
36750513630647,DNE,DNE
36750513630696,E,E
36750513630795,DNE,DNE
36750516035976,E,E
36750516105720,DNE,DNE
36750516106330,E,E
36750690000000,DNE,DNE
36750690110676,DNE,DNE
36750690141606,DNE,DNE
36750693630456,DNE,E
36750693637584,DNE,E
36750696037204,DNE,E
36750696037212,DNE,E
36750696037220,DNE,E
36750696037238,DNE,E
36750696037246,DNE,E
36750696037253,DNE,E
36750696037261,DNE,E
36750696037279,DNE,E
36750696037287,DNE,E
36750696037295,DNE,E
36750696037311,DNE,E
36750696106744,DNE,DNE
36750696109573,DNE,E
36750696113427,DNE,DNE
36750770000000,DNE,DNE
36750770108423,DNE,E
36750770110866,DNE,E
36750770110874,DNE,DNE
36750770122945,DNE,E
36750770122952,DNE,DNE
36750770141457,DNE,E
36750770163055,DNE,DNE
36750770163063,DNE,DNE
36750770163071,DNE,DNE
36750770163089,DNE,DNE
36750770163097,DNE,DNE
36750770163105,DNE,DNE
36750770163113,DNE,DNE
36750773630423,DNE,E
36750773630464,DNE,DNE
36750773630621,DNE,DNE
36750773630803,DNE,DNE
36750773630837,DNE,DNE
36750773630852,DNE,DNE
36750773630894,DNE,E
36750773631009,DNE,E
36750773631207,DNE,E
36750773637584,DNE,DNE
36750776035240,DNE,E
36750776035257,DNE,E
36750776035265,DNE,E
36750776037337,DNE,E
36750776059539,DNE,DNE
36750776104400,DNE,DNE
36750776106603,DNE,DNE
36750776107346,DNE,E
36750776110597,DNE,DNE
36750776110605,DNE,E
36750776110613,DNE,DNE
36750776112825,DNE,E
36767110000000,DNE,DNE
36767110114017,DNE,DNE
37103710000000,DNE,DNE
37103710106369,DNE,DNE
37103710108548,E,E
37103710115857,DNE,DNE
37103710115915,DNE,DNE
37103710115923,DNE,DNE
37103710115931,DNE,DNE
37103710115949,DNE,DNE
37103710115956,DNE,DNE
37103710115964,DNE,DNE
37103710115972,DNE,DNE
37103710115980,DNE,DNE
37103710115998,DNE,E
37103710116004,DNE,DNE
37103710116012,DNE,DNE
37103710116020,DNE,DNE
37103710116038,DNE,DNE
37103710120485,DNE,E
37103710120493,DNE,E
37103710124321,DNE,E
37103710124677,DNE,DNE
37103710124685,DNE,DNE
37103710124693,DNE,DNE
37103710124701,DNE,DNE
37103710124719,DNE,DNE
37103710126318,DNE,DNE
37103710126326,DNE,DNE
37103710126334,DNE,DNE
37103710126342,DNE,DNE
37103710126359,DNE,DNE
37103710126367,DNE,DNE
37103710128520,DNE,E
37103710128538,DNE,E
37103710134577,DNE,E
37103710135202,DNE,DNE
37103710136085,DNE,E
37103710136192,DNE,DNE
37103710137695,E,E
37103710137752,E,E
37103710138016,DNE,E
37103710138404,DNE,E
37103710138594,DNE,DNE
37103710138792,DNE,E
37103711996545,DNE,E
37103713730041,DNE,DNE
37103713730165,DNE,DNE
37103713730355,DNE,DNE
37103713730389,DNE,DNE
37103713730397,DNE,DNE
37103713730413,DNE,DNE
37103713730710,DNE,DNE
37103713730850,DNE,DNE
37103713731403,DNE,DNE
37103713731411,DNE,DNE
37103713731429,DNE,DNE
37103713731445,DNE,DNE
37103713731510,DNE,DNE
37103713732815,DNE,DNE
37103713736022,DNE,DNE
37103713737327,DNE,DNE
37103713737939,DNE,DNE
37103716039317,DNE,DNE
37103716039333,DNE,DNE
37103716040679,DNE,DNE
37103716040687,DNE,DNE
37103716069355,DNE,E
37103716099378,DNE,DNE
37103716099709,DNE,DNE
37103716104087,DNE,DNE
37103716119119,DNE,E
37679670000000,DNE,DNE
37679670128595,DNE,DNE
37679676037519,DNE,DNE
37679676037527,DNE,DNE
37679676037535,DNE,E
37679676089205,DNE,DNE
37679676106256,DNE,E
37679676109086,DNE,E
37679676109953,DNE,E
37679676118723,DNE,E
37679676120380,DNE,DNE
37679750000000,DNE,DNE
37679753731569,DNE,DNE
37679753731577,DNE,DNE
37679830000000,DNE,DNE
37679830110379,DNE,DNE
37679830117887,DNE,DNE
37679830128579,DNE,DNE
37679830131144,DNE,DNE
37679830134890,E,E
37679830136457,DNE,DNE
37679830158139,DNE,DNE
37679833730447,DNE,E
37679833731098,DNE,DNE
37679836037550,DNE,E
37679836115315,DNE,E
37679910000000,DNE,DNE
37679910108563,DNE,E
37679910111005,DNE,E
37679910119255,DNE,E
37679910136176,DNE,E
37679910139394,DNE,E
37679910140558,DNE,E
37679910158147,DNE,DNE
37679910158154,DNE,DNE
37679910158162,DNE,DNE
37679910158170,DNE,DNE
37679910158188,DNE,DNE
37679910158196,DNE,DNE
37679910158204,DNE,DNE
37679910158212,DNE,DNE
37679910158220,DNE,DNE
37679910158238,DNE,DNE
37679910158246,DNE,DNE
37679910158253,DNE,DNE
37679916037568,DNE,E
37679916037576,DNE,DNE
37679916037584,DNE,E
37679916037592,DNE,E
37679916037600,DNE,E
37679916037618,DNE,DNE
37679916037626,DNE,DNE
37679916037634,DNE,E
37679916037642,DNE,E
37679916037659,DNE,E
37679916037667,DNE,DNE
37679916037675,DNE,E
37679916037683,DNE,E
37679916037691,DNE,E
37679916037709,DNE,E
37679916037717,DNE,E
37679916037725,DNE,E
37679916037733,DNE,E
37679916037741,DNE,E
37679916069082,DNE,E
37679916085039,DNE,DNE
37679916093199,DNE,DNE
37679916093207,DNE,E
37679916096929,DNE,DNE
37679916101794,DNE,E
37679916106025,DNE,E
37679916109656,DNE,DNE
37679916110787,DNE,E
37679916112148,DNE,E
37679916112890,DNE,E
37679916117295,DNE,DNE
37679916118319,DNE,E
37680070000000,DNE,DNE
37680076037758,DNE,E
37680076037766,DNE,E
37680230000000,DNE,DNE
37680230101592,DNE,E
37680230105957,DNE,E
37680230105965,DNE,E
37680230108662,DNE,E
37680230114009,DNE,E
37680230119594,DNE,E
37680230127431,DNE,E
37680230131474,DNE,DNE
37680230135277,DNE,E
37680230138073,DNE,E
37680230141218,DNE,E
37680230142471,DNE,DNE
37680230158261,DNE,DNE
37680230158279,DNE,DNE
37680230158287,DNE,DNE
37680230158295,DNE,DNE
37680230158303,DNE,DNE
37680230158311,DNE,DNE
37680230158329,DNE,DNE
37680230158337,DNE,DNE
37680230158345,DNE,DNE
37680230158352,DNE,DNE
37680230158360,DNE,DNE
37680230158378,DNE,DNE
37680230158386,DNE,DNE
37680230158394,DNE,DNE
37680236037824,DNE,E
37680236037832,DNE,E
37680236037840,DNE,E
37680236037857,DNE,E
37680236037865,DNE,E
37680236037873,DNE,E
37680236037881,DNE,E
37680236037899,DNE,E
37680236037907,DNE,E
37680236037915,DNE,E
37680236037923,DNE,E
37680236037931,DNE,E
37680236037949,DNE,E
37680236037956,DNE,E
37680236037964,DNE,E
37680236037972,DNE,E
37680236037980,DNE,E
37680236037998,DNE,E
37680236038004,DNE,E
37680236038012,DNE,E
37680236038020,DNE,E
37680236038038,DNE,E
37680236038046,DNE,E
37680236066971,DNE,E
37680236069090,DNE,E
37680236070825,DNE,E
37680236095020,DNE,E
37680236095038,DNE,E
37680236101026,DNE,DNE
37680236101810,DNE,DNE
37680236107775,DNE,E
37680236108492,DNE,E
37680236109771,DNE,E
37680236111322,DNE,E
37680236113021,DNE,E
37680236115646,DNE,E
37680236115778,DNE,E
37680236116396,DNE,E
37680236116859,DNE,E
37680236118970,DNE,E
37680236118988,DNE,E
37680310000000,DNE,DNE
37680310126110,DNE,DNE
37680310131375,DNE,DNE
37680310158402,DNE,DNE
37680313731122,DNE,DNE
37680313731437,DNE,DNE
37680313731452,DNE,DNE
37680313731478,DNE,E
37680316038053,DNE,E
37680316038061,DNE,DNE
37680316038079,DNE,DNE
37680316038087,DNE,E
37680316059570,DNE,E
37680316110100,DNE,DNE
37680490000000,DNE,DNE
37680490118091,DNE,DNE
37680490119990,DNE,DNE
37680490127118,DNE,E
37680490127167,DNE,DNE
37680490129221,DNE,E
37680490131169,DNE,DNE
37680490132506,DNE,E
37680490136416,DNE,E
37680490136614,DNE,E
37680490136747,DNE,DNE
37680490138313,DNE,DNE
37680496038095,DNE,E
37680496119564,DNE,DNE
37680560000000,DNE,DNE
37680560110114,DNE,E
37680560114686,DNE,E
37680560141374,DNE,E
37680566038103,DNE,DNE
37680566038111,DNE,E
37680566088983,DNE,E
37680566110696,DNE,E
37680566115620,DNE,E
37680566117923,DNE,E
37680566120596,DNE,E
37680800000000,DNE,DNE
37680800112326,DNE,DNE
37680806038145,DNE,E
37680806038152,DNE,E
37680806038160,DNE,DNE
37680806066989,DNE,E
37680806095046,DNE,E
37680806099402,DNE,E
37680806106132,DNE,E
37680806108534,DNE,E
37680806112445,DNE,E
37680806117709,DNE,E
37680980000000,DNE,DNE
37680980101535,DNE,E
37680980102590,DNE,E
37680980102608,DNE,E
37680980107862,DNE,E
37680980107870,DNE,E
37680980111526,DNE,DNE
37680980128769,DNE,DNE
37680980131813,DNE,E
37680980133991,DNE,DNE
37680980141309,DNE,E
37680980158410,DNE,DNE
37680980158428,DNE,DNE
37680980158436,DNE,DNE
37680980158444,DNE,DNE
37680980158451,DNE,DNE
37680980158469,DNE,DNE
37680980158477,DNE,DNE
37680986038178,DNE,E
37680986038186,DNE,E
37680986038194,DNE,E
37680986038202,DNE,E
37680986038210,DNE,E
37680986038228,DNE,E
37680986038236,DNE,E
37680986038244,DNE,E
37680986038251,DNE,E
37680986038939,DNE,E
37680986038947,DNE,E
37680986066997,DNE,E
37680986093215,DNE,E
37680986099675,DNE,DNE
37680986101836,DNE,DNE
37680986102750,DNE,E
37680986105944,DNE,E
37680986107882,DNE,E
37680986110381,DNE,E
37680986111769,DNE,E
37680986116776,DNE,E
37680986118004,DNE,DNE
37681060000000,DNE,DNE
37681060111195,DNE,E
37681060123430,DNE,DNE
37681060127241,E,E
37681060137034,DNE,E
37681063730025,DNE,DNE
37681063730058,E,E
37681063730744,DNE,DNE
37681063731023,DNE,E
37681063731114,DNE,DNE
37681063732054,E,E
37681063732062,E,E
37681063735313,E,E
37681140000000,DNE,DNE
37681140115519,E,E
37681140131920,E,E
37681140133967,DNE,DNE
37681146038269,E,E
37681146038277,E,E
37681146038285,E,E
37681146038293,DNE,DNE
37681146038301,E,E
37681146096515,E,E
37681146096911,E,E
37681146097174,DNE,DNE
37681146109524,E,E
37681146116420,E,E
37681220000000,DNE,DNE
37681223730926,DNE,DNE
37681223730967,DNE,E
37681223732179,DNE,E
37681223732195,DNE,E
37681300000000,DNE,DNE
37681300100313,DNE,DNE
37681300117820,DNE,DNE
37681300128793,DNE,E
37681300128819,DNE,E
37681300132548,DNE,E
37681300139063,DNE,E
37681303730066,DNE,E
37681303730199,DNE,DNE
37681303730249,DNE,DNE
37681303730256,DNE,DNE
37681303730264,DNE,DNE
37681303730272,DNE,DNE
37681303730702,DNE,E
37681303731262,DNE,E
37681303731270,DNE,DNE
37681303731486,DNE,E
37681303731494,DNE,DNE
37681303731536,DNE,E
37681303731692,DNE,E
37681303731809,DNE,E
37681303732336,DNE,E
37681303732419,DNE,DNE
37681303732559,DNE,E
37681303732625,DNE,E
37681303732732,DNE,E
37681303734548,DNE,E
37681303734761,DNE,E
37681303737905,DNE,E
37681303738077,DNE,DNE
37681303739000,DNE,DNE
37681550000000,DNE,DNE
37681556038319,DNE,DNE
37681556097182,DNE,DNE
37681556112205,DNE,DNE
37681556117303,DNE,E
37681630000000,DNE,DNE
37681630124271,DNE,DNE
37681630128421,DNE,E
37681630130815,DNE,DNE
37681630137109,E,E
37681630138156,DNE,E
37681630138628,DNE,E
37681630139402,DNE,E
37681633731239,DNE,E
37681636038327,DNE,E
37681636105845,DNE,E
37681710000000,DNE,DNE
37681710101584,DNE,DNE
37681710102400,DNE,DNE
37681713730835,DNE,DNE
37681713731254,DNE,DNE
37681713733219,DNE,E
37681890000000,DNE,DNE
37681890102228,DNE,DNE
37681890117812,DNE,DNE
37681890118323,DNE,DNE
37681890119545,DNE,DNE
37681890121061,DNE,DNE
37681890129288,DNE,DNE
37681890130740,DNE,DNE
37681893731072,DNE,E
37681893731346,DNE,DNE
37681896038335,DNE,DNE
37681896038343,DNE,E
37681896038350,DNE,E
37681896038368,DNE,E
37681896038376,DNE,E
37681896038384,DNE,E
37681896038392,DNE,E
37681896085047,DNE,E
37681896095244,DNE,DNE
37681896107742,DNE,E
37681896110092,DNE,E
37681896120901,DNE,E
37681970000000,DNE,DNE
37681970115543,DNE,DNE
37681970132290,DNE,E
37681970132431,DNE,E
37681970132951,DNE,E
37681970134155,DNE,E
37681970136408,E,E
37681970158501,DNE,DNE
37681970158519,DNE,DNE
37681970158527,DNE,DNE
37681970158535,DNE,DNE
37681970158543,DNE,DNE
37681970158550,DNE,DNE
37681970158568,DNE,DNE
37681970158576,DNE,DNE
37681976038400,DNE,E
37681976038418,DNE,E
37681976038426,DNE,DNE
37681976038434,DNE,E
37681976038442,DNE,E
37681976038459,DNE,E
37681976038467,DNE,E
37681976038475,DNE,E
37681976038483,DNE,DNE
37681976038491,DNE,DNE
37681976038509,DNE,E
37681976038517,DNE,E
37681976038525,DNE,E
37681976038533,DNE,E
37681976038541,DNE,E
37681976038558,DNE,E
37681976038566,DNE,E
37681976038574,DNE,E
37681976038582,DNE,DNE
37681976038590,DNE,DNE
37681976067003,DNE,DNE
37681976069793,DNE,DNE
37681976070833,DNE,E
37681976098446,DNE,E
37681976111207,DNE,E
37682050000000,DNE,DNE
37682050141499,DNE,E
37682050141812,DNE,E
37682050158584,DNE,DNE
37682050158592,DNE,DNE
37682050158600,DNE,DNE
37682050158618,DNE,DNE
37682056038608,DNE,E
37682056038616,DNE,DNE
37682056038624,DNE,E
37682056038632,DNE,E
37682056038640,DNE,DNE
37682056038657,DNE,E
37682056038665,DNE,E
37682056038673,DNE,E
37682056069801,DNE,DNE
37682056111223,DNE,DNE
37682056120687,DNE,DNE
37682130000000,DNE,DNE
37682130118711,DNE,DNE
37682130119263,DNE,DNE
37682130119560,DNE,DNE
37682130120253,DNE,DNE
37682130121582,DNE,DNE
37682130123224,DNE,E
37682130123240,DNE,DNE
37682130124867,DNE,DNE
37682130126144,DNE,DNE
37682130126995,DNE,E
37682130127001,DNE,DNE
37682130127035,DNE,DNE
37682130127050,DNE,DNE
37682130127068,DNE,DNE
37682130127084,DNE,E
37682130129668,DNE,DNE
37682130136978,E,E
37682130138636,DNE,E
37682130158626,DNE,DNE
37682130158634,DNE,DNE
37682130158642,DNE,DNE
37682133730934,DNE,DNE
37682133730983,DNE,DNE
37682133730991,DNE,E
37682133731080,DNE,DNE
37682133731619,DNE,DNE
37682133734878,DNE,E
37682136038681,DNE,E
37682136038699,DNE,E
37682136038707,DNE,DNE
37682136038715,DNE,DNE
37682136038723,DNE,DNE
37682136085054,DNE,E
37682136085062,DNE,DNE
37682136097190,DNE,E
37682210000000,DNE,DNE
37682210101360,DNE,E
37682210129734,DNE,DNE
37682210132621,DNE,DNE
37682210158659,DNE,DNE
37682210158667,DNE,DNE
37682210158675,DNE,DNE
37682210158683,DNE,DNE
37682210158691,DNE,DNE
37682210158709,DNE,DNE
37682210158717,DNE,DNE
37682216038731,E,E
37682216038749,E,E
37682216038756,E,E
37682216038764,E,E
37682216038772,E,E
37682216038780,E,E
37682216038798,E,E
37682216038806,E,E
37682216038814,E,E
37682216108559,E,E
37682880000000,DNE,DNE
37682886038954,DNE,DNE
37682886038962,DNE,DNE
37682960000000,DNE,DNE
37682960102822,DNE,E
37682960108332,DNE,E
37682960111187,DNE,E
37682960116475,DNE,E
37682960116764,DNE,E
37682960118935,DNE,E
37682960129056,DNE,E
37682960141390,DNE,E
37682960149245,DNE,DNE
37682960158741,DNE,DNE
37682960158758,DNE,DNE
37682960158766,DNE,DNE
37682960158774,DNE,DNE
37682960158782,DNE,DNE
37682960158790,DNE,DNE
37682963730074,DNE,E
37682963730439,DNE,DNE
37682963730736,DNE,DNE
37682963730819,DNE,E
37682963731528,DNE,E
37682963735834,DNE,DNE
37682963735842,DNE,E
37682963735867,DNE,E
37682966038970,DNE,E
37682966038988,DNE,E
37682966038996,DNE,E
37682966039002,DNE,E
37682966039010,DNE,E
37682966070841,DNE,E
37682966070858,DNE,E
37682966070866,DNE,E
37682966085088,DNE,E
37682966093223,DNE,E
37682966093231,DNE,E
37682966095053,DNE,E
37682966097208,DNE,E
37682966097216,DNE,E
37682966099444,DNE,E
37682966106520,DNE,E
37682966107460,DNE,E
37682966109300,DNE,E
37682966109318,DNE,E
37682966109326,DNE,E
37682966110878,DNE,E
37682966110886,DNE,E
37682966111306,DNE,E
37682966111314,DNE,E
37682966114854,DNE,E
37682966117469,DNE,E
37683040000000,DNE,DNE
37683040102178,DNE,E
37683040131250,DNE,E
37683040131268,DNE,E
37683043730330,DNE,DNE
37683043730900,DNE,DNE
37683043731353,DNE,DNE
37683043731544,DNE,DNE
37683043735958,DNE,E
37683043735974,DNE,E
37683046039028,DNE,E
37683046039036,DNE,E
37683046039044,DNE,DNE
37683046103329,DNE,DNE
37683046105555,DNE,E
37683046105563,DNE,E
37683046106264,DNE,DNE
37683046107999,DNE,E
37683046110720,DNE,E
37683120000000,DNE,DNE
37683126039051,DNE,E
37683126070908,DNE,DNE
37683200000000,DNE,DNE
37683380000000,DNE,DNE
37683380100321,DNE,DNE
37683380101204,E,E
37683380101345,E,E
37683380106609,DNE,DNE
37683380106658,DNE,DNE
37683380106732,E,E
37683380106799,DNE,E
37683380107029,DNE,DNE
37683380107037,DNE,DNE
37683380107045,DNE,DNE
37683380107052,DNE,DNE
37683380107060,DNE,DNE
37683380107078,DNE,E
37683380107086,DNE,E
37683380107094,DNE,E
37683380107102,DNE,E
37683380107177,DNE,E
37683380107185,DNE,DNE
37683380107193,DNE,DNE
37683380107201,DNE,DNE
37683380107219,DNE,E
37683380107482,DNE,E
37683380107573,E,E
37683380107821,DNE,DNE
37683380108266,DNE,E
37683380108274,DNE,E
37683380108282,DNE,E
37683380108290,DNE,E
37683380108787,E,E
37683380108969,DNE,DNE
37683380109017,DNE,DNE
37683380109025,DNE,DNE
37683380109033,DNE,E
37683380109041,DNE,DNE
37683380109058,DNE,DNE
37683380109132,DNE,DNE
37683380109157,DNE,E
37683380109165,DNE,DNE
37683380109579,DNE,DNE
37683380110536,DNE,DNE
37683380110544,DNE,DNE
37683380110619,DNE,DNE
37683380111864,DNE,E
37683380111898,DNE,E
37683380111906,DNE,E
37683380114025,DNE,E
37683380114033,DNE,E
37683380114041,DNE,E
37683380114462,DNE,E
37683380114520,DNE,DNE
37683380116939,DNE,E
37683380117325,DNE,E
37683380117333,DNE,DNE
37683380118000,DNE,DNE
37683380118083,DNE,E
37683380118315,DNE,E
37683380118851,DNE,E
37683380119610,E,E
37683380120196,DNE,DNE
37683380120410,DNE,E
37683380120709,DNE,DNE
37683380121145,DNE,DNE
37683380121178,DNE,DNE
37683380121681,DNE,E
37683380122788,DNE,E
37683380123778,DNE,E
37683380124115,DNE,E
37683380124206,DNE,DNE
37683380124347,DNE,E
37683380125583,DNE,DNE
37683380126151,DNE,DNE
37683380126730,DNE,E
37683380126938,DNE,E
37683380127647,E,E
37683380127654,DNE,DNE
37683380128066,DNE,DNE
37683380128744,DNE,DNE
37683380129387,DNE,E
37683380129395,DNE,E
37683380131458,DNE,DNE
37683380131565,E,E
37683380131979,DNE,E
37683380132316,DNE,E
37683380135913,DNE,E
37683380136663,DNE,E
37683380137802,DNE,DNE
37683380140319,DNE,E
37683380140384,DNE,E
37683380141317,DNE,E
37683380158808,DNE,DNE
37683380158816,DNE,DNE
37683380158824,DNE,DNE
37683380158832,DNE,DNE
37683380158840,DNE,DNE
37683380158857,DNE,DNE
37683380158865,DNE,DNE
37683380158873,DNE,DNE
37683380158881,DNE,DNE
37683380158899,DNE,DNE
37683380158907,DNE,DNE
37683380158915,DNE,DNE
37683380158923,DNE,DNE
37683380158931,DNE,DNE
37683380158949,DNE,DNE
37683380158956,DNE,DNE
37683380158964,DNE,DNE
37683380158972,DNE,DNE
37683383730082,DNE,DNE
37683383730090,DNE,DNE
37683383730116,DNE,E
37683383730140,DNE,DNE
37683383730173,DNE,E
37683383730181,DNE,E
37683383730231,DNE,E
37683383730280,DNE,DNE
37683383730306,DNE,DNE
37683383730314,DNE,E
37683383730348,DNE,DNE
37683383730363,DNE,E
37683383730371,DNE,E
37683383730751,DNE,E
37683383730827,DNE,DNE
37683383730876,DNE,DNE
37683383730884,DNE,E
37683383730959,DNE,E
37683383731049,DNE,DNE
37683383731056,DNE,E
37683383731130,DNE,E
37683383731189,DNE,E
37683383731213,DNE,E
37683383731247,E,E
37683383731320,DNE,DNE
37683383731395,DNE,E
37683383731551,DNE,E
37683383731585,DNE,DNE
37683383732781,DNE,E
37683383732997,DNE,E
37683383733326,DNE,DNE
37683383733508,DNE,E
37683383733581,DNE,DNE
37683383733698,DNE,E
37683383734068,DNE,DNE
37683383734324,DNE,DNE
37683383734431,DNE,E
37683383734654,DNE,E
37683383735750,DNE,E
37683383737152,DNE,DNE
37683383737962,DNE,E
37683383738929,DNE,DNE
37683383741261,DNE,DNE
37683384330684,DNE,DNE
37683386039101,DNE,E
37683386039119,DNE,E
37683386039127,DNE,DNE
37683386039135,DNE,E
37683386039143,DNE,E
37683386039150,DNE,E
37683386039168,DNE,E
37683386039176,DNE,DNE
37683386039184,DNE,E
37683386039192,DNE,DNE
37683386039200,DNE,E
37683386039218,DNE,DNE
37683386039226,DNE,DNE
37683386039234,DNE,DNE
37683386039242,DNE,E
37683386039259,DNE,E
37683386039267,DNE,E
37683386039275,DNE,DNE
37683386039283,DNE,E
37683386039291,DNE,E
37683386039309,DNE,E
37683386039325,DNE,DNE
37683386039341,DNE,E
37683386039358,DNE,E
37683386039366,DNE,E
37683386039374,DNE,E
37683386039382,DNE,E
37683386039390,DNE,E
37683386039408,DNE,DNE
37683386039416,DNE,DNE
37683386039424,DNE,E
37683386039432,DNE,E
37683386039440,DNE,E
37683386039457,DNE,E
37683386039465,DNE,DNE
37683386039473,DNE,DNE
37683386039481,DNE,E
37683386039499,DNE,E
37683386039507,DNE,E
37683386039515,DNE,E
37683386039523,DNE,E
37683386039531,DNE,DNE
37683386039549,DNE,DNE
37683386039556,DNE,E
37683386039564,DNE,E
37683386039572,DNE,E
37683386039580,DNE,DNE
37683386039598,DNE,E
37683386039606,DNE,E
37683386039614,DNE,E
37683386039622,DNE,DNE
37683386039630,DNE,E
37683386039648,DNE,E
37683386039655,DNE,E
37683386039663,DNE,DNE
37683386039671,DNE,E
37683386039689,DNE,DNE
37683386039697,DNE,E
37683386039705,DNE,E
37683386039713,DNE,E
37683386039721,DNE,E
37683386039739,DNE,E
37683386039747,DNE,E
37683386039754,DNE,E
37683386039762,DNE,E
37683386039770,DNE,E
37683386039788,DNE,E
37683386039796,DNE,E
37683386039804,DNE,E
37683386039812,E,E
37683386039820,DNE,DNE
37683386039838,DNE,DNE
37683386039846,DNE,E
37683386039853,DNE,E
37683386039861,DNE,E
37683386039879,DNE,E
37683386039887,DNE,E
37683386039895,DNE,DNE
37683386039903,DNE,E
37683386039911,DNE,E
37683386039929,DNE,E
37683386039937,DNE,DNE
37683386039945,DNE,DNE
37683386039952,DNE,E
37683386039960,DNE,E
37683386039978,DNE,E
37683386039986,DNE,DNE
37683386039994,DNE,DNE
37683386040000,DNE,E
37683386040018,DNE,E
37683386040026,DNE,E
37683386040034,DNE,E
37683386040042,DNE,E
37683386040059,DNE,E
37683386040067,DNE,E
37683386040075,DNE,DNE
37683386040083,DNE,E
37683386040091,DNE,E
37683386040109,DNE,E
37683386040117,DNE,E
37683386040125,DNE,DNE
37683386040133,DNE,E
37683386040141,DNE,E
37683386040158,DNE,E
37683386040166,DNE,E
37683386040174,DNE,E
37683386040182,DNE,DNE
37683386040190,DNE,E
37683386040208,DNE,E
37683386040216,DNE,DNE
37683386040224,DNE,E
37683386040232,DNE,E
37683386040240,DNE,DNE
37683386040257,DNE,E
37683386040265,DNE,E
37683386040273,DNE,E
37683386040281,DNE,E
37683386040299,DNE,E
37683386040307,DNE,E
37683386040315,DNE,DNE
37683386040323,DNE,DNE
37683386059588,DNE,E
37683386059596,DNE,E
37683386059604,DNE,E
37683386059612,DNE,DNE
37683386059620,DNE,DNE
37683386059638,DNE,E
37683386059646,DNE,E
37683386059653,DNE,E
37683386059679,DNE,E
37683386059687,DNE,E
37683386059695,DNE,E
37683386059703,DNE,E
37683386059711,DNE,E
37683386061949,DNE,DNE
37683386061956,DNE,DNE
37683386061964,DNE,E
37683386061972,DNE,E
37683386061980,DNE,E
37683386068233,DNE,DNE
37683386069116,DNE,E
37683386069819,DNE,DNE
37683386070791,DNE,DNE
37683386071914,DNE,E
37683386077317,DNE,E
37683386083331,DNE,DNE
37683386089015,DNE,E
37683386089023,DNE,E
37683386089049,DNE,E
37683386089056,DNE,E
37683386089064,DNE,E
37683386093256,DNE,E
37683386096051,DNE,E
37683386096580,DNE,DNE
37683386096598,DNE,E
37683386096879,DNE,E
37683386097844,DNE,E
37683386099055,DNE,E
37683386099063,DNE,E
37683386099071,DNE,E
37683386099089,DNE,E
37683386099410,DNE,DNE
37683386101976,DNE,DNE
37683386102651,DNE,DNE
37683386103378,DNE,DNE
37683386103386,DNE,DNE
37683386106173,DNE,E
37683386106181,DNE,E
37683386106199,DNE,E
37683386107056,DNE,E
37683386109599,DNE,E
37683386112460,DNE,E
37683386112478,DNE,E
37683386112726,DNE,E
37683386113195,DNE,DNE
37683386113211,DNE,E
37683386113989,DNE,DNE
37683386114060,DNE,E
37683386114292,DNE,E
37683386114300,DNE,E
37683386114375,DNE,E
37683386114961,DNE,DNE
37683386115323,DNE,DNE
37683386115331,DNE,E
37683386115570,DNE,E
37683386115745,DNE,DNE
37683386116107,DNE,DNE
37683386117279,DNE,E
37683386117436,DNE,DNE
37683386117683,E,E
37683386119135,DNE,E
37683386119168,DNE,E
37683386119598,DNE,E
37683386120349,DNE,DNE
37683386120935,DNE,DNE
37683386120943,DNE,DNE
37683386913701,DNE,DNE
37683460000000,DNE,DNE
37683460106328,E,E
37683460131649,E,E
37683463730033,E,E
37683463730769,DNE,DNE
37683463731007,E,E
37683463737350,DNE,DNE
37683463737384,E,E
37683463737418,E,E
37683466059737,E,E
37683466061998,E,E
37683466104749,E,E
37683466117352,E,E
37683530000000,DNE,DNE
37683536040331,DNE,E
37683610000000,DNE,DNE
37683610158980,DNE,DNE
37683613731296,DNE,DNE
37683616040349,DNE,E
37683616040356,DNE,E
37683616040364,DNE,E
37683616040372,DNE,E
37683616040380,DNE,E
37683616040398,DNE,DNE
37683616040406,DNE,E
37683616068159,DNE,E
37683616085153,DNE,E
37683616085161,DNE,E
37683616111041,DNE,E
37683616120190,DNE,E
37683790000000,DNE,DNE
37683790123000,E,E
37683790125518,DNE,DNE
37683790137737,E,E
37683790158998,DNE,DNE
37683790159004,DNE,DNE
37683790159012,DNE,DNE
37683796040414,DNE,DNE
37683796040430,DNE,DNE
37683796085146,E,E
37683796089007,E,E
37683796093264,E,E
37683796098453,E,E
37683796119341,E,E
37683796119473,DNE,DNE
37683796120984,DNE,DNE
37683799011743,DNE,DNE
37683870000000,DNE,DNE
37683870105825,DNE,E
37683870129049,DNE,E
37683876040448,DNE,DNE
37683876040455,DNE,E
37683876070882,DNE,E
37683876098479,DNE,DNE
37683876106140,DNE,E
37683876111181,DNE,E
37683876112353,DNE,E
37683950000000,DNE,DNE
37683950125872,DNE,DNE
37683950140327,DNE,E
37683950159020,DNE,DNE
37683953730777,DNE,DNE
37683956040463,DNE,E
37683956040471,DNE,E
37683956040489,DNE,E
37683956040497,DNE,DNE
37683956040505,DNE,E
37683956040513,DNE,E
37683956040521,DNE,E
37683956040539,DNE,E
37683956040547,DNE,DNE
37683956067029,DNE,E
37683956094973,DNE,E
37683956098487,DNE,E
37683956105829,DNE,DNE
37683956115992,DNE,DNE
37683956116008,DNE,E
37684030000000,DNE,DNE
37684030125401,DNE,E
37684036040554,DNE,E
37684036120893,DNE,E
37684110000000,DNE,DNE
37684110110437,DNE,DNE
37684110111831,DNE,E
37684110115873,DNE,E
37684110116350,DNE,DNE
37684110126086,DNE,E
37684110128082,DNE,DNE
37684110140939,DNE,E
37684113730108,DNE,DNE
37684113730124,DNE,E
37684113730132,DNE,DNE
37684113730322,DNE,DNE
37684113730405,DNE,E
37684113730801,DNE,E
37684113730843,DNE,E
37684113731064,DNE,E
37684113731106,DNE,DNE
37684113731155,DNE,E
37684113731171,DNE,DNE
37684113731205,DNE,DNE
37684113731304,DNE,E
37684113731460,DNE,E
37684113731502,DNE,E
37684113731627,DNE,E
37684113732047,DNE,E
37684113732849,DNE,E
37684113733912,DNE,DNE
37684113733953,DNE,E
37684113738184,DNE,DNE
37684113738226,DNE,E
37684113738234,DNE,E
37684116059745,DNE,E
37684116059752,DNE,E
37684116059760,DNE,E
37684116059778,DNE,E
37684116059786,DNE,E
37684116059794,DNE,E
37684116062004,DNE,E
37684116062012,DNE,E
37684116069827,DNE,DNE
37684116070890,DNE,E
37684116098065,DNE,DNE
37684116099725,DNE,DNE
37684116099733,DNE,DNE
37684116104988,DNE,DNE
37684116114276,DNE,E
37684116117154,DNE,E
37684116120968,DNE,E
37684370000000,DNE,DNE
37684370101220,DNE,DNE
37684370107540,DNE,DNE
37684370128470,DNE,DNE
37684376040562,E,E
37684450000000,DNE,DNE
37684456040570,DNE,DNE
37684456093272,DNE,DNE
37684456106124,DNE,DNE
37684456112494,DNE,DNE
37684520000000,DNE,DNE
37684520100925,DNE,E
37684520100933,DNE,E
37684520105882,DNE,E
37684520106120,DNE,E
37684520111237,DNE,E
37684520114264,DNE,E
37684520114637,DNE,E
37684520115451,DNE,E
37684520118430,DNE,E
37684520124917,DNE,E
37684520126300,DNE,E
37684520128223,DNE,E
37684523730207,DNE,DNE
37684523730298,DNE,DNE
37684523730728,DNE,E
37684523730785,DNE,DNE
37684523730868,DNE,DNE
37684523730942,DNE,E
37684523731031,DNE,DNE
37684523731288,DNE,DNE
37684523732039,DNE,E
37684523738705,DNE,E
37684526040588,DNE,E
37684526040596,DNE,E
37684526040604,DNE,E
37684526040612,DNE,DNE
37684526040620,DNE,E
37684526040638,DNE,E
37684526040646,DNE,DNE
37684526040653,DNE,E
37684526059802,DNE,E
37684526059810,DNE,E
37684526069124,DNE,E
37684526105365,DNE,DNE
37684526107031,DNE,E
37684526107577,DNE,E
37684526107585,DNE,E
37684526108708,DNE,E
37684526110399,DNE,E
37684526110407,DNE,E
37684526112221,DNE,E
37684526115059,DNE,DNE
37684526119028,DNE,DNE
37684600000000,DNE,DNE
37684606040661,DNE,DNE
37735283730223,DNE,DNE
37735283731197,DNE,DNE
37735283732765,DNE,DNE
37735283732955,DNE,DNE
37735283734282,DNE,DNE
37735283734985,DNE,DNE
37735283736808,DNE,DNE
37735283738036,DNE,DNE
37735283738986,DNE,DNE
37735283756764,DNE,DNE
37735510000000,DNE,DNE
37735510107557,DNE,E
37735510113498,DNE,E
37735510127423,DNE,E
37735513730017,DNE,E
37735513730694,DNE,E
37735513730892,DNE,DNE
37735513731163,DNE,E
37735516037774,DNE,E
37735516037782,DNE,E
37735516037790,DNE,E
37735516037808,DNE,DNE
37735516037816,DNE,E
37735516099352,DNE,E
37735516106512,DNE,E
37735516109201,DNE,E
37735516116578,DNE,E
37735516118137,DNE,E
37735516120711,DNE,E
37735690000000,DNE,DNE
37735690101071,DNE,DNE
37735690101089,DNE,DNE
37735690113514,DNE,DNE
37735690113522,DNE,DNE
37735690136267,DNE,E
37735690140079,DNE,DNE
37735690140343,DNE,DNE
37735690162636,DNE,DNE
37735690162644,DNE,DNE
37735693730421,DNE,DNE
37735693731148,DNE,DNE
37735693731221,DNE,E
37735693731593,DNE,DNE
37735693735206,DNE,DNE
37735693739018,DNE,DNE
37735693739026,DNE,DNE
37735696038822,DNE,DNE
37735696038830,DNE,DNE
37735696038848,DNE,DNE
37735696038855,DNE,DNE
37735696038863,DNE,DNE
37735696038871,DNE,DNE
37735696038889,DNE,DNE
37735696038897,DNE,DNE
37735696038905,DNE,DNE
37735696038913,DNE,DNE
37735696038921,DNE,DNE
37735696067011,DNE,DNE
37735696069108,DNE,DNE
37735696070916,DNE,DNE
37735696085070,DNE,DNE
37735696088991,DNE,DNE
37735696106546,DNE,DNE
37735696108211,DNE,DNE
37735696109995,DNE,DNE
37735696111777,DNE,DNE
37735696115166,DNE,DNE
37735696115299,DNE,DNE
37735696119713,DNE,DNE
37737910000000,DNE,DNE
37737910105684,DNE,E
37737910105726,DNE,E
37737910109785,DNE,DNE
37737910111468,DNE,E
37737910116467,DNE,E
37737910131433,DNE,E
37737910138222,E,E
37737913730157,DNE,DNE
37737913730215,DNE,E
37737913730793,DNE,E
37737913730918,DNE,DNE
37737913737632,DNE,E
37737916039069,DNE,E
37737916039077,DNE,E
37737916039085,DNE,E
37737916039093,DNE,E
37737916095061,DNE,E
37737916097893,DNE,DNE
37737916105993,DNE,E
37737916107148,DNE,E
37737916108872,DNE,E
37737916114169,DNE,E
37737916115349,DNE,E
37737916116206,DNE,E
37745260000000,DNE,DNE
37745263790029,DNE,DNE
37754160000000,DNE,DNE
37754160121764,DNE,DNE
37754160122796,DNE,DNE
37754160132472,E,E
37754160138651,E,E
37754160139378,E,E
37754160139386,E,E
37754160139451,DNE,E
37754160163501,DNE,DNE
37754163730975,DNE,E
37754163731015,DNE,DNE
37754166040661,DNE,E
37754166119275,DNE,DNE
37756140000000,DNE,DNE
37756140100511,DNE,E
37756143731114,DNE,E
37756143731312,DNE,E
37756143731338,DNE,DNE
37756143731601,DNE,E
37756146038954,DNE,DNE
37756146038962,DNE,E
37756146040570,DNE,DNE
37756146093272,DNE,E
37756146106124,DNE,E
37756146112494,DNE,E
37764710000000,DNE,DNE
37764710114678,E,E
37764710114694,E,E
37764710119271,E,E
37764710123042,E,E
37764710123059,E,E
37764710127605,E,E
37764710137067,E,E
37764710138768,E,E
37764710138776,E,E
37768510000000,DNE,DNE
37768510110122,DNE,E
37768510129320,DNE,E
37768510132886,DNE,DNE
37768516037543,DNE,E
37768516108567,DNE,E
37768516113468,DNE,E
37769010000000,DNE,DNE
37769010131193,DNE,DNE
37769010134429,DNE,DNE
37770320000000,DNE,DNE
37770990000000,DNE,DNE
37770990136077,DNE,E
37771070000000,DNE,DNE
37771070136473,DNE,E
37771560000000,DNE,DNE
37771560137323,DNE,E
37771640000000,DNE,DNE
37771640137356,DNE,E
37771720000000,DNE,DNE
37771720138099,DNE,E
38103890000000,DNE,DNE
38103893830114,DNE,DNE
38103893830304,DNE,DNE
38103893830312,DNE,DNE
38103893830320,DNE,DNE
38103893830338,DNE,DNE
38103893830346,DNE,DNE
38103893830361,DNE,E
38103893830379,DNE,DNE
38103893830395,DNE,E
38103893830445,DNE,E
38103893830874,DNE,DNE
38103893831328,DNE,DNE
38103896069561,DNE,E
38103896092837,DNE,DNE
38103896098206,DNE,DNE
38322503890027,DNE,DNE
38684780000000,DNE,DNE
38684780101261,DNE,DNE
38684780101337,DNE,E
38684780101352,DNE,E
38684780101774,DNE,E
38684780102087,DNE,DNE
38684780102103,DNE,E
38684780107300,E,E
38684780109769,DNE,DNE
38684780111427,DNE,E
38684780117085,DNE,DNE
38684780117465,DNE,DNE
38684780117473,DNE,DNE
38684780117481,DNE,DNE
38684780117499,DNE,DNE
38684780117507,DNE,DNE
38684780117515,DNE,DNE
38684780117523,DNE,DNE
38684780117531,DNE,DNE
38684780117564,DNE,DNE
38684780117572,DNE,DNE
38684780117580,DNE,DNE
38684780118133,DNE,DNE
38684780118141,DNE,E
38684780119875,DNE,E
38684780119958,DNE,E
38684780120386,DNE,E
38684780123117,DNE,E
38684780123265,DNE,E
38684780123505,DNE,E
38684780127530,DNE,E
38684780128876,DNE,DNE
38684780132241,DNE,E
38684780159038,DNE,DNE
38684780159046,DNE,DNE
38684780159053,DNE,DNE
38684780159061,DNE,DNE
38684780159079,DNE,DNE
38684780159087,DNE,DNE
38684780159095,DNE,DNE
38684780159103,DNE,DNE
38684780159111,DNE,DNE
38684780159129,DNE,DNE
38684780159137,DNE,DNE
38684780159145,DNE,DNE
38684780159152,DNE,DNE
38684780159160,DNE,DNE
38684780159178,DNE,DNE
38684780159186,DNE,DNE
38684780159194,DNE,DNE
38684780159202,DNE,DNE
38684780159210,DNE,DNE
38684780159228,DNE,DNE
38684780159236,DNE,DNE
38684780159244,DNE,DNE
38684783830031,DNE,E
38684783830049,DNE,DNE
38684783830064,DNE,E
38684783830072,DNE,DNE
38684783830080,DNE,DNE
38684783830106,DNE,DNE
38684783830122,DNE,DNE
38684783830130,DNE,DNE
38684783830148,DNE,DNE
38684783830155,DNE,DNE
38684783830163,DNE,DNE
38684783830189,DNE,DNE
38684783830197,DNE,E
38684783830205,DNE,E
38684783830213,DNE,DNE
38684783830221,DNE,DNE
38684783830239,DNE,DNE
38684783830247,DNE,DNE
38684783830254,DNE,E
38684783830262,DNE,DNE
38684783830270,DNE,DNE
38684783830288,DNE,E
38684783830296,DNE,DNE
38684783830353,DNE,DNE
38684783830387,DNE,E
38684783830395,DNE,DNE
38684783830403,DNE,E
38684783830411,DNE,DNE
38684783830429,DNE,E
38684783830437,DNE,E
38684783830452,DNE,DNE
38684783831765,DNE,E
38684783831773,DNE,DNE
38684783832086,DNE,DNE
38684783833241,DNE,E
38684783833407,DNE,E
38684783834082,DNE,E
38684783834769,DNE,E
38684783834819,DNE,DNE
38684783834926,DNE,DNE
38684783839081,DNE,E
38684783839404,DNE,DNE
38684783890100,DNE,DNE
38684786040695,DNE,E
38684786040703,DNE,E
38684786040711,DNE,DNE
38684786040729,DNE,DNE
38684786040737,DNE,E
38684786040745,DNE,DNE
38684786040752,DNE,E
38684786040760,DNE,E
38684786040778,DNE,E
38684786040786,DNE,DNE
38684786040794,DNE,DNE
38684786040802,DNE,DNE
38684786040810,DNE,DNE
38684786040828,DNE,E
38684786040836,DNE,E
38684786040844,DNE,DNE
38684786040851,DNE,E
38684786040877,DNE,E
38684786040885,DNE,DNE
38684786040893,DNE,E
38684786040901,DNE,DNE
38684786040919,DNE,E
38684786040927,DNE,DNE
38684786040935,DNE,E
38684786040943,DNE,E
38684786040950,DNE,E
38684786040968,DNE,E
38684786040976,DNE,DNE
38684786040984,DNE,E
38684786040992,DNE,DNE
38684786041008,DNE,E
38684786041016,DNE,E
38684786041024,DNE,DNE
38684786041032,DNE,DNE
38684786041040,DNE,E
38684786041057,DNE,DNE
38684786041065,DNE,E
38684786041073,DNE,E
38684786041081,DNE,DNE
38684786041099,DNE,DNE
38684786041107,DNE,DNE
38684786041115,DNE,E
38684786041123,DNE,E
38684786041131,DNE,E
38684786041149,DNE,E
38684786041156,DNE,E
38684786041164,DNE,DNE
38684786041180,DNE,DNE
38684786041198,DNE,DNE
38684786041206,DNE,E
38684786041222,DNE,DNE
38684786041230,DNE,E
38684786041248,DNE,DNE
38684786041255,DNE,E
38684786041263,DNE,DNE
38684786041271,DNE,E
38684786041289,DNE,E
38684786041297,DNE,DNE
38684786041305,DNE,E
38684786041313,DNE,DNE
38684786041321,DNE,E
38684786041339,DNE,E
38684786041347,DNE,E
38684786041354,DNE,DNE
38684786041362,DNE,E
38684786041370,DNE,DNE
38684786041388,DNE,DNE
38684786041396,DNE,DNE
38684786041404,DNE,DNE
38684786041412,DNE,E
38684786041420,DNE,E
38684786041438,DNE,E
38684786041446,DNE,E
38684786041453,DNE,DNE
38684786041461,DNE,DNE
38684786041479,DNE,DNE
38684786041487,DNE,E
38684786041495,DNE,DNE
38684786041503,DNE,E
38684786041511,DNE,E
38684786041529,DNE,E
38684786041537,DNE,DNE
38684786041545,DNE,E
38684786041552,DNE,DNE
38684786041560,DNE,E
38684786041578,DNE,E
38684786041586,DNE,E
38684786041594,DNE,E
38684786041602,DNE,E
38684786041610,DNE,E
38684786041628,DNE,DNE
38684786041644,DNE,E
38684786041651,DNE,DNE
38684786041669,DNE,DNE
38684786041677,DNE,DNE
38684786041685,DNE,E
38684786041701,DNE,E
38684786041719,DNE,DNE
38684786041727,DNE,E
38684786041735,DNE,DNE
38684786041743,DNE,DNE
38684786059828,DNE,E
38684786059836,DNE,DNE
38684786059844,DNE,E
38684786059851,DNE,E
38684786059869,DNE,E
38684786059877,DNE,DNE
38684786059885,DNE,E
38684786059893,DNE,DNE
38684786059901,DNE,E
38684786059919,DNE,E
38684786062020,DNE,E
38684786062038,DNE,E
38684786062046,DNE,E
38684786062053,DNE,E
38684786062061,DNE,E
38684786062079,DNE,E
38684786068258,DNE,DNE
38684786068829,DNE,DNE
38684786069942,DNE,DNE
38684786069959,DNE,DNE
38684786069967,DNE,DNE
38684786072011,DNE,DNE
38684786072029,DNE,DNE
38684786072037,DNE,DNE
38684786072045,DNE,DNE
38684786072052,DNE,DNE
38684786072078,DNE,DNE
38684786072094,DNE,DNE
38684786085567,DNE,DNE
38684786089569,DNE,E
38684786089577,DNE,DNE
38684786089585,DNE,E
38684786089759,DNE,DNE
38684786089767,DNE,DNE
38684786089775,DNE,E
38684786093488,DNE,E
38684786093496,DNE,E
38684786097919,DNE,E
38684786099154,DNE,E
38684786102479,DNE,E
38684786102982,DNE,DNE
38684786102990,DNE,DNE
38684786103311,DNE,DNE
38684786104673,DNE,E
38684786112601,DNE,E
38684786113237,DNE,DNE
38684786113245,DNE,E
38684786113252,DNE,E
38684786113997,DNE,E
38684786115901,DNE,E
38684786118251,DNE,DNE
38684786119614,DNE,DNE
38735363830015,DNE,DNE
38735363830122,DNE,DNE
38735363830171,DNE,DNE
38735363831724,DNE,DNE
38735363833563,DNE,DNE
38735363834041,DNE,DNE
38745340000000,DNE,DNE
38745343890019,DNE,DNE
38756480000000,DNE,DNE
38767030000000,DNE,DNE
38767030121814,DNE,DNE
38767520000000,DNE,DNE
38769190000000,DNE,DNE
38769190132159,DNE,DNE
38769270000000,DNE,DNE
38769270132183,DNE,E
38771310000000,DNE,DNE
38771310137307,DNE,E
38772300000000,DNE,DNE
38772300138842,DNE,DNE
39103970000000,DNE,DNE
39103970114447,DNE,DNE
39103970120717,DNE,E
39103970121723,DNE,DNE
39103970124958,DNE,E
39103970142539,DNE,DNE
39103970145268,DNE,DNE
39103970145276,DNE,DNE
39103970145284,DNE,DNE
39103970145292,DNE,DNE
39103970145300,DNE,DNE
39103970145318,DNE,DNE
39103970145326,DNE,DNE
39103970145334,DNE,DNE
39103970145342,DNE,DNE
39103970145359,DNE,DNE
39103970145367,DNE,DNE
39103970145375,DNE,DNE
39103970145383,DNE,DNE
39103970145391,DNE,DNE
39103970145409,DNE,DNE
39103970145417,DNE,DNE
39103970145425,DNE,DNE
39103970145433,DNE,DNE
39103970145441,DNE,DNE
39103970145458,DNE,DNE
39103970145466,DNE,DNE
39103970145474,DNE,DNE
39103970145482,DNE,DNE
39103970145490,DNE,DNE
39103970145508,DNE,DNE
39103970145516,DNE,DNE
39103970145524,DNE,DNE
39103970145532,DNE,DNE
39103970145540,DNE,DNE
39103970145557,DNE,DNE
39103970145565,DNE,DNE
39103970145573,DNE,DNE
39103970145581,DNE,DNE
39103970145599,DNE,DNE
39103970145607,DNE,DNE
39103970145615,DNE,DNE
39103970145623,DNE,DNE
39103970145631,DNE,DNE
39103970158121,DNE,DNE
39103970158485,DNE,DNE
39103970158493,DNE,DNE
39103970158725,DNE,DNE
39103970158733,DNE,DNE
39103973930088,DNE,DNE
39103973930195,DNE,E
39103973930245,DNE,DNE
39103973930468,DNE,E
39103973930476,DNE,E
39103973935061,DNE,DNE
39103976068837,DNE,DNE
39103976068845,DNE,DNE
39103976069215,DNE,E
39103976070965,DNE,DNE
39103976070973,DNE,DNE
39103976095228,DNE,DNE
39103976095236,DNE,DNE
39320783931755,DNE,DNE
39320863931250,DNE,DNE
39320943932951,DNE,DNE
39321103930047,DNE,DNE
39322433990017,DNE,DNE
39322683990025,DNE,DNE
39322763930047,DNE,DNE
39322763932951,DNE,DNE
39684860000000,DNE,DNE
39685020000000,DNE,DNE
39685020126011,DNE,E
39685023930054,DNE,E
39685023930229,DNE,DNE
39685023932308,E,E
39685026041776,DNE,DNE
39685026041784,E,E
39685026041792,DNE,E
39685026041800,E,E
39685026041818,DNE,DNE
39685026041826,DNE,DNE
39685026041834,E,E
39685026070957,E,E
39685026117238,DNE,DNE
39685360000000,DNE,DNE
39685366041867,DNE,DNE
39685440000000,DNE,DNE
39685440105718,DNE,E
39685440142323,DNE,DNE
39685446041875,DNE,E
39685446110373,DNE,E
39685446117618,DNE,E
39685510000000,DNE,DNE
39685516116941,DNE,DNE
39685690000000,DNE,DNE
39685690116442,DNE,DNE
39685690132415,DNE,E
39685690132829,DNE,DNE
39685690139931,DNE,DNE
39685690159251,DNE,DNE
39685690159269,DNE,DNE
39685690159277,DNE,DNE
39685690159285,DNE,DNE
39685690159293,DNE,DNE
39685690159301,DNE,DNE
39685690159319,DNE,DNE
39685693930120,DNE,DNE
39685693930153,DNE,DNE
39685693930203,DNE,DNE
39685693930401,DNE,DNE
39685693933793,DNE,E
39685693933801,DNE,E
39685696041891,DNE,E
39685696041909,DNE,E
39685696041917,DNE,E
39685696041925,DNE,E
39685696041933,DNE,E
39685696041941,DNE,DNE
39685696095210,DNE,E
39685696104020,DNE,E
39685696105738,DNE,E
39685696111462,DNE,E
39685696114979,DNE,DNE
39685696114987,DNE,DNE
39685696117139,DNE,DNE
39685770000000,DNE,DNE
39685770110197,DNE,DNE
39685770118307,E,E
39685773930021,DNE,DNE
39685773930252,DNE,DNE
39685773930351,DNE,DNE
39685773933959,E,E
39685776041958,DNE,DNE
39685776041966,E,E
39685776041974,E,E
39685776041990,E,E
39685776042006,E,E
39685850000000,DNE,DNE
39685850100560,DNE,E
39685850101428,DNE,DNE
39685850101956,DNE,E
39685850102632,DNE,E
39685850102640,DNE,E
39685850102657,DNE,E
39685850108209,DNE,E
39685850108217,DNE,E
39685850108225,DNE,E
39685850111286,DNE,E
39685850111419,DNE,E
39685850116608,DNE,E
39685850122580,E,E
39685850122879,DNE,DNE
39685850125369,DNE,E
39685850132837,DNE,DNE
39685850133678,DNE,E
39685850139261,DNE,E
39685850159327,DNE,DNE
39685850159335,DNE,DNE
39685850159343,DNE,DNE
39685850159350,DNE,DNE
39685850159368,DNE,DNE
39685850159376,DNE,DNE
39685850159384,DNE,DNE
39685850159392,DNE,DNE
39685850160184,DNE,DNE
39685850160465,DNE,DNE
39685850160473,DNE,DNE
39685850160481,DNE,DNE
39685853930187,DNE,DNE
39685853930237,DNE,E
39685853930278,DNE,E
39685853930344,DNE,E
39685853930377,DNE,DNE
39685853930443,DNE,E
39685853934304,DNE,DNE
39685853934759,DNE,E
39685853934767,DNE,E
39685853934783,DNE,E
39685856042014,DNE,DNE
39685856042022,DNE,DNE
39685856042030,DNE,DNE
39685856042048,DNE,DNE
39685856042055,DNE,E
39685856042063,DNE,E
39685856042071,DNE,E
39685856042089,DNE,DNE
39685856042097,DNE,E
39685856042105,DNE,DNE
39685856042113,DNE,DNE
39685856042121,DNE,E
39685856042139,DNE,E
39685856042147,DNE,E
39685856042154,DNE,E
39685856042162,DNE,DNE
39685856042170,DNE,E
39685856042188,DNE,E
39685856042196,DNE,E
39685856042204,DNE,E
39685856042212,DNE,DNE
39685856042220,DNE,E
39685856042238,DNE,DNE
39685856042246,DNE,DNE
39685856042253,DNE,DNE
39685856042261,DNE,DNE
39685856042279,DNE,DNE
39685856042287,DNE,DNE
39685856042295,DNE,E
39685856042303,DNE,DNE
39685856067094,DNE,DNE
39685856070973,DNE,DNE
39685856097760,DNE,E
39685856097778,DNE,DNE
39685856098057,DNE,E
39685856098222,DNE,DNE
39685856098644,DNE,DNE
39685856099162,DNE,DNE
39685856100341,DNE,E
39685856100358,DNE,DNE
39685856100366,DNE,E
39685856101935,DNE,DNE
39685856104038,DNE,E
39685856104426,DNE,E
39685856104657,DNE,DNE
39685856105902,DNE,DNE
39685856106348,DNE,DNE
39685856107114,DNE,E
39685856108807,DNE,E
39685856108856,DNE,E
39685856109839,DNE,E
39685856110944,DNE,E
39685856111983,DNE,E
39685856116594,DNE,E
39685856116974,DNE,DNE
39685856116982,DNE,DNE
39685856117675,DNE,E
39685856118921,DNE,E
39685856120059,DNE,E
39685930000000,DNE,DNE
39685930101576,DNE,E
39685930105973,DNE,E
39685930108613,DNE,E
39685930112565,DNE,E
39685930113357,DNE,E
39685930116376,DNE,E
39685930126094,DNE,DNE
39685930141424,DNE,E
39685930159400,DNE,DNE
39685930159418,DNE,DNE
39685930159426,DNE,DNE
39685930159434,DNE,DNE
39685930159442,DNE,DNE
39685930159459,DNE,DNE
39685933930138,DNE,DNE
39685933930146,DNE,DNE
39685933930161,DNE,DNE
39685933930310,DNE,E
39685933930328,DNE,E
39685933930385,DNE,DNE
39685933931904,DNE,DNE
39685933932001,DNE,E
39685933935095,DNE,DNE
39685933935103,DNE,E
39685933935111,DNE,E
39685936042311,DNE,E
39685936042329,DNE,E
39685936042337,DNE,E
39685936042345,DNE,E
39685936042352,DNE,DNE
39685936042360,DNE,E
39685936042378,DNE,E
39685936042386,DNE,E
39685936042394,DNE,E
39685936042402,DNE,DNE
39685936068217,DNE,DNE
39685936104533,DNE,E
39685936106751,DNE,DNE
39685936107429,DNE,E
39685936108237,DNE,E
39685936109532,DNE,E
39685936110555,DNE,E
39685936112197,DNE,E
39685936114847,DNE,E
39685936115414,DNE,E
39685936118418,DNE,DNE
39685936118509,DNE,E
39685936120505,DNE,E
39686190000000,DNE,DNE
39686193930435,DNE,DNE
39686196042428,E,E
39686270000000,DNE,DNE
39686270117796,DNE,E
39686270126672,DNE,DNE
39686270126755,DNE,E
39686270127191,DNE,E
39686270128546,DNE,DNE
39686270128553,DNE,DNE
39686270129361,DNE,DNE
39686270129890,DNE,E
39686270129908,DNE,DNE
39686270129916,E,E
39686270130864,DNE,DNE
39686270132035,DNE,DNE
39686270132050,DNE,E
39686270132365,DNE,DNE
39686270133116,DNE,E
39686270136028,DNE,E
39686270136044,DNE,DNE
39686270136135,DNE,E
39686276042436,DNE,E
39686276116180,DNE,DNE
39686276119309,DNE,E
39686350000000,DNE,DNE
39686356042444,DNE,E
39686430000000,DNE,DNE
39686436042451,DNE,DNE
39686500000000,DNE,DNE
39686500108035,DNE,E
39686500125849,DNE,E
39686500128215,DNE,E
39686503930179,DNE,DNE
39686503930260,DNE,DNE
39686503930419,DNE,DNE
39686503935756,DNE,E
39686506042469,DNE,DNE
39686506042477,DNE,E
39686506042485,DNE,E
39686506042493,DNE,DNE
39686506106322,DNE,E
39686506109284,DNE,E
39686760000000,DNE,DNE
39686760100206,DNE,E
39686760101758,DNE,DNE
39686760108159,DNE,E
39686760108647,DNE,E
39686760111146,DNE,DNE
39686760111310,DNE,E
39686760111328,DNE,E
39686760111336,DNE,DNE
39686760111344,DNE,E
39686760111351,DNE,E
39686760111369,DNE,E
39686760114876,DNE,E
39686760114926,DNE,DNE
39686760115071,DNE,DNE
39686760115303,DNE,E
39686760115394,DNE,DNE
39686760115402,DNE,E
39686760117119,DNE,DNE
39686760117853,DNE,DNE
39686760118497,DNE,E
39686760118752,DNE,E
39686760119743,DNE,DNE
39686760119784,DNE,E
39686760120725,DNE,E
39686760120733,DNE,E
39686760121541,DNE,E
39686760121798,DNE,E
39686760123802,DNE,DNE
39686760124248,DNE,DNE
39686760136283,DNE,E
39686760138784,DNE,DNE
39686760139865,DNE,E
39686760139907,DNE,E
39686760139923,DNE,E
39686760139998,DNE,DNE
39686760140020,DNE,E
39686760140616,DNE,E
39686760141358,DNE,E
39686760159475,DNE,DNE
39686760159483,DNE,DNE
39686760159491,DNE,DNE
39686760159509,DNE,DNE
39686760159517,DNE,DNE
39686760159525,DNE,DNE
39686760159533,DNE,DNE
39686760159541,DNE,DNE
39686760159558,DNE,DNE
39686760159566,DNE,DNE
39686760159574,DNE,DNE
39686760159582,DNE,DNE
39686760159590,DNE,DNE
39686760159608,DNE,DNE
39686760159616,DNE,DNE
39686760159624,DNE,DNE
39686760159632,DNE,DNE
39686760159640,DNE,DNE
39686760159657,DNE,DNE
39686760159665,DNE,DNE
39686760159673,DNE,DNE
39686760159681,DNE,DNE
39686760159699,DNE,DNE
39686760159707,DNE,DNE
39686760159715,DNE,DNE
39686760159723,DNE,DNE
39686760159731,DNE,DNE
39686760159749,DNE,DNE
39686760159756,DNE,DNE
39686760160689,DNE,DNE
39686760160903,DNE,DNE
39686763830460,DNE,DNE
39686763930013,DNE,DNE
39686763930070,DNE,DNE
39686763930104,DNE,DNE
39686763930112,DNE,DNE
39686763930211,DNE,E
39686763930369,DNE,DNE
39686763930427,DNE,E
39686763932100,DNE,E
39686763932654,DNE,E
39686763937026,DNE,DNE
39686763937307,DNE,DNE
39686763937406,DNE,E
39686763937570,DNE,DNE
39686763937653,DNE,DNE
39686763937661,DNE,DNE
39686763990025,DNE,DNE
39686766042501,DNE,E
39686766042519,DNE,E
39686766042535,DNE,E
39686766042543,DNE,E
39686766042550,DNE,E
39686766042568,DNE,E
39686766042576,DNE,E
39686766042584,DNE,DNE
39686766042592,DNE,DNE
39686766042600,DNE,E
39686766042618,DNE,E
39686766042626,DNE,E
39686766042634,DNE,E
39686766042642,DNE,DNE
39686766042659,DNE,DNE
39686766042667,DNE,E
39686766042675,DNE,DNE
39686766042683,DNE,E
39686766042691,DNE,E
39686766042709,DNE,E
39686766042717,DNE,E
39686766042725,DNE,DNE
39686766042733,DNE,DNE
39686766042741,DNE,E
39686766042758,DNE,E
39686766042766,DNE,E
39686766042774,DNE,E
39686766042782,DNE,DNE
39686766042790,DNE,E
39686766042808,DNE,E
39686766042816,DNE,DNE
39686766042824,DNE,E
39686766059927,DNE,DNE
39686766059935,DNE,DNE
39686766059943,DNE,DNE
39686766062087,DNE,DNE
39686766065874,DNE,DNE
39686766068423,DNE,DNE
39686766069835,DNE,DNE
39686766069843,DNE,DNE
39686766094783,DNE,DNE
39686766095236,DNE,E
39686766097786,DNE,DNE
39686766097794,DNE,DNE
39686766097802,DNE,DNE
39686766098651,DNE,E
39686766098669,DNE,DNE
39686766098677,DNE,E
39686766098685,DNE,DNE
39686766101828,DNE,DNE
39686766104368,DNE,E
39686766104665,DNE,E
39686766115422,DNE,E
39686766116032,DNE,DNE
39686766116115,DNE,E
39686766118871,DNE,E
39686840000000,DNE,DNE
39686843930336,DNE,DNE
39686846042832,DNE,DNE
39686846042840,DNE,DNE
39686846042857,DNE,DNE
39686846042865,DNE,DNE
39686846042873,DNE,DNE
39686846042881,DNE,DNE
39686846042899,DNE,DNE
39686846106488,DNE,DNE
39686846107973,DNE,DNE
39686846108997,DNE,DNE
39686846109003,DNE,DNE
39686846110530,DNE,DNE
39686846114490,DNE,DNE
39686920000000,DNE,DNE
39686923930286,DNE,DNE
39686923930294,DNE,DNE
39686923930302,DNE,DNE
39686923937968,DNE,DNE
39686923937976,DNE,DNE
39686923938008,DNE,DNE
39734780000000,DNE,DNE
39734786041768,DNE,DNE
39734786041842,DNE,DNE
39734786041859,DNE,DNE
39734786042410,DNE,DNE
39734786085005,DNE,DNE
39745420000000,DNE,DNE
39745423990033,DNE,DNE
39754990000000,DNE,DNE
39754990102384,DNE,E
39754990102392,DNE,E
39754990108357,DNE,E
39754990114140,DNE,E
39754990119040,DNE,E
39754990120519,DNE,DNE
39754990139949,DNE,E
39754990163550,DNE,DNE
39754990163568,DNE,DNE
39754990163576,DNE,DNE
39754990163584,DNE,DNE
39754993930286,DNE,DNE
39754993930294,DNE,DNE
39754993930302,DNE,E
39754993930393,DNE,E
39754993937968,DNE,DNE
39754993937976,DNE,DNE
39754993938008,DNE,E
39754996042832,DNE,E
39754996042840,DNE,E
39754996042857,DNE,E
39754996042865,DNE,E
39754996042873,DNE,DNE
39754996042881,DNE,E
39754996042899,DNE,DNE
39754996085005,DNE,DNE
39754996106488,DNE,E
39754996107973,DNE,E
39754996108997,DNE,E
39754996109003,DNE,E
39754996110530,DNE,E
39754996114490,DNE,E
39754996118665,DNE,E
39754996118699,DNE,E
39767600000000,DNE,DNE
39767600106484,DNE,E
39767600114645,DNE,E
39767600121046,DNE,E
39767600128967,DNE,E
39767600129312,DNE,E
39767600137075,DNE,E
39767600139956,DNE,E
39767600142059,DNE,E
39767606041883,DNE,E
39773880000000,DNE,DNE
39773880127134,DNE,DNE
39773880131789,DNE,DNE
39773880140392,DNE,E
39773880141234,DNE,DNE
39773880141242,DNE,DNE
39773886041750,DNE,E
40104050000000,DNE,DNE
40104050101725,DNE,E
40104050125807,DNE,E
40104050145649,DNE,DNE
40104050145656,DNE,DNE
40104050145664,DNE,DNE
40104050145672,DNE,DNE
40104050145680,DNE,DNE
40104050145698,DNE,DNE
40104050145706,DNE,DNE
40104050145714,DNE,DNE
40104054030078,DNE,E
40104054030250,DNE,E
40104056106769,DNE,E
40322764035903,DNE,DNE
40687000000000,DNE,DNE
40687004030037,DNE,DNE
40687004030102,DNE,E
40687004030151,DNE,E
40687004030755,DNE,E
40687004036802,DNE,DNE
40687006042907,DNE,E
40687006042915,DNE,E
40687006042923,DNE,DNE
40687006042931,DNE,E
40687006042949,DNE,E
40687006042956,DNE,E
40687006042964,DNE,E
40687006093637,DNE,DNE
40687006107544,DNE,E
40687006111058,DNE,E
40687006117980,DNE,E
40687180000000,DNE,DNE
40687186042972,DNE,DNE
40687186042980,DNE,DNE
40687260000000,DNE,DNE
40687266042998,E,E
40687340000000,DNE,DNE
40687344030094,DNE,DNE
40687344032009,DNE,DNE
40687420000000,DNE,DNE
40687426043004,DNE,DNE
40687590000000,DNE,DNE
40687590110486,DNE,E
40687590125328,DNE,E
40687590140194,DNE,E
40687594030011,DNE,DNE
40687594030052,DNE,DNE
40687594030268,DNE,E
40687594030508,DNE,DNE
40687594030557,DNE,E
40687594033205,DNE,E
40687596043012,DNE,E
40687596043020,DNE,E
40687596043038,DNE,E
40687596043046,DNE,E
40687596043053,DNE,E
40687596043061,DNE,E
40687596043079,DNE,E
40687596043087,DNE,E
40687596043095,DNE,E
40687596043103,DNE,E
40687596043111,DNE,E
40687596043129,DNE,E
40687596109342,DNE,E
40687670000000,DNE,DNE
40687676043137,DNE,DNE
40687676043145,DNE,DNE
40687676043152,DNE,DNE
40687676043160,DNE,DNE
40687676043178,DNE,DNE
40687676101570,DNE,DNE
40687676108377,DNE,DNE
40687676109151,DNE,DNE
40687676113096,DNE,DNE
40687676114219,DNE,DNE
40687679011412,DNE,DNE
40687750000000,DNE,DNE
40687754030110,DNE,DNE
40687754030169,DNE,DNE
40687754035754,DNE,DNE
40687830000000,DNE,DNE
40687836043178,DNE,DNE
40687910000000,DNE,DNE
40687916043186,E,E
40688090000000,DNE,DNE
40688090118695,DNE,E
40688094030045,DNE,E
40688094034807,DNE,E
40688094036307,DNE,DNE
40688094036703,DNE,E
40688096043194,E,E
40688096043202,DNE,E
40688096043210,DNE,E
40688096043228,DNE,DNE
40688096043236,DNE,E
40688096043244,DNE,E
40688096043251,DNE,DNE
40688096043269,DNE,E
40688096043277,DNE,E
40688096043285,DNE,E
40688096043293,DNE,DNE
40688096043301,DNE,E
40688096059950,DNE,DNE
40688096067102,DNE,E
40688096096325,DNE,E
40688096097349,DNE,E
40688096103295,DNE,DNE
40688096110621,DNE,E
40688250000000,DNE,DNE
40688250108522,DNE,E
40688250114835,DNE,DNE
40688256043319,DNE,E
40688330000000,DNE,DNE
40688334030227,DNE,DNE
40688334037008,DNE,E
40688336043327,DNE,DNE
40688336043335,DNE,E
40688336043343,DNE,E
40688336103360,DNE,DNE
40688410000000,DNE,DNE
40688410120915,DNE,DNE
40688410125914,DNE,DNE
40688414030128,DNE,E
40688414030136,DNE,DNE
40688414030177,DNE,DNE
40688414030185,DNE,E
40688414037701,DNE,E
40688416043350,DNE,DNE
40688416106371,DNE,E
40688416112155,E,E
40688416118145,DNE,E
40747240000000,DNE,DNE
40747244090007,DNE,DNE
40754570000000,DNE,DNE
40754570119354,DNE,DNE
40754570123588,DNE,DNE
40754570138255,DNE,DNE
40754570141200,DNE,DNE
40754574030110,DNE,DNE
40754574030169,DNE,DNE
40754574030193,DNE,DNE
40754574030235,DNE,DNE
40754574030243,DNE,DNE
40754574035754,DNE,DNE
40754574035762,DNE,DNE
40754576043137,DNE,DNE
40754576043145,DNE,DNE
40754576043160,DNE,DNE
40754576101570,DNE,DNE
40754576108377,DNE,DNE
40754576109151,DNE,DNE
40754576113096,DNE,DNE
40754576117030,DNE,DNE
40754576900708,DNE,DNE
40754650000000,DNE,DNE
40754654030144,E,E
40754654030219,DNE,DNE
40754654032009,E,E
40754656042972,E,E
40754656042980,E,E
41104130000000,DNE,DNE
41104130113258,DNE,DNE
41104130113266,DNE,DNE
41104130113282,DNE,DNE
41104130113290,DNE,DNE
41104130113308,DNE,DNE
41104130113316,DNE,DNE
41104130113324,DNE,DNE
41104130113332,DNE,E
41104130113340,DNE,DNE
41104130117143,DNE,E
41104130128652,DNE,E
41104130135269,DNE,E
41104130145722,DNE,DNE
41104130145730,DNE,DNE
41104130145748,DNE,DNE
41104130145755,DNE,DNE
41104130145763,DNE,DNE
41104130145771,DNE,DNE
41104130145789,DNE,DNE
41104130145797,DNE,DNE
41104130145805,DNE,DNE
41104130145813,DNE,DNE
41104130145821,DNE,DNE
41104130145839,DNE,DNE
41104130145847,DNE,DNE
41104130145854,DNE,DNE
41104130145862,DNE,DNE
41104130145870,DNE,DNE
41104130145888,DNE,DNE
41104130145896,DNE,DNE
41104130145904,DNE,DNE
41104130145912,DNE,DNE
41104130145920,DNE,DNE
41104130145938,DNE,DNE
41104130145946,DNE,DNE
41104130145953,DNE,DNE
41104130145961,DNE,DNE
41104130145979,DNE,DNE
41104130145987,DNE,DNE
41104130145995,DNE,DNE
41104130146001,DNE,DNE
41104130146019,DNE,DNE
41104130164582,DNE,DNE
41104130164590,DNE,DNE
41104130164608,DNE,DNE
41104134130043,DNE,DNE
41104134130068,DNE,DNE
41104134130076,DNE,E
41104136045173,DNE,DNE
41104136045181,DNE,DNE
41104136045199,DNE,DNE
41104136045207,DNE,DNE
41104136045215,DNE,DNE
41104136045223,DNE,DNE
41104136045231,DNE,DNE
41104136045249,DNE,DNE
41104136069363,DNE,E
41104136071294,DNE,DNE
41104136089593,DNE,DNE
41104136093298,DNE,DNE
41104136093306,DNE,DNE
41104136093314,DNE,DNE
41104136094817,DNE,DNE
41104136095251,DNE,DNE
41104136095269,DNE,DNE
41104136095277,DNE,DNE
41104136095285,DNE,DNE
41104136095293,DNE,DNE
41104136097091,DNE,DNE
41104136097109,DNE,DNE
41104136097117,DNE,DNE
41104136098594,DNE,DNE
41104136098602,DNE,DNE
41104136099741,DNE,DNE
41104136103865,DNE,DNE
41688580000000,DNE,DNE
41688580120162,DNE,DNE
41688586043392,DNE,DNE
41688586043400,DNE,DNE
41688586043418,DNE,DNE
41688660000000,DNE,DNE
41688660121111,DNE,E
41688666043426,DNE,DNE
41688666043434,DNE,E
41688666043442,DNE,E
41688666043459,DNE,E
41688666043467,DNE,DNE
41688666043475,DNE,E
41688666043483,DNE,E
41688666114771,DNE,E
41688740000000,DNE,DNE
41688746043491,DNE,DNE
41688746043509,DNE,DNE
41688746043517,DNE,DNE
41688820000000,DNE,DNE
41688820107565,DNE,DNE
41688820119818,DNE,DNE
41688820133157,DNE,E
41688826043525,DNE,E
41688826043533,DNE,DNE
41688826043541,DNE,E
41688826043558,DNE,DNE
41688826043566,DNE,E
41688826043574,DNE,E
41688826043582,DNE,DNE
41688826043590,DNE,E
41688826043608,DNE,E
41688900000000,DNE,DNE
41688904130019,DNE,DNE
41688904130027,DNE,DNE
41688904132817,DNE,DNE
41688906043616,DNE,E
41688906043624,DNE,DNE
41688906043632,DNE,DNE
41688906043640,DNE,DNE
41688906043657,DNE,DNE
41688906043665,DNE,DNE
41689080000000,DNE,DNE
41689086043673,E,E
41689086043681,E,E
41689086043699,E,E
41689086043707,E,E
41689160000000,DNE,DNE
41689160112284,DNE,E
41689160159764,DNE,DNE
41689160159772,DNE,DNE
41689160159780,DNE,DNE
41689160159798,DNE,DNE
41689160164699,DNE,DNE
41689166043715,DNE,DNE
41689166043723,DNE,E
41689166043731,DNE,DNE
41689166043749,DNE,DNE
41689166043756,DNE,E
41689166043764,DNE,DNE
41689166043772,DNE,E
41689166043780,DNE,E
41689166043798,DNE,E
41689166043806,DNE,E
41689166043814,DNE,DNE
41689166043822,DNE,E
41689166043830,DNE,DNE
41689166043848,DNE,E
41689166043855,DNE,E
41689166043863,DNE,DNE
41689166043871,DNE,E
41689166043889,DNE,DNE
41689166043897,DNE,E
41689166043905,DNE,E
41689166043913,DNE,E
41689166115364,DNE,E
41689166118335,DNE,DNE
41689169011420,DNE,DNE
41689240000000,DNE,DNE
41689240127548,E,E
41689244133336,DNE,DNE
41689244133393,DNE,E
41689244135075,DNE,E
41689244137006,DNE,DNE
41689244137535,DNE,E
41689244137592,DNE,E
41689244137790,DNE,E
41689320000000,DNE,DNE
41689320105874,DNE,E
41689320132217,DNE,E
41689320132266,DNE,DNE
41689324130126,DNE,E
41689326043921,DNE,DNE
41689326043939,DNE,E
41689326043947,DNE,DNE
41689326043954,DNE,DNE
41689326043962,DNE,DNE
41689326043970,DNE,DNE
41689326043988,DNE,DNE
41689326043996,DNE,DNE
41689326044002,DNE,DNE
41689326044010,DNE,DNE
41689326044028,DNE,DNE
41689326044036,DNE,DNE
41689326044044,DNE,E
41689326044051,DNE,E
41689326044069,DNE,E
41689400000000,DNE,DNE
41689404130035,DNE,DNE
41689404130050,DNE,DNE
41689404135331,DNE,E
41689406044077,DNE,E
41689406044085,DNE,E
41689570000000,DNE,DNE
41689576044093,DNE,E
41689576044101,DNE,DNE
41689576044119,DNE,DNE
41689576044127,DNE,E
41689650000000,DNE,DNE
41689656044135,DNE,E
41689656044143,DNE,DNE
41689656044150,DNE,E
41689656044168,DNE,E
41689656044176,DNE,E
41689730000000,DNE,DNE
41689736044184,DNE,DNE
41689736044192,DNE,DNE
41689736044200,DNE,DNE
41689736044218,DNE,DNE
41689736044226,DNE,DNE
41689736044234,DNE,DNE
41689736044242,DNE,DNE
41689736044259,DNE,DNE
41689736044267,DNE,DNE
41689810000000,DNE,DNE
41689816044275,DNE,E
41689816044283,DNE,E
41689816044291,DNE,DNE
41689990000000,DNE,DNE
41689990100032,DNE,DNE
41689990109561,DNE,DNE
41689990126649,E,E
41689990131409,DNE,DNE
41689990134197,DNE,E
41689990135608,DNE,E
41689990136093,E,E
41689994130118,DNE,DNE
41689996044309,E,E
41689996044317,DNE,DNE
41689996044325,E,E
41689996044333,DNE,DNE
41689996044341,DNE,DNE
41689996044358,DNE,DNE
41689996044366,DNE,DNE
41689996044374,DNE,DNE
41689996044382,DNE,DNE
41689996044390,DNE,DNE
41689996044408,DNE,DNE
41689996044416,DNE,DNE
41689996108658,DNE,DNE
41689996114045,DNE,DNE
41689996114953,DNE,DNE
41689996116826,DNE,DNE
41690050000000,DNE,DNE
41690050110056,DNE,DNE
41690050127282,DNE,E
41690050132068,DNE,E
41690050132076,DNE,E
41690050159806,DNE,DNE
41690050159814,DNE,DNE
41690050159822,DNE,DNE
41690050159830,DNE,DNE
41690050159848,DNE,DNE
41690050159855,DNE,DNE
41690050159863,DNE,DNE
41690054130100,DNE,DNE
41690056044424,E,E
41690056044432,E,E
41690056044440,DNE,DNE
41690056044457,DNE,DNE
41690056044465,DNE,DNE
41690056044473,E,E
41690056044481,DNE,DNE
41690056044499,E,E
41690056044507,E,E
41690056044515,DNE,DNE
41690056044523,DNE,DNE
41690056044531,E,E
41690056044549,DNE,DNE
41690056044556,E,E
41690056044564,DNE,DNE
41690056044572,E,E
41690056044580,E,E
41690056044598,E,E
41690056044606,DNE,DNE
41690056069850,DNE,DNE
41690056069868,DNE,DNE
41690056101950,DNE,DNE
41690056102941,E,E
41690056114037,DNE,DNE
41690056115026,E,E
41690056904478,DNE,DNE
41690056987614,DNE,DNE
41690130000000,DNE,DNE
41690130159871,DNE,DNE
41690130159889,DNE,DNE
41690136044010,E,E
41690136044614,E,E
41690136044622,DNE,DNE
41690136044630,DNE,DNE
41690136044648,E,E
41690136044655,DNE,DNE
41690136044663,DNE,DNE
41690136044671,E,E
41690136044689,DNE,DNE
41690136044697,E,E
41690136044705,DNE,DNE
41690136044713,DNE,DNE
41690210000000,DNE,DNE
41690210101279,DNE,DNE
41690210126961,DNE,DNE
41690210133645,DNE,E
41690210138685,DNE,E
41690216044721,DNE,E
41690216044739,DNE,E
41690216044747,DNE,E
41690216044754,DNE,E
41690216044762,DNE,DNE
41690216044770,DNE,E
41690216044788,DNE,E
41690216112213,DNE,E
41690390000000,DNE,DNE
41690390110650,DNE,DNE
41690390123497,DNE,DNE
41690390136242,E,E
41690390140137,E,E
41690390159897,DNE,DNE
41690390159905,DNE,DNE
41690390159913,DNE,DNE
41690390159921,DNE,DNE
41690390165001,DNE,DNE
41690390165019,DNE,DNE
41690390165027,DNE,DNE
41690396044796,E,E
41690396044804,E,E
41690396044812,E,E
41690396044820,DNE,DNE
41690396044838,E,E
41690396044846,E,E
41690396044853,E,E
41690396044861,E,E
41690396044879,DNE,DNE
41690396044887,E,E
41690396044895,E,E
41690396044903,E,E
41690396044911,E,E
41690396044929,DNE,DNE
41690396044937,DNE,DNE
41690396044945,E,E
41690396044952,E,E
41690396044960,E,E
41690396044978,E,E
41690396044986,E,E
41690396044994,E,E
41690396045009,DNE,DNE
41690396045017,E,E
41690396045025,DNE,DNE
41690396112650,E,E
41690396114201,DNE,DNE
41690470000000,DNE,DNE
41690470128165,DNE,DNE
41690470129759,DNE,E
41690470135814,DNE,E
41690470142497,DNE,DNE
41690474130092,DNE,DNE
41690474130217,DNE,E
41690474130472,DNE,E
41690474130738,DNE,E
41690474132031,DNE,DNE
41690474133070,DNE,E
41690474134557,DNE,E
41690474135265,DNE,DNE
41690474136347,DNE,DNE
41690474136370,DNE,E
41690620000000,DNE,DNE
41690620112722,E,E
41690620118232,DNE,DNE
41690620119503,E,E
41690620125120,DNE,DNE
41690620126722,DNE,E
41690620127019,DNE,DNE
41690620138420,DNE,E
41690620139915,DNE,E
41690624130084,DNE,DNE
41690624130993,DNE,E
41690624133658,DNE,DNE
41690624133716,DNE,E
41690624135596,DNE,DNE
41690624135687,DNE,E
41690624136115,DNE,DNE
41690624136636,DNE,DNE
41690624136693,DNE,E
41690624138053,DNE,E
41690700000000,DNE,DNE
41690700127563,DNE,E
41690700131730,DNE,E
41690700159954,DNE,DNE
41690700159962,DNE,DNE
41690700164707,DNE,DNE
41690704130324,DNE,E
41690704132551,DNE,E
41690704137212,DNE,DNE
41690704137279,DNE,E
41690706045033,DNE,DNE
41690706045041,DNE,E
41690706045058,DNE,DNE
41690706045066,DNE,DNE
41690706045074,DNE,DNE
41690706045082,DNE,E
41690706045090,DNE,E
41690706045108,DNE,E
41690706045116,DNE,E
41690706045124,DNE,DNE
41690706045132,DNE,E
41690706045140,DNE,E
41690706045157,DNE,E
41690706059976,DNE,E
41690706059984,DNE,E
41690706059992,DNE,DNE
41690706067128,DNE,E
41690706068282,DNE,E
41690880000000,DNE,DNE
41690886045165,DNE,E
41745590000000,DNE,DNE
41745594190013,DNE,DNE
41764300000000,DNE,DNE
41764300110015,DNE,DNE
41765880000000,DNE,DNE
42104210000000,DNE,DNE
42104210108654,DNE,DNE
42104210116855,DNE,DNE
42104210126946,DNE,DNE
42104210127027,DNE,DNE
42104210146027,DNE,DNE
42104210146035,DNE,DNE
42104210146043,DNE,DNE
42104210146050,DNE,DNE
42104210146068,DNE,DNE
42104210146076,DNE,DNE
42104210146084,DNE,DNE
42104210146092,DNE,DNE
42104214230041,DNE,DNE
42104214230058,DNE,DNE
42104214230066,DNE,DNE
42104214230108,DNE,DNE
42104214230116,DNE,DNE
42104214230124,DNE,DNE
42104214230157,DNE,E
42104214230207,DNE,E
42104214232815,DNE,DNE
42104214233375,DNE,DNE
42104216069223,DNE,E
42104216092860,DNE,DNE
42104216093645,DNE,DNE
42104216093652,DNE,DNE
42104216093660,DNE,DNE
42104216094510,DNE,DNE
42104216094528,DNE,DNE
42104216094536,DNE,DNE
42104216094544,DNE,DNE
42104216094551,DNE,DNE
42104216100291,DNE,DNE
42104216103634,DNE,DNE
42104216103642,DNE,DNE
42104216103659,DNE,DNE
42104216103667,DNE,DNE
42104216103675,DNE,DNE
42104216103683,DNE,DNE
42691040000000,DNE,DNE
42691046045256,DNE,E
42691120000000,DNE,DNE
42691120111773,E,E
42691120124255,DNE,E
42691120127704,DNE,DNE
42691120137877,DNE,E
42691120137885,DNE,E
42691126045264,DNE,E
42691200000000,DNE,DNE
42691200102848,DNE,E
42691200102855,DNE,E
42691200102863,DNE,E
42691200131623,DNE,E
42691200139824,DNE,E
42691206045272,DNE,E
42691206045959,DNE,E
42691206045967,DNE,E
42691206045975,DNE,E
42691206045991,DNE,E
42691206046007,DNE,E
42691206046015,DNE,E
42691206046023,DNE,E
42691206046031,DNE,E
42691206046049,DNE,E
42691206046056,DNE,E
42691206046064,DNE,E
42691206107007,DNE,E
42691206107940,DNE,DNE
42691206109268,DNE,E
42691206119812,DNE,E
42691206119820,DNE,E
42691380000000,DNE,DNE
42691386045280,E,E
42691386119804,E,E
42691460000000,DNE,DNE
42691460102129,DNE,E
42691460160002,DNE,DNE
42691464230181,DNE,DNE
42691464230579,DNE,DNE
42691464230587,DNE,E
42691464230595,DNE,DNE
42691466045298,DNE,E
42691466045306,DNE,E
42691466045314,DNE,DNE
42691466045322,DNE,E
42691466060008,DNE,E
42691466094866,DNE,DNE
42691530000000,DNE,DNE
42691610000000,DNE,DNE
42691616045348,DNE,E
42691790000000,DNE,DNE
42691796045355,DNE,E
42691796045363,DNE,DNE
42691796045371,DNE,E
42691796118434,DNE,E
42691870000000,DNE,DNE
42691876045389,DNE,DNE
42691950000000,DNE,DNE
42691950123034,DNE,DNE
42691950160010,DNE,DNE
42691950160028,DNE,DNE
42691950160036,DNE,DNE
42691954230033,DNE,DNE
42691956045397,DNE,DNE
42691956045405,E,E
42691956045413,DNE,DNE
42691956045421,E,E
42691956045439,DNE,DNE
42691956045447,E,E
42691956045454,DNE,DNE
42691956045462,E,E
42691956045470,E,E
42691956045488,E,E
42691956045496,E,E
42691956045504,E,E
42691956067110,E,E
42691959011438,DNE,DNE
42692030000000,DNE,DNE
42692030136564,DNE,DNE
42692036045512,DNE,E
42692036045520,DNE,E
42692110000000,DNE,DNE
42692116045538,DNE,E
42692116045546,DNE,E
42692116045553,DNE,E
42692290000000,DNE,DNE
42692290100651,DNE,E
42692290116921,DNE,DNE
42692290117788,DNE,DNE
42692290132738,DNE,E
42692294230454,DNE,E
42692294233003,DNE,DNE
42692294233029,DNE,E
42692294233060,DNE,E
42692296045561,DNE,E
42692296045579,DNE,E
42692296045587,DNE,E
42692296045595,DNE,E
42692296045603,DNE,DNE
42692296045611,DNE,E
42692296045629,DNE,E
42692296045637,DNE,DNE
42692296045645,DNE,E
42692296045652,DNE,DNE
42692296045660,DNE,E
42692296045686,DNE,DNE
42692296045694,DNE,DNE
42692296060016,DNE,E
42692296060024,DNE,E
42692296068886,DNE,DNE
42692296068894,DNE,DNE
42692296068902,DNE,E
42692296072060,DNE,DNE
42692296116271,DNE,DNE
42692370000000,DNE,DNE
42692450000000,DNE,DNE
42692454230199,DNE,DNE
42692456045710,DNE,DNE
42692520000000,DNE,DNE
42692526045728,DNE,E
42692600000000,DNE,DNE
42692600116434,DNE,E
42692600141168,DNE,E
42692600160044,DNE,DNE
42692606045330,DNE,DNE
42692606045702,DNE,E
42692606045736,DNE,E
42692606045744,DNE,E
42692606045751,DNE,E
42692606045769,DNE,DNE
42692606045777,DNE,E
42692606045785,DNE,E
42692606045793,DNE,E
42692606045801,DNE,E
42692780000000,DNE,DNE
42692780118869,DNE,DNE
42692786045843,DNE,DNE
42692786045868,DNE,DNE
42692786045876,DNE,DNE
42692786045900,DNE,DNE
42692786045942,DNE,DNE
42692786069579,DNE,DNE
42692786069876,DNE,DNE
42692786097299,DNE,DNE
42692786097307,DNE,DNE
42692786113591,DNE,DNE
42692789011446,DNE,DNE
42692860000000,DNE,DNE
42692860118877,DNE,DNE
42692864230017,DNE,DNE
42692864230082,DNE,DNE
42692864230132,DNE,DNE
42692864235669,DNE,DNE
42692866045843,DNE,DNE
42692866107825,DNE,DNE
42692866118301,DNE,DNE
42693020000000,DNE,DNE
42693026045959,DNE,DNE
42693026045967,DNE,DNE
42693026045975,DNE,DNE
42693026045983,DNE,DNE
42693026045991,DNE,DNE
42693026046007,DNE,DNE
42693026046015,DNE,DNE
42693026046023,DNE,DNE
42693026046031,DNE,DNE
42693026046049,DNE,DNE
42693026046056,DNE,DNE
42693026046064,DNE,DNE
42693026107007,DNE,DNE
42693029011453,DNE,DNE
42693100000000,DNE,DNE
42693100102285,DNE,E
42693100113415,DNE,DNE
42693104230025,DNE,DNE
42693104231205,DNE,DNE
42693104231452,DNE,E
42693104234613,DNE,E
42693104236030,DNE,E
42693280000000,DNE,DNE
42693284230074,DNE,E
42693284236345,E,E
42693360000000,DNE,DNE
42693360120840,DNE,DNE
42693366046072,DNE,DNE
42693366103402,DNE,DNE
42693440000000,DNE,DNE
42693446046080,DNE,DNE
42745670000000,DNE,DNE
42745674290011,DNE,DNE
42745674290029,DNE,DNE
42750100000000,DNE,DNE
42750100134866,DNE,DNE
42750100135590,DNE,DNE
42750100136630,DNE,DNE
42750100138891,DNE,E
42750100162602,DNE,DNE
42750104230173,E,E
42750104231205,E,E
42750106045389,E,E
42767860000000,DNE,DNE
42767860120402,DNE,E
42767860123885,DNE,E
42767860134387,DNE,DNE
42767860164087,DNE,DNE
42767860164095,DNE,DNE
42767860164103,DNE,DNE
42767860164111,DNE,DNE
42767860164129,DNE,DNE
42767864230090,DNE,DNE
42767864230140,DNE,DNE
42767864230165,DNE,DNE
42767864231726,DNE,E
42767864232690,DNE,E
42767864235230,DNE,E
42767864235727,DNE,E
42767866045819,DNE,E
42767866045827,DNE,E
42767866045835,DNE,E
42767866045850,DNE,E
42767866045884,DNE,E
42767866045892,DNE,E
42767866045918,DNE,E
42767866045926,DNE,E
42767866045934,DNE,E
42767866060032,DNE,E
42767866060040,DNE,E
42767866060057,DNE,E
42767866062095,DNE,E
42767866095962,DNE,DNE
42767866111603,DNE,E
42767866116297,DNE,DNE
42767866116875,DNE,E
42767866118202,DNE,E
42769500000000,DNE,DNE
42769500132894,DNE,DNE
42771980000000,DNE,DNE
42771980138362,DNE,E
42772060000000,DNE,DNE
42772060138370,DNE,E
42772140000000,DNE,DNE
42772140138388,DNE,E
42772220000000,DNE,DNE
42772220138396,DNE,E
43104390000000,DNE,DNE
43104390100339,DNE,DNE
43104390102905,DNE,DNE
43104390106534,DNE,E
43104390108308,DNE,DNE
43104390111179,DNE,DNE
43104390111567,DNE,DNE
43104390111880,DNE,E
43104390113431,DNE,E
43104390113704,DNE,E
43104390116814,DNE,E
43104390117200,DNE,DNE
43104390119024,DNE,E
43104390120261,DNE,DNE
43104390120642,DNE,E
43104390121483,DNE,E
43104390121780,DNE,DNE
43104390123257,DNE,E
43104390123281,DNE,E
43104390123794,E,E
43104390124065,DNE,E
43104390125302,DNE,DNE
43104390125781,DNE,E
43104390125799,DNE,E
43104390126045,DNE,DNE
43104390127480,DNE,DNE
43104390127969,DNE,E
43104390128090,DNE,DNE
43104390129213,DNE,E
43104390129262,DNE,DNE
43104390131110,DNE,E
43104390131748,DNE,E
43104390132001,DNE,DNE
43104390132530,DNE,E
43104390133496,DNE,E
43104390135087,DNE,E
43104390136655,DNE,DNE
43104390146100,DNE,DNE
43104390146118,DNE,DNE
43104390146126,DNE,DNE
43104390146134,DNE,DNE
43104390146142,DNE,DNE
43104390146159,DNE,DNE
43104390146167,DNE,DNE
43104390146175,DNE,DNE
43104390146183,DNE,DNE
43104390146191,DNE,DNE
43104390146209,DNE,DNE
43104390146217,DNE,DNE
43104390146225,DNE,DNE
43104390146233,DNE,DNE
43104390146241,DNE,DNE
43104390146258,DNE,DNE
43104390146266,DNE,DNE
43104394330098,DNE,DNE
43104394330106,DNE,DNE
43104394330114,DNE,DNE
43104394330155,DNE,DNE
43104394330163,DNE,DNE
43104394330171,DNE,DNE
43104394330189,DNE,DNE
43104394330254,DNE,E
43104394330320,DNE,E
43104394330395,DNE,DNE
43104394330577,DNE,DNE
43104394330650,DNE,DNE
43104394333472,DNE,DNE
43104396049530,DNE,DNE
43104396049548,DNE,DNE
43104396049555,DNE,DNE
43104396066401,DNE,DNE
43104396066419,DNE,DNE
43104396066427,DNE,DNE
43104396066435,DNE,DNE
43104396068944,DNE,DNE
43104396068951,DNE,DNE
43104396069371,DNE,E
43104396071559,DNE,DNE
43104396085385,DNE,DNE
43104396085476,DNE,DNE
43104396085484,DNE,DNE
43104396085492,DNE,DNE
43104396085500,DNE,DNE
43104396085518,DNE,DNE
43104396085526,DNE,DNE
43104396085534,DNE,DNE
43104396092720,DNE,DNE
43104396092894,DNE,DNE
43104396092902,DNE,DNE
43104396093124,DNE,DNE
43104396093132,DNE,DNE
43104396095970,DNE,DNE
43104396096770,DNE,DNE
43104396096788,DNE,DNE
43104396100481,DNE,DNE
43104396100499,DNE,DNE
43104396100507,DNE,DNE
43104396100515,DNE,DNE
43104396100523,DNE,DNE
43104396100531,DNE,DNE
43104396100549,DNE,DNE
43104396100556,DNE,DNE
43104396100564,DNE,DNE
43104396100572,DNE,DNE
43104396100580,DNE,DNE
43104396100598,DNE,DNE
43104396100606,DNE,DNE
43104396100614,DNE,DNE
43104396100622,DNE,DNE
43104396101083,DNE,DNE
43104396102495,DNE,DNE
43104396102503,DNE,DNE
43104396102511,DNE,DNE
43104396102529,DNE,DNE
43104396102537,DNE,DNE
43104396102545,DNE,DNE
43104396102958,DNE,DNE
43693690000000,DNE,DNE
43693690106633,DNE,E
43693690107748,DNE,E
43693690107763,DNE,E
43693690108167,DNE,E
43693690114900,DNE,E
43693690114918,DNE,DNE
43693690125526,DNE,E
43693690126284,DNE,E
43693690129254,DNE,DNE
43693690129924,DNE,E
43693690135749,DNE,E
43693690160069,DNE,DNE
43693690160077,DNE,DNE
43693690160085,DNE,DNE
43693690160093,DNE,DNE
43693696046114,DNE,E
43693696046122,DNE,E
43693696046130,DNE,DNE
43693696046148,DNE,DNE
43693696046155,DNE,E
43693696046163,DNE,DNE
43693696046171,DNE,DNE
43693696046189,DNE,E
43693696046197,DNE,DNE
43693696046205,DNE,DNE
43693696046213,DNE,E
43693696046221,DNE,E
43693696046239,DNE,E
43693696046247,DNE,E
43693696046254,DNE,E
43693696046262,DNE,DNE
43693696046270,DNE,E
43693696046288,DNE,DNE
43693696046296,DNE,DNE
43693696046304,DNE,E
43693696046312,DNE,E
43693696046320,DNE,E
43693696046338,DNE,E
43693696046346,DNE,DNE
43693696068910,DNE,E
43693696089270,DNE,E
43693699007154,DNE,DNE
43693770000000,DNE,DNE
43693776046353,DNE,DNE
43693776046361,DNE,E
43693776046379,DNE,E
43693776046387,DNE,E
43693776046395,DNE,E
43693776046403,DNE,E
43693776067177,DNE,E
43693776068928,DNE,E
43693776071526,DNE,DNE
43693776089288,DNE,E
43693776093033,DNE,E
43693776093041,DNE,E
43693776095335,DNE,E
43693776095343,DNE,E
43693776095350,DNE,E
43693776111348,DNE,E
43693850000000,DNE,DNE
43693850133439,DNE,E
43693856046411,DNE,E
43693856046429,DNE,DNE
43693856046437,DNE,DNE
43693856046445,DNE,E
43693856046452,DNE,E
43693856046460,DNE,DNE
43693856046478,DNE,DNE
43693856046486,DNE,E
43693856046494,DNE,E
43693856046502,DNE,DNE
43693856116743,DNE,DNE
43693930000000,DNE,DNE
43693930106005,DNE,E
43693930112136,DNE,DNE
43693930137273,E,E
43693930140285,DNE,DNE
43693930160101,DNE,DNE
43693930160119,DNE,DNE
43693930160127,DNE,DNE
43693930160135,DNE,DNE
43693930160143,DNE,DNE
43693936046510,E,E
43693936046528,DNE,DNE
43693936046536,E,E
43693936046544,E,E
43693936046551,DNE,DNE
43693936046569,DNE,DNE
43693936046577,E,E
43693936046585,DNE,DNE
43693936046593,DNE,DNE
43693936046601,E,E
43693936046619,E,E
43693936046627,E,E
43693936046635,DNE,DNE
43693936046643,DNE,DNE
43693936046650,DNE,DNE
43693936046668,E,E
43693936046676,E,E
43693936046684,DNE,DNE
43693936046692,E,E
43694010000000,DNE,DNE
43694014330239,DNE,E
43694014330528,DNE,DNE
43694014330718,DNE,DNE
43694014330759,DNE,E
43694014330866,DNE,E
43694014331070,DNE,DNE
43694014331278,DNE,DNE
43694014331955,DNE,E
43694014333472,DNE,DNE
43694014336137,DNE,E
43694014338505,DNE,E
43694014338885,DNE,DNE
43694190000000,DNE,DNE
43694190108126,DNE,E
43694196046700,DNE,DNE
43694196046718,DNE,E
43694196046726,DNE,DNE
43694196046734,DNE,DNE
43694196046742,DNE,E
43694196046759,DNE,E
43694196046767,DNE,E
43694196046775,DNE,E
43694196046783,DNE,DNE
43694196046791,DNE,DNE
43694196046809,DNE,E
43694196046817,DNE,DNE
43694196046825,DNE,DNE
43694196046841,DNE,E
43694196046858,DNE,DNE
43694196046866,DNE,DNE
43694196046874,DNE,DNE
43694196046882,DNE,E
43694196046890,DNE,E
43694196046908,DNE,E
43694196046916,DNE,DNE
43694196046924,DNE,DNE
43694196046932,DNE,E
43694196046940,DNE,E
43694196046957,DNE,E
43694196046965,DNE,E
43694196046973,DNE,DNE
43694196046981,DNE,E
43694196046999,DNE,DNE
43694196047005,DNE,E
43694196047013,DNE,DNE
43694196047021,DNE,DNE
43694196047039,DNE,E
43694196047047,DNE,DNE
43694196047054,DNE,DNE
43694196047062,DNE,DNE
43694196047070,DNE,DNE
43694196047088,DNE,E
43694196047096,DNE,E
43694196047104,DNE,E
43694196047112,DNE,E
43694196067185,DNE,E
43694196099758,DNE,DNE
43694196101596,DNE,DNE
43694196104046,DNE,DNE
43694270000000,DNE,DNE
43694270107151,E,E
43694270107490,DNE,DNE
43694270116889,DNE,E
43694270123745,DNE,DNE
43694270125427,DNE,E
43694270125617,DNE,E
43694270130856,DNE,E
43694270131995,DNE,E
43694270132274,DNE,E
43694270160150,DNE,DNE
43694270160168,DNE,DNE
43694270160176,DNE,DNE
43694270164194,DNE,DNE
43694274330015,DNE,E
43694274330023,DNE,E
43694274330031,DNE,E
43694274330197,DNE,DNE
43694274330296,DNE,DNE
43694274330312,DNE,E
43694274330338,DNE,DNE
43694274330346,DNE,DNE
43694274330353,DNE,E
43694274330361,DNE,E
43694274330379,DNE,DNE
43694274330387,DNE,DNE
43694274330551,DNE,DNE
43694274330601,DNE,DNE
43694274330668,DNE,E
43694274330676,DNE,E
43694274330692,DNE,E
43694274330726,E,E
43694274332318,DNE,E
43694274332995,DNE,E
43694274333639,DNE,E
43694274334900,DNE,E
43694274335204,DNE,E
43694274335428,DNE,E
43694274335907,DNE,E
43694274336418,DNE,DNE
43694274337903,DNE,E
43694350000000,DNE,DNE
43694350102616,DNE,E
43694356047120,DNE,E
43694356047138,DNE,E
43694356047146,DNE,E
43694356047153,DNE,E
43694356047161,DNE,E
43694356047179,DNE,E
43694356067193,DNE,E
43694356071534,DNE,DNE
43694356085690,DNE,E
43694356095988,DNE,E
43694356102081,DNE,E
43694356105787,DNE,E
43694356107593,DNE,DNE
43694356110159,DNE,E
43694356111942,DNE,E
43694356115851,DNE,E
43694356117956,DNE,E
43694500000000,DNE,DNE
43694500108696,DNE,E
43694500111849,DNE,DNE
43694500113662,DNE,E
43694500123299,DNE,E
43694500127225,DNE,E
43694500128108,DNE,E
43694500129205,DNE,E
43694500129247,DNE,E
43694506047195,DNE,E
43694506047203,DNE,E
43694506047211,DNE,E
43694506047229,DNE,E
43694506047237,DNE,E
43694506047245,DNE,E
43694506047252,DNE,E
43694506047260,DNE,E
43694506047278,DNE,E
43694506067201,DNE,E
43694506071542,DNE,E
43694506105795,DNE,E
43694506109433,DNE,E
43694506115943,DNE,E
43694680000000,DNE,DNE
43694684330213,DNE,DNE
43694684330304,DNE,DNE
43694684330569,DNE,E
43694684330783,DNE,DNE
43694684331799,DNE,E
43694684332433,DNE,DNE
43694684332474,DNE,E
43694684333316,DNE,E
43694684334421,DNE,E
43694684334462,DNE,E
43694684338083,DNE,DNE
43694840000000,DNE,DNE
43694840100990,DNE,E
43694840114496,DNE,E
43694840118380,DNE,E
43694840123760,DNE,E
43694840131391,DNE,DNE
43694840160192,DNE,DNE
43694840160200,DNE,DNE
43694840160218,DNE,DNE
43694844330544,DNE,DNE
43694844330619,DNE,DNE
43694844332797,DNE,DNE
43694844332839,DNE,E
43694844334850,DNE,E
43694846047286,DNE,E
43694846047294,DNE,E
43694846047302,DNE,E
43694846047310,DNE,E
43694846047328,DNE,E
43694846047336,DNE,E
43694846047344,DNE,DNE
43694846098214,DNE,E
43694846099238,DNE,DNE
43694846106991,DNE,E
43694846111785,DNE,E
43694846116461,DNE,DNE
43694920000000,DNE,DNE
43694926047351,DNE,E
43695000000000,DNE,DNE
43695006047369,DNE,E
43695006093058,DNE,E
43695180000000,DNE,DNE
43695180118703,DNE,DNE
43695180140251,DNE,DNE
43695186047377,DNE,E
43695186047385,DNE,E
43695186047393,DNE,DNE
43695186047401,DNE,E
43695186047419,DNE,DNE
43695186047427,DNE,E
43695186047435,DNE,E
43695186047443,DNE,DNE
43695186047450,DNE,E
43695186047468,DNE,E
43695186047476,DNE,DNE
43695186047484,DNE,DNE
43695186047492,DNE,E
43695186047500,DNE,E
43695260000000,DNE,DNE
43695264330288,DNE,DNE
43695266047518,DNE,E
43695266047526,DNE,E
43695266047534,DNE,E
43695266047542,DNE,E
43695266047559,DNE,DNE
43695266047567,DNE,E
43695266089296,DNE,DNE
43695340000000,DNE,DNE
43695344330288,DNE,DNE
43695344334272,DNE,DNE
43695344334371,DNE,E
43695344334447,DNE,DNE
43695344337762,DNE,E
43695420000000,DNE,DNE
43695420160226,DNE,DNE
43695420160234,DNE,DNE
43695420160242,DNE,DNE
43695420160259,DNE,DNE
43695420160267,DNE,DNE
43695420164764,DNE,DNE
43695426047575,DNE,E
43695670000000,DNE,DNE
43695676047708,DNE,DNE
43695750000000,DNE,DNE
43695750129940,DNE,E
43695750160275,DNE,DNE
43695756047716,DNE,DNE
43695756047724,DNE,DNE
43695756047732,DNE,DNE
43695756047740,DNE,E
43695756047757,DNE,DNE
43695756047765,DNE,E
43695756047773,DNE,DNE
43695756047781,DNE,E
43695756047799,DNE,E
43695756047807,DNE,E
43695756047815,DNE,DNE
43695756047823,DNE,DNE
43695756047831,DNE,E
43695756047849,DNE,DNE
43695756047856,DNE,DNE
43695756047864,DNE,DNE
43695756116800,DNE,DNE
43695830000000,DNE,DNE
43695830100131,DNE,DNE
43695830101527,DNE,DNE
43695830102368,DNE,E
43695830160283,DNE,DNE
43695830160291,DNE,DNE
43695830160309,DNE,DNE
43695834330072,DNE,DNE
43695834330205,DNE,DNE
43695834333951,DNE,E
43695834334488,DNE,E
43695836047872,DNE,DNE
43695836047880,DNE,DNE
43695836047898,DNE,DNE
43695836047906,DNE,DNE
43695836047914,DNE,E
43695836047922,DNE,E
43695836047930,DNE,DNE
43695836047948,DNE,E
43695836095384,DNE,E
43695836095392,DNE,E
43695836098263,DNE,E
43695836098271,DNE,E
43695836100325,DNE,E
43695836109375,DNE,E
43695836118376,DNE,E
43695836118541,DNE,E
43695910000000,DNE,DNE
43695910121830,DNE,DNE
43695910121889,DNE,DNE
43695910121913,DNE,DNE
43695910132373,DNE,E
43695910138511,DNE,DNE
43695910138750,DNE,E
43695910160317,DNE,DNE
43695916047955,DNE,E
43695916047963,DNE,E
43695916047971,DNE,E
43695916047989,DNE,E
43695916047997,DNE,DNE
43695916048003,DNE,E
43695916048011,DNE,DNE
43695916048029,DNE,DNE
43695916049464,DNE,E
43695916049472,DNE,E
43695916049480,DNE,E
43695916049514,DNE,E
43695916116701,DNE,DNE
43695916117113,DNE,DNE
43696090000000,DNE,DNE
43696090100230,DNE,DNE
43696094330270,DNE,DNE
43696094330486,DNE,DNE
43696094330643,DNE,DNE
43696094334116,DNE,E
43696094334561,DNE,DNE
43696094334728,DNE,E
43696094334736,DNE,E
43696170000000,DNE,DNE
43696170162172,DNE,DNE
43696170165035,DNE,DNE
43696176048037,DNE,E
43696176048045,DNE,E
43696176048052,DNE,DNE
43696176048060,DNE,E
43696176048078,DNE,E
43696176067227,DNE,E
43696250000000,DNE,DNE
43696250140590,DNE,E
43696256048086,DNE,E
43696256048094,DNE,E
43696256048102,DNE,E
43696256048110,DNE,E
43696256048128,DNE,E
43696256048136,DNE,DNE
43696256048144,DNE,DNE
43696256048151,DNE,DNE
43696256048169,DNE,DNE
43696256048177,DNE,E
43696256067235,DNE,DNE
43696256067243,DNE,E
43696256068167,DNE,E
43696256068936,DNE,DNE
43696256072144,DNE,E
43696256072151,DNE,E
43696256072169,DNE,DNE
43696256072177,DNE,E
43696256088306,DNE,E
43696256093066,DNE,E
43696256095400,DNE,E
43696256097430,DNE,E
43696256099451,DNE,E
43696256116081,DNE,E
43696256117014,DNE,DNE
43696330000000,DNE,DNE
43696336048185,E,E
43696410000000,DNE,DNE
43696410142349,DNE,DNE
43696410160325,DNE,DNE
43696410160333,DNE,DNE
43696410160341,DNE,DNE
43696410160358,DNE,DNE
43696410160366,DNE,DNE
43696414330049,DNE,DNE
43696414331526,DNE,DNE
43696414331591,DNE,DNE
43696414331633,DNE,DNE
43696414331666,DNE,DNE
43696414332904,DNE,E
43696414335584,DNE,DNE
43696414335782,DNE,E
43696416048193,DNE,E
43696416048201,DNE,E
43696416048219,DNE,DNE
43696416048227,DNE,DNE
43696416048235,DNE,E
43696416048243,DNE,E
43696416048250,DNE,E
43696416048268,DNE,E
43696416048276,DNE,DNE
43696416048284,DNE,DNE
43696416048292,DNE,E
43696416048300,DNE,E
43696416048318,DNE,DNE
43696416048326,DNE,E
43696416048334,DNE,DNE
43696416048342,DNE,DNE
43696416048359,DNE,E
43696416048367,DNE,DNE
43696416048375,DNE,DNE
43696416048383,DNE,DNE
43696416048391,DNE,DNE
43696416048409,DNE,E
43696416060065,DNE,E
43696416060073,DNE,DNE
43696416060081,DNE,E
43696416068241,DNE,E
43696416084578,DNE,DNE
43696416089304,DNE,DNE
43696416115562,DNE,E
43696416118702,DNE,DNE
43696416118707,DNE,E
43696419011495,DNE,DNE
43696584356952,DNE,DNE
43696660000000,DNE,DNE
43696660106823,DNE,DNE
43696660129718,DNE,E
43696660131656,DNE,E
43696664330080,DNE,E
43696664330262,DNE,DNE
43696664330411,DNE,DNE
43696664330429,DNE,DNE
43696664330445,DNE,DNE
43696664330452,DNE,DNE
43696664330460,DNE,DNE
43696664330478,DNE,DNE
43696664330502,DNE,E
43696664330510,DNE,DNE
43696664330585,DNE,E
43696664330593,DNE,E
43696664330734,DNE,DNE
43696664331237,DNE,DNE
43696664332110,DNE,E
43696664332144,DNE,DNE
43696664332169,DNE,DNE
43696664333522,DNE,E
43696664333795,DNE,E
43696664334454,DNE,DNE
43696664335949,DNE,E
43696664336905,DNE,DNE
43696664337184,DNE,DNE
43696664337200,DNE,E
43696664337457,DNE,DNE
43696664338950,DNE,E
43696664339107,DNE,DNE
43696666048417,DNE,E
43696666048425,DNE,E
43696666048433,DNE,E
43696666048441,DNE,DNE
43696666048458,DNE,DNE
43696666048466,DNE,DNE
43696666048474,DNE,E
43696666048482,DNE,DNE
43696666048490,DNE,E
43696666048508,DNE,DNE
43696666048516,DNE,E
43696666048524,DNE,DNE
43696666048532,DNE,E
43696666048540,DNE,E
43696666048557,DNE,DNE
43696666048565,DNE,E
43696666048573,DNE,DNE
43696666048581,DNE,DNE
43696666048599,DNE,E
43696666048607,DNE,DNE
43696666048615,DNE,DNE
43696666048623,DNE,DNE
43696666048631,DNE,DNE
43696666048649,DNE,E
43696666048656,DNE,E
43696666048664,DNE,E
43696666048672,DNE,E
43696666048680,DNE,E
43696666048698,DNE,E
43696666048706,DNE,E
43696666048714,DNE,E
43696666048722,DNE,E
43696666048730,DNE,E
43696666048748,DNE,E
43696666048755,DNE,E
43696666048763,DNE,E
43696666060099,DNE,E
43696666060107,DNE,E
43696666060115,DNE,E
43696666060123,DNE,DNE
43696666060131,DNE,DNE
43696666062103,DNE,E
43696666062111,DNE,E
43696666069884,DNE,DNE
43696666069892,DNE,DNE
43696666093074,DNE,E
43696666093082,DNE,E
43696666093090,DNE,E
43696666093108,DNE,DNE
43696666095418,DNE,E
43696666095426,DNE,DNE
43696666096259,DNE,DNE
43696666096267,DNE,DNE
43696666114128,DNE,DNE
43696666114136,DNE,DNE
43696666114839,DNE,DNE
43696666119010,DNE,E
43696666121073,DNE,DNE
43696740000000,DNE,DNE
43696740110700,DNE,E
43696740116830,DNE,DNE
43696740125443,DNE,E
43696740133363,DNE,E
43696740135970,DNE,E
43696740140475,DNE,E
43696740140483,DNE,E
43696740141283,DNE,E
43696740160374,DNE,DNE
43696740160382,DNE,DNE
43696740160390,DNE,DNE
43696740160408,DNE,DNE
43696740160416,DNE,DNE
43696740160424,DNE,DNE
43696740160432,DNE,DNE
43696744330122,DNE,E
43696744330130,DNE,DNE
43696744330148,DNE,DNE
43696744330247,DNE,E
43696744330403,DNE,DNE
43696744330916,DNE,DNE
43696744335857,DNE,DNE
43696744337606,DNE,DNE
43696744338406,DNE,E
43696744338802,DNE,E
43696746048771,DNE,DNE
43696746048789,DNE,DNE
43696746048797,DNE,E
43696746048805,DNE,E
43696746048813,DNE,E
43696746048821,DNE,E
43696746048839,DNE,DNE
43696746048847,DNE,E
43696746048854,DNE,E
43696746048862,DNE,DNE
43696746048870,DNE,E
43696746048888,DNE,DNE
43696746048896,DNE,E
43696746048904,DNE,E
43696746048912,DNE,DNE
43696746048920,DNE,E
43696746048938,DNE,E
43696746048946,DNE,DNE
43696746048953,DNE,DNE
43696746048961,DNE,DNE
43696746048979,DNE,DNE
43696746048987,DNE,E
43696746048995,DNE,E
43696746049001,DNE,DNE
43696746049019,DNE,E
43696746049027,DNE,E
43696746049035,DNE,E
43696746049043,DNE,E
43696746049050,DNE,DNE
43696746101752,DNE,E
43696746101760,DNE,E
43696820000000,DNE,DNE
43696820138271,DNE,DNE
43696826049068,E,E
43696826049076,DNE,DNE
43696826049084,E,E
43696826049092,E,E
43696826049100,E,E
43696900000000,DNE,DNE
43696900160440,DNE,DNE
43696900160457,DNE,DNE
43696906049118,DNE,DNE
43696906049126,DNE,DNE
43696906049134,DNE,DNE
43696906049142,DNE,E
43696906049159,DNE,E
43696906049167,DNE,E
43696906049175,DNE,E
43696906049183,DNE,DNE
43696906049191,DNE,E
43696906049209,DNE,DNE
43696906049217,DNE,E
43696906049225,DNE,DNE
43696906049233,DNE,E
43696906049241,DNE,E
43696906049258,DNE,E
43696906049266,DNE,DNE
43696906049274,DNE,DNE
43696906049282,DNE,E
43696906100630,DNE,DNE
43696906117196,DNE,DNE
43697080000000,DNE,DNE
43697080117341,DNE,DNE
43697086049290,DNE,E
43697086049308,DNE,DNE
43697086049316,DNE,E
43697086049324,DNE,DNE
43697086049332,DNE,E
43697086049340,DNE,DNE
43697086049357,DNE,E
43697086049365,DNE,DNE
43697086049373,DNE,E
43697086049381,DNE,DNE
43697086049399,DNE,DNE
43697086049407,DNE,E
43697086049415,DNE,E
43697086049423,DNE,DNE
43697086049431,DNE,DNE
43697086049449,DNE,E
43697086049456,DNE,DNE
43697240000000,DNE,DNE
43697246049472,DNE,DNE
43697246049480,DNE,DNE
43697246049498,DNE,DNE
43697246049506,DNE,DNE
43697246049514,DNE,DNE
43697246049522,DNE,DNE
43697246102727,DNE,DNE
43697246116701,DNE,DNE
43697249011644,DNE,DNE
43697249011768,DNE,DNE
43733870000000,DNE,DNE
43733870126276,DNE,DNE
43733870128587,DNE,DNE
43733870137505,DNE,E
43733870140673,DNE,E
43733870162230,DNE,DNE
43733870162248,DNE,DNE
43733874330221,DNE,DNE
43733874330437,DNE,DNE
43733874330494,DNE,DNE
43733874330536,DNE,DNE
43733874331039,DNE,E
43733874334470,DNE,E
43733876046106,DNE,DNE
43733876047583,DNE,E
43733876047591,DNE,E
43733876047609,DNE,E
43733876047617,DNE,DNE
43733876047625,DNE,E
43733876047633,DNE,E
43733876047641,DNE,E
43733876047658,DNE,DNE
43733876047666,DNE,E
43733876047674,DNE,E
43733876047682,DNE,E
43733876047690,DNE,E
43733876067219,DNE,E
43733876099170,DNE,DNE
43733876104152,DNE,DNE
43742940000000,DNE,DNE
43742944395018,DNE,DNE
43743020000000,DNE,DNE
43743024395034,DNE,DNE
43743024395042,DNE,DNE
43766200000000,DNE,DNE
43766200119941,DNE,DNE
43769840000000,DNE,DNE
43769840133801,DNE,DNE
43771150000000,DNE,DNE
43771150137059,DNE,DNE
43771230000000,DNE,DNE
43771230137299,DNE,DNE
43771490000000,DNE,DNE
43771490137315,DNE,E
44104470000000,DNE,DNE
44104470100305,DNE,DNE
44104470136572,DNE,E
44104474430054,DNE,DNE
44104474430104,DNE,DNE
44104474430112,DNE,DNE
44104474430120,DNE,DNE
44104474430138,DNE,DNE
44104474430146,E,E
44104474430252,DNE,E
44104474430278,E,E
44104476049597,DNE,DNE
44104476049993,DNE,DNE
44104476050009,DNE,DNE
44104476050017,DNE,DNE
44104476050025,DNE,DNE
44104476050033,DNE,DNE
44104476050041,DNE,DNE
44104476050058,DNE,DNE
44104476066567,DNE,DNE
44104476068407,DNE,DNE
44104476068415,DNE,DNE
44104476069397,E,E
44104476089312,DNE,DNE
44104476097877,DNE,DNE
44104476098719,DNE,DNE
44104476099774,DNE,DNE
44104476101539,DNE,DNE
44104476101547,DNE,DNE
44104476101554,DNE,DNE
44104476101562,DNE,DNE
44104476101638,DNE,DNE
44104476101646,DNE,DNE
44104476101653,DNE,DNE
44104476101661,DNE,DNE
44104476101679,DNE,DNE
44104476101851,DNE,DNE
44104476102800,DNE,DNE
44104476103196,DNE,DNE
44104476104095,DNE,DNE
44104476104103,DNE,DNE
44321934430013,DNE,DNE
44322764430013,DNE,DNE
44697320000000,DNE,DNE
44697326049563,DNE,E
44697570000000,DNE,DNE
44697576049571,E,E
44697650000000,DNE,DNE
44697650100388,E,E
44697650121335,DNE,DNE
44697650160499,DNE,DNE
44697650160507,DNE,DNE
44697650160515,DNE,DNE
44697656049589,DNE,DNE
44697656049597,DNE,E
44697656049605,DNE,E
44697656113559,DNE,E
44697656114102,DNE,E
44697656118673,DNE,E
44697730000000,DNE,DNE
44697736049613,DNE,E
44697810000000,DNE,DNE
44697810160523,DNE,DNE
44697816049621,DNE,E
44697990000000,DNE,DNE
44697990102665,DNE,E
44697990102673,DNE,E
44697990105858,DNE,E
44697990109595,DNE,E
44697990110130,DNE,DNE
44697990117804,DNE,E
44697990139659,DNE,DNE
44697990140335,DNE,E
44697990160531,DNE,DNE
44697990160549,DNE,DNE
44697990160556,DNE,DNE
44697990160564,DNE,DNE
44697990160572,DNE,DNE
44697990160580,DNE,DNE
44697990160598,DNE,DNE
44697990164277,DNE,DNE
44697990164285,DNE,DNE
44697990164293,DNE,DNE
44697990164301,DNE,DNE
44697990164319,DNE,DNE
44697990164327,DNE,DNE
44697990164335,DNE,DNE
44697990164343,DNE,DNE
44697990164350,DNE,DNE
44697990164368,DNE,DNE
44697990164376,DNE,DNE
44697990164384,DNE,DNE
44697990164392,DNE,DNE
44697990164400,DNE,DNE
44697990164418,DNE,DNE
44697990164426,DNE,DNE
44697990164434,DNE,DNE
44697990164442,DNE,DNE
44697990164459,DNE,DNE
44697990164467,DNE,DNE
44697990164475,DNE,DNE
44697990164483,DNE,DNE
44697990164491,DNE,DNE
44697990164509,DNE,DNE
44697990164517,DNE,DNE
44697990164525,DNE,DNE
44697990164533,DNE,DNE
44697990164541,DNE,DNE
44697994430021,DNE,DNE
44697994430203,DNE,E
44697994430229,DNE,DNE
44697994430237,DNE,DNE
44697994430245,DNE,DNE
44697994430518,DNE,E
44697994430526,DNE,DNE
44697994437794,DNE,E
44697994437802,DNE,DNE
44697994437901,DNE,DNE
44697996049639,DNE,E
44697996049647,DNE,E
44697996049654,DNE,DNE
44697996049662,DNE,E
44697996049670,DNE,E
44697996049688,DNE,E
44697996049696,DNE,E
44697996049704,DNE,E
44697996049712,DNE,E
44697996049720,DNE,E
44697996049738,DNE,E
44697996049746,DNE,E
44697996049753,DNE,E
44697996049779,DNE,E
44697996049787,DNE,E
44697996049795,DNE,DNE
44697996049803,DNE,DNE
44697996049811,DNE,DNE
44697996049829,DNE,DNE
44697996104384,DNE,DNE
44697996108138,DNE,E
44697996108146,DNE,E
44697996112841,DNE,E
44697996114391,DNE,DNE
44697996117253,DNE,E
44697996119077,DNE,DNE
44697996119648,DNE,DNE
44698070000000,DNE,DNE
44698070110007,DNE,E
44698070122259,DNE,DNE
44698070123083,DNE,DNE
44698074430047,DNE,DNE
44698074430088,DNE,DNE
44698074430153,DNE,DNE
44698074430161,DNE,DNE
44698074430179,DNE,E
44698074430260,DNE,DNE
44698074436754,DNE,E
44698076049837,DNE,E
44698076049845,DNE,DNE
44698076049852,DNE,E
44698076060644,DNE,E
44698076099196,DNE,DNE
44698076109946,DNE,DNE
44698076120976,DNE,DNE
44698150000000,DNE,DNE
44698156049860,DNE,E
44698156049878,DNE,DNE
44698156049886,DNE,E
44698156049894,DNE,E
44698156049902,DNE,DNE
44698156049910,DNE,DNE
44698156049928,DNE,E
44698156093116,DNE,DNE
44698156108203,DNE,E
44698230000000,DNE,DNE
44698230124735,DNE,DNE
44698234430039,DNE,DNE
44698234430096,DNE,E
44698234430187,DNE,E
44698234430195,DNE,E
44698234432340,DNE,E
44698234436960,DNE,E
44698234437000,DNE,DNE
44698234437109,DNE,E
44698234437406,DNE,E
44698236060149,DNE,E
44698236060156,DNE,E
44698236114730,DNE,DNE
44698310000000,DNE,DNE
44698316049936,DNE,DNE
44698316049944,DNE,DNE
44698316049951,DNE,DNE
44698490000000,DNE,DNE
44698490126920,DNE,E
44698496049969,DNE,DNE
44698496049977,DNE,E
44698496049985,DNE,E
44698496066542,DNE,E
44698496111421,DNE,E
44698496904999,DNE,DNE
44745750000000,DNE,DNE
44745754490017,DNE,DNE
44754320000000,DNE,DNE
44754320139410,DNE,E
44754324430211,DNE,E
44754326049936,DNE,E
44754326049944,DNE,E
44754326049951,DNE,E
44772480000000,DNE,DNE
44772480138909,DNE,E
45104540000000,DNE,DNE
45104540111674,DNE,E
45104540113860,DNE,DNE
45104540118976,DNE,DNE
45104540118984,DNE,DNE
45104540118992,DNE,DNE
45104540119008,DNE,DNE
45104540129957,E,E
45104540132647,DNE,DNE
45104540132944,DNE,E
45104540138735,DNE,DNE
45104540146274,DNE,DNE
45104540146282,DNE,DNE
45104540146290,DNE,DNE
45104540146308,DNE,DNE
45104540146316,DNE,DNE
45104540146324,DNE,DNE
45104540146332,DNE,DNE
45104540146340,DNE,DNE
45104540146357,DNE,DNE
45104540146365,DNE,DNE
45104540146373,DNE,DNE
45104540146381,DNE,DNE
45104540146399,DNE,DNE
45104540146407,DNE,DNE
45104540146415,DNE,DNE
45104540146423,DNE,DNE
45104540146431,DNE,DNE
45104540146449,DNE,DNE
45104540149740,DNE,DNE
45104540159467,DNE,DNE
45104540159939,DNE,DNE
45104540159947,DNE,DNE
45104540164236,DNE,DNE
45104540164244,DNE,DNE
45104540164251,DNE,DNE
45104540164269,DNE,DNE
45104544530036,DNE,DNE
45104544530150,DNE,DNE
45104544530317,DNE,DNE
45104546066203,DNE,DNE
45104546068993,DNE,DNE
45104546069009,DNE,DNE
45104546069017,DNE,DNE
45104546069389,DNE,DNE
45104546088868,DNE,DNE
45104546101612,DNE,DNE
45104546101620,DNE,DNE
45104546101745,DNE,DNE
45104546102578,DNE,DNE
45104546102586,DNE,DNE
45104546102594,DNE,DNE
45104546102602,DNE,DNE
45104546103774,DNE,DNE
45104546103782,DNE,DNE
45104546104053,DNE,DNE
45104546104061,DNE,DNE
45698560000000,DNE,DNE
45698560110429,DNE,DNE
45698564530028,DNE,E
45698564530051,DNE,E
45698564530069,DNE,DNE
45698564530192,DNE,E
45698564530333,DNE,E
45698564530762,DNE,E
45698564530804,DNE,E
45698640000000,DNE,DNE
45698646050066,DNE,DNE
45698720000000,DNE,DNE
45698726050074,DNE,E
45698726117105,DNE,DNE
45698800000000,DNE,DNE
45698806050082,E,E
45698806113260,E,E
45698806119325,DNE,DNE
45698806119333,DNE,DNE
45698980000000,DNE,DNE
45698986050090,DNE,DNE
45698986050108,DNE,DNE
45699060000000,DNE,DNE
45699066050116,DNE,DNE
45699140000000,DNE,DNE
45699140110924,DNE,DNE
45699140112268,DNE,DNE
45699140126029,DNE,DNE
45699140135624,E,E
45699140164723,DNE,DNE
45699144530184,DNE,DNE
45699146050124,E,E
45699146050132,E,E
45699146050140,E,E
45699146050157,DNE,DNE
45699146114144,E,E
45699220000000,DNE,DNE
45699226050165,DNE,E
45699480000000,DNE,DNE
45699480101113,DNE,E
45699480134122,E,E
45699480139543,DNE,E
45699480141580,E,E
45699486050181,DNE,E
45699486117857,DNE,E
45699486121032,DNE,DNE
45699550000000,DNE,DNE
45699550107243,DNE,DNE
45699550111393,E,E
45699550121640,DNE,E
45699550128959,DNE,DNE
45699556050199,DNE,DNE
45699556050207,DNE,E
45699710000000,DNE,DNE
45699710122994,DNE,DNE
45699710132175,DNE,DNE
45699710135830,DNE,E
45699710135848,DNE,E
45699710160606,DNE,DNE
45699710160614,DNE,DNE
45699710160622,DNE,DNE
45699716050215,DNE,E
45699716050223,DNE,E
45699716050231,DNE,E
45699716050249,DNE,E
45699716050256,DNE,E
45699716050264,DNE,E
45699716111470,DNE,E
45699716113567,DNE,DNE
45699716114334,DNE,DNE
45699890000000,DNE,DNE
45699890148379,DNE,DNE
45699894530010,DNE,E
45699894530135,DNE,DNE
45699894530143,DNE,DNE
45699894530226,DNE,E
45699894530234,DNE,E
45699894530242,DNE,E
45699894531000,DNE,E
45699894533600,DNE,E
45699896050272,DNE,E
45699896050280,DNE,E
45699896050298,DNE,DNE
45699896050306,DNE,DNE
45699896050314,DNE,E
45699896119382,DNE,E
45699896119390,DNE,E
45699970000000,DNE,DNE
45699976050322,DNE,DNE
45700030000000,DNE,DNE
45700036050330,DNE,E
45700110000000,DNE,DNE
45700110112656,E,E
45700116050348,E,E
45700116097703,E,E
45700116115737,DNE,DNE
45700290000000,DNE,DNE
45700296050355,DNE,E
45700296050363,DNE,DNE
45700296050371,DNE,DNE
45700370000000,DNE,DNE
45700450000000,DNE,DNE
45700456050397,E,E
45700456100416,DNE,DNE
45700520000000,DNE,DNE
45700526050405,DNE,E
45700780000000,DNE,DNE
45700786050421,E,E
45700860000000,DNE,DNE
45700866050439,DNE,DNE
45700940000000,DNE,DNE
45700946050447,E,E
45700946050454,E,E
45700946114508,DNE,DNE
45701100000000,DNE,DNE
45701100135889,DNE,E
45701104530291,DNE,DNE
45701104530325,DNE,DNE
45701104530341,DNE,DNE
45701106050462,DNE,E
45701106050470,DNE,E
45701106050488,DNE,E
45701106050496,DNE,DNE
45701106050504,DNE,DNE
45701106050512,DNE,E
45701106050520,DNE,E
45701106050538,DNE,E
45701106097711,DNE,DNE
45701106101612,DNE,E
45701106116925,DNE,DNE
45701106117147,DNE,E
45701106117931,DNE,DNE
45701106119572,DNE,DNE
45701106120323,DNE,DNE
45701280000000,DNE,DNE
45701286050546,DNE,E
45701360000000,DNE,DNE
45701360106013,DNE,DNE
45701360114132,DNE,DNE
45701360114231,DNE,DNE
45701360114249,DNE,DNE
45701364530044,DNE,E
45701364530085,DNE,DNE
45701364530093,DNE,DNE
45701364530119,DNE,DNE
45701364530127,DNE,DNE
45701364530200,DNE,E
45701364530218,DNE,DNE
45701364530259,DNE,DNE
45701364530267,E,E
45701364530283,DNE,DNE
45701364530309,DNE,E
45701364531901,DNE,DNE
45701364532750,DNE,E
45701364535217,DNE,DNE
45701364536256,DNE,DNE
45701364537304,DNE,E
45701366116990,DNE,DNE
45701444533501,DNE,DNE
45701444536405,DNE,DNE
45701510000000,DNE,DNE
45701516050553,DNE,DNE
45701516050561,DNE,DNE
45701516050579,DNE,DNE
45701516050587,DNE,DNE
45701690000000,DNE,DNE
45701690134031,DNE,DNE
45701690136440,DNE,DNE
45701690137117,DNE,DNE
45701696050595,DNE,DNE
45737000000000,DNE,DNE
45737006050173,DNE,DNE
45737006050389,DNE,DNE
45737006050413,DNE,E
45745830000000,DNE,DNE
45745834590014,DNE,DNE
45752670000000,DNE,DNE
45752670110221,DNE,E
45752670113407,DNE,E
45752670115345,DNE,DNE
45752670115568,DNE,DNE
45752670120170,DNE,DNE
45752674530077,DNE,E
45752674530101,DNE,E
45752674530168,DNE,DNE
45752674530176,DNE,E
45752674530275,DNE,DNE
45752674531901,DNE,E
45752676050066,DNE,DNE
45752676050090,DNE,E
45752676050108,DNE,DNE
45752676050116,DNE,DNE
45752676050553,DNE,DNE
45752676050561,DNE,DNE
45752676050579,DNE,E
45752676050587,DNE,DNE
45752676117840,DNE,DNE
45752676119267,DNE,DNE
45752676119366,DNE,DNE
46104620000000,DNE,DNE
46104620119289,DNE,DNE
46104620138966,DNE,DNE
46104626077267,DNE,DNE
46701770000000,DNE,DNE
46701774630018,DNE,DNE
46701774630026,DNE,DNE
46701774630034,DNE,DNE
46701774630042,DNE,DNE
46701774630059,DNE,DNE
46701774630653,DNE,DNE
46701774632303,DNE,DNE
46701774634259,DNE,DNE
46701776050603,DNE,DNE
46701776050611,DNE,DNE
46701776050629,DNE,DNE
46701776050645,DNE,DNE
46701776089650,DNE,DNE
46748800000000,DNE,DNE
46748804690012,DNE,DNE
47104700000000,DNE,DNE
47104700117168,DNE,E
47104700137372,DNE,E
47104700146456,DNE,DNE
47104700164616,DNE,DNE
47104704730016,DNE,DNE
47104704730032,DNE,DNE
47104706069405,DNE,E
47104706103691,DNE,DNE
47104706103709,DNE,DNE
47104706103717,DNE,DNE
47104706103725,DNE,DNE
47104706103733,DNE,DNE
47104706103741,DNE,DNE
47104706103758,DNE,DNE
47104706104996,DNE,DNE
47104706105001,DNE,DNE
47104706119879,DNE,DNE
47701850000000,DNE,DNE
47701856050652,DNE,E
47701930000000,DNE,DNE
47701936050660,DNE,DNE
47702010000000,DNE,DNE
47702016050678,DNE,E
47702190000000,DNE,DNE
47702196050686,DNE,DNE
47702270000000,DNE,DNE
47702270126052,DNE,DNE
47702276050694,E,E
47702276115141,DNE,DNE
47702350000000,DNE,DNE
47702430000000,DNE,DNE
47702436050710,E,E
47702436070809,DNE,DNE
47702436114995,DNE,DNE
47702500000000,DNE,DNE
47702504730164,DNE,DNE
47702504730172,DNE,DNE
47702504732707,E,E
47702680000000,DNE,DNE
47702760000000,DNE,DNE
47702766077283,DNE,DNE
47702840000000,DNE,DNE
47702846050736,DNE,DNE
47702920000000,DNE,DNE
47702924730180,DNE,DNE
47702926050918,DNE,DNE
47702926068175,DNE,DNE
47703000000000,DNE,DNE
47703180000000,DNE,DNE
47703186050769,E,E
47703260000000,DNE,DNE
47703266050777,DNE,E
47703266114797,DNE,DNE
47703340000000,DNE,DNE
47703340116632,DNE,DNE
47703346050785,DNE,DNE
47703346115893,DNE,DNE
47703420000000,DNE,DNE
47703426050793,DNE,DNE
47703590000000,DNE,DNE
47703596050736,DNE,DNE
47703596050801,E,E
47703670000000,DNE,DNE
47703676050744,DNE,DNE
47703676050819,DNE,E
47703750000000,DNE,DNE
47703756050827,DNE,DNE
47703830000000,DNE,DNE
47703836050835,DNE,E
47704090000000,DNE,DNE
47704096050850,E,E
47704096050868,DNE,DNE
47704096093280,DNE,DNE
47704170000000,DNE,DNE
47704170160630,DNE,DNE
47704176050876,DNE,DNE
47704176115075,DNE,DNE
47704250000000,DNE,DNE
47704250131102,DNE,E
47704256050884,DNE,E
47704256050892,DNE,DNE
47704256114425,DNE,DNE
47704256115489,DNE,DNE
47704256115497,DNE,DNE
47704330000000,DNE,DNE
47704410000000,DNE,DNE
47704414730180,DNE,DNE
47704416050918,DNE,DNE
47704580000000,DNE,DNE
47704586050926,E,E
47704660000000,DNE,DNE
47704660106393,DNE,DNE
47704664730057,DNE,DNE
47704664730099,DNE,DNE
47704664730123,DNE,DNE
47704664730131,DNE,DNE
47704664733655,DNE,DNE
47704664734356,DNE,E
47704664734901,DNE,E
47704664735403,DNE,E
47704664738753,DNE,E
47704820000000,DNE,DNE
47704820118166,DNE,DNE
47704826050934,DNE,DNE
47704826050942,DNE,E
47704826114417,DNE,DNE
47704900000000,DNE,DNE
47704906050959,DNE,E
47705080000000,DNE,DNE
47705080115006,DNE,DNE
47705086050967,DNE,E
47705086050975,DNE,E
47705086067136,DNE,E
47705086119259,DNE,E
47705160000000,DNE,DNE
47705164730024,E,E
47705164730040,DNE,DNE
47705164730073,DNE,DNE
47705164730156,E,E
47705164734117,DNE,DNE
47705164739207,E,E
47736840000000,DNE,DNE
47736840162784,DNE,DNE
47736844730065,DNE,DNE
47736844730081,DNE,E
47736844730149,DNE,DNE
47736844731253,DNE,E
47736846050702,DNE,DNE
47736846050843,DNE,E
47736846114607,DNE,E
47746900000000,DNE,DNE
47746904790010,DNE,DNE
47748720000000,DNE,DNE
47748724790019,DNE,DNE
47764550000000,DNE,DNE
47764550100008,DNE,DNE
47764550101873,DNE,DNE
47764550133215,DNE,DNE
47764554730107,DNE,E
47764554730115,DNE,DNE
47764554730206,DNE,DNE
47764554733309,E,E
47764556050728,E,E
47764556050751,E,E
47764556050900,DNE,DNE
47764556105480,DNE,E
47764556115356,DNE,DNE
47764556115828,DNE,DNE
48104880000000,DNE,DNE
48104880123331,DNE,DNE
48104880139030,DNE,E
48104884830063,DNE,DNE
48104884830071,DNE,E
48104884891511,DNE,DNE
48104886051551,DNE,DNE
48104886051569,DNE,DNE
48104886067169,DNE,DNE
48104886069538,DNE,DNE
48104886071310,DNE,DNE
48104886071328,DNE,DNE
48104886089668,DNE,E
48104886089676,DNE,DNE
48705240000000,DNE,DNE
48705240118968,DNE,DNE
48705240160648,DNE,DNE
48705240160655,DNE,DNE
48705244830048,DNE,DNE
48705244830105,DNE,DNE
48705244830188,DNE,DNE
48705244831004,DNE,DNE
48705246050983,DNE,DNE
48705246050991,DNE,DNE
48705246051007,DNE,DNE
48705246051015,DNE,DNE
48705246106462,DNE,DNE
48705246111165,DNE,DNE
48705320000000,DNE,DNE
48705320102012,DNE,E
48705320122267,DNE,E
48705324830055,DNE,E
48705324830121,DNE,DNE
48705324830139,DNE,DNE
48705324832259,DNE,E
48705326051023,DNE,E
48705326051031,DNE,DNE
48705326051049,DNE,E
48705326110282,DNE,E
48705326120240,DNE,E
48705400000000,DNE,DNE
48705400112664,DNE,E
48705400112904,DNE,DNE
48705400112912,DNE,DNE
48705400113084,DNE,E
48705400113092,DNE,E
48705400122093,DNE,E
48705400123356,DNE,E
48705400124545,DNE,DNE
48705400125310,DNE,E
48705400128942,DNE,DNE
48705400133595,DNE,E
48705400133728,DNE,DNE
48705400140210,DNE,E
48705400141671,DNE,E
48705400155861,DNE,DNE
48705400160663,DNE,DNE
48705400160671,DNE,DNE
48705404830030,DNE,DNE
48705404830170,DNE,E
48705404830402,DNE,DNE
48705404830451,DNE,E
48705404833000,DNE,E
48705404836003,DNE,E
48705406051056,DNE,DNE
48705406051064,DNE,E
48705406051072,DNE,DNE
48705406051080,DNE,DNE
48705406051098,DNE,E
48705406051106,DNE,E
48705406051114,DNE,E
48705406051122,DNE,DNE
48705406051130,DNE,DNE
48705406051148,DNE,E
48705406051155,DNE,DNE
48705406051163,DNE,E
48705406051171,DNE,DNE
48705406051189,DNE,E
48705406051197,DNE,E
48705406051205,DNE,DNE
48705406051213,DNE,DNE
48705406051221,DNE,E
48705406051239,DNE,E
48705406051247,DNE,DNE
48705406067144,DNE,DNE
48705406093397,DNE,E
48705406100754,DNE,E
48705406106405,DNE,E
48705406109128,DNE,E
48705406109136,DNE,E
48705406111405,DNE,E
48705406115752,DNE,E
48705406120760,DNE,DNE
48705650000000,DNE,DNE
48705654830022,DNE,E
48705654830154,DNE,E
48705654830162,DNE,E
48705654838801,DNE,E
48705656051254,DNE,E
48705656051262,DNE,E
48705656051270,DNE,E
48705656068290,DNE,E
48705656103154,DNE,E
48705656111652,DNE,E
48705730000000,DNE,DNE
48705730109744,DNE,DNE
48705730122523,DNE,DNE
48705730129494,DNE,E
48705730133553,DNE,E
48705730135095,DNE,E
48705730140723,DNE,DNE
48705730141135,DNE,DNE
48705730141150,DNE,E
48705730160697,DNE,DNE
48705730160705,DNE,DNE
48705730160713,DNE,DNE
48705734830014,DNE,DNE
48705734830089,DNE,E
48705734830113,DNE,E
48705734833869,DNE,DNE
48705734837803,DNE,E
48705736051288,DNE,E
48705736051296,DNE,E
48705736051304,DNE,DNE
48705736051312,DNE,DNE
48705736051320,DNE,E
48705736051338,DNE,E
48705736051346,DNE,E
48705736051353,DNE,DNE
48705736051361,DNE,DNE
48705736060180,DNE,E
48705736067151,DNE,DNE
48705736093405,DNE,DNE
48705736097943,DNE,DNE
48705736097950,DNE,E
48705736106363,DNE,E
48705736109094,DNE,E
48705736109672,DNE,E
48705736110241,DNE,E
48705810000000,DNE,DNE
48705810101980,DNE,DNE
48705810108233,DNE,DNE
48705810115469,DNE,E
48705810134262,DNE,E
48705810137380,DNE,E
48705810139816,DNE,E
48705810160721,DNE,DNE
48705810160739,DNE,DNE
48705810160747,DNE,DNE
48705810160754,DNE,DNE
48705810160762,DNE,DNE
48705810160770,DNE,DNE
48705814830097,DNE,DNE
48705814830147,DNE,E
48705814830196,DNE,E
48705814833950,DNE,DNE
48705814838009,DNE,DNE
48705814838058,DNE,E
48705814838504,DNE,E
48705816051379,DNE,E
48705816051387,DNE,DNE
48705816051395,DNE,E
48705816051403,DNE,DNE
48705816051411,DNE,E
48705816051429,DNE,E
48705816051437,DNE,E
48705816051445,DNE,E
48705816051452,DNE,DNE
48705816051460,DNE,DNE
48705816051478,DNE,E
48705816051486,DNE,DNE
48705816051494,DNE,E
48705816051502,DNE,E
48705816051510,DNE,DNE
48705816051528,DNE,DNE
48705816051536,DNE,DNE
48705816051544,DNE,E
48705816060198,DNE,DNE
48705816060206,DNE,E
48705816062129,DNE,DNE
48705816066211,DNE,DNE
48705816069900,DNE,DNE
48705816071302,DNE,E
48705816095913,DNE,DNE
48705816099667,DNE,E
48705816107684,DNE,E
48705816110134,DNE,E
48705816116255,DNE,E
48705816116727,DNE,DNE
48705816116735,DNE,DNE
48705819011503,DNE,DNE
48746740000000,DNE,DNE
48746744891529,DNE,DNE
48766610000000,DNE,DNE
48766610108712,DNE,DNE
49104960000000,DNE,DNE
49104964930079,DNE,E
49104964930277,DNE,DNE
49104964930343,DNE,E
49104964934980,DNE,DNE
49104964935755,DNE,DNE
49104966052385,DNE,DNE
49104966052393,DNE,DNE
49104966052401,DNE,DNE
49104966052419,DNE,DNE
49104966066351,DNE,DNE
49104966066369,DNE,DNE
49104966066377,DNE,DNE
49104966068985,DNE,DNE
49104966069058,DNE,DNE
49104966069066,DNE,DNE
49104966069413,DNE,E
49104966085237,DNE,DNE
49104966092910,DNE,DNE
49104966097836,DNE,DNE
49104966097851,DNE,DNE
49104966097869,DNE,DNE
49104966101968,DNE,DNE
49104966102651,DNE,DNE
49104966103303,DNE,DNE
49104966104137,DNE,DNE
49104966104236,DNE,DNE
49104966105878,DNE,DNE
49320114933859,DNE,DNE
49705990000000,DNE,DNE
49705996051577,DNE,DNE
49706070000000,DNE,DNE
49706070116293,DNE,DNE
49706070121038,DNE,DNE
49706070135327,DNE,DNE
49706074930178,DNE,DNE
49706074930186,DNE,DNE
49706074930285,DNE,DNE
49706074930301,DNE,DNE
49706074930327,DNE,DNE
49706074930368,DNE,DNE
49706074930400,DNE,DNE
49706074931507,DNE,DNE
49706150000000,DNE,DNE
49706150113506,E,E
49706150127662,DNE,DNE
49706150160788,DNE,DNE
49706150160796,DNE,DNE
49706150160804,DNE,DNE
49706150160812,DNE,DNE
49706156051585,E,E
49706156051593,E,E
49706156115695,E,E
49706230000000,DNE,DNE
49706236051601,DNE,DNE
49706236051619,DNE,E
49706236098248,DNE,E
49706490000000,DNE,DNE
49706490125724,E,E
49706496051635,E,E
49706560000000,DNE,DNE
49706560110353,DNE,DNE
49706560128983,DNE,DNE
49706560139022,DNE,DNE
49706564930061,DNE,DNE
49706564930848,DNE,E
49706564930855,DNE,E
49706566051643,DNE,E
49706566051650,DNE,E
49706640000000,DNE,DNE
49706720000000,DNE,DNE
49706720122440,DNE,E
49706726051700,DNE,E
49706800000000,DNE,DNE
49706800112987,DNE,E
49706806051718,DNE,E
49706980000000,DNE,DNE
49706986051726,DNE,E
49706986117378,DNE,DNE
49707060000000,DNE,DNE
49707060107664,DNE,DNE
49707060129981,DNE,E
49707064930053,DNE,E
49707064932109,DNE,DNE
49707066051734,DNE,E
49707066103428,DNE,DNE
49707140000000,DNE,DNE
49707140126888,DNE,E
49707146051742,DNE,E
49707146051759,DNE,E
49707146119655,DNE,E
49707220000000,DNE,DNE
49707220136465,DNE,DNE
49707220138248,DNE,E
49707220139048,E,E
49707226051767,DNE,E
49707226119465,DNE,DNE
49707300000000,DNE,DNE
49707306051775,E,E
49707306110639,E,E
49707306113153,DNE,DNE
49707306120588,DNE,E
49707480000000,DNE,DNE
49707486051783,DNE,DNE
49707486051791,DNE,DNE
49707486109250,DNE,DNE
49707550000000,DNE,DNE
49707554932554,DNE,DNE
49707554934568,DNE,DNE
49707556060222,DNE,DNE
49707556068969,DNE,DNE
49707630000000,DNE,DNE
49707636051809,DNE,E
49707890000000,DNE,DNE
49707896051825,DNE,E
49707896116628,DNE,DNE
49707970000000,DNE,DNE
49707970107284,DNE,E
49707970123422,E,E
49707970134296,DNE,DNE
49707970139568,DNE,E
49707970140228,DNE,DNE
49707976051833,E,E
49708050000000,DNE,DNE
49708050105890,DNE,E
49708056051841,DNE,E
49708056051858,DNE,E
49708056111066,DNE,E
49708130000000,DNE,DNE
49708136051866,DNE,E
49708210000000,DNE,DNE
49708216051874,DNE,E
49708390000000,DNE,DNE
49708390120584,DNE,DNE
49708390138065,E,E
49708396051882,DNE,E
49708396051890,DNE,DNE
49708470000000,DNE,DNE
49708470119750,DNE,E
49708470127555,DNE,DNE
49708470160820,DNE,DNE
49708476051908,DNE,DNE
49708476051916,DNE,DNE
49708476051924,DNE,DNE
49708476072136,DNE,DNE
49708476114755,DNE,DNE
49708540000000,DNE,DNE
49708540124339,DNE,DNE
49708540132357,DNE,E
49708546051940,DNE,E
49708546051957,DNE,E
49708546051965,DNE,E
49708546051973,DNE,E
49708546051981,DNE,DNE
49708546051999,DNE,E
49708546113112,DNE,E
49708546119036,DNE,DNE
49708546119051,DNE,DNE
49708620000000,DNE,DNE
49708620128157,DNE,DNE
49708620131961,DNE,E
49708620138560,DNE,DNE
49708620142554,DNE,DNE
49708624930012,DNE,E
49708624930103,DNE,E
49708624930111,DNE,E
49708624930236,DNE,E
49708624935003,DNE,DNE
49708624935151,DNE,E
49708624935862,DNE,E
49708626051932,DNE,E
49708626060230,DNE,E
49708626062137,DNE,E
49708626117337,DNE,DNE
49708626120927,DNE,DNE
49708700000000,DNE,DNE
49708700101253,DNE,DNE
49708700106344,DNE,E
49708706052005,DNE,DNE
49708706066344,DNE,E
49708706109144,DNE,DNE
49708706113492,DNE,E
49708706114367,DNE,DNE
49708880000000,DNE,DNE
49708886052013,DNE,DNE
49708960000000,DNE,DNE
49708960102525,DNE,E
49708960120980,DNE,E
49708960160838,DNE,DNE
49708960160846,DNE,DNE
49708960160853,DNE,DNE
49708960160861,DNE,DNE
49708966052021,DNE,E
49708966052039,DNE,E
49708966052047,DNE,E
49708966052054,DNE,E
49708966052062,DNE,DNE
49708966052070,DNE,E
49708966085229,DNE,E
49708966117907,DNE,E
49709040000000,DNE,DNE
49709040101923,DNE,E
49709040125336,DNE,E
49709040160879,DNE,DNE
49709046052088,DNE,E
49709046052096,DNE,E
49709120000000,DNE,DNE
49709120113530,DNE,E
49709120125831,DNE,E
49709120128074,DNE,E
49709120134098,DNE,DNE
49709120140848,DNE,DNE
49709120160887,DNE,DNE
49709120160895,DNE,DNE
49709126052104,DNE,E
49709126052112,DNE,E
49709126052120,DNE,DNE
49709126052138,DNE,DNE
49709126052146,DNE,DNE
49709126052153,DNE,E
49709126052161,DNE,E
49709126052179,DNE,E
49709126052187,DNE,DNE
49709126052195,DNE,E
49709126052203,DNE,DNE
49709126066385,DNE,E
49709126089692,DNE,DNE
49709126095459,DNE,E
49709126108500,DNE,E
49709126113278,DNE,DNE
49709126113328,DNE,DNE
49709126116958,DNE,E
49709126118020,DNE,DNE
49709200000000,DNE,DNE
49709200102533,DNE,E
49709200108811,DNE,DNE
49709200110288,DNE,DNE
49709200113126,DNE,DNE
49709200125773,DNE,DNE
49709200140855,DNE,E
49709204930095,DNE,DNE
49709204930137,DNE,DNE
49709204930145,DNE,DNE
49709204930160,DNE,E
49709204930202,DNE,DNE
49709204930210,DNE,DNE
49709204930244,DNE,E
49709204930335,DNE,DNE
49709204934154,DNE,E
49709204935292,DNE,E
49709204935607,DNE,E
49709204936704,DNE,DNE
49709204936803,DNE,E
49709206060255,DNE,DNE
49709206060263,DNE,E
49709206060271,DNE,E
49709206060289,DNE,E
49709206068977,DNE,E
49709206119150,DNE,DNE
49709380000000,DNE,DNE
49709380120121,DNE,DNE
49709386052211,E,E
49709386052229,E,E
49709386052237,DNE,DNE
49709386113039,DNE,E
49709386119283,DNE,DNE
49709530000000,DNE,DNE
49709530105866,E,E
49709530160911,DNE,DNE
49709530160929,DNE,DNE
49709534930038,DNE,DNE
49709534930152,DNE,E
49709534930293,DNE,DNE
49709534937215,DNE,DNE
49709534937256,DNE,E
49709536052245,DNE,E
49709536052252,DNE,DNE
49709536052260,DNE,E
49709536052278,DNE,E
49709536052286,DNE,E
49709536052294,DNE,E
49709536111678,DNE,E
49709536117832,DNE,DNE
49709536119069,DNE,E
49709610000000,DNE,DNE
49709614930319,DNE,E
49709614930350,DNE,E
49709616052302,DNE,E
49709616093140,DNE,E
49709790000000,DNE,DNE
49709796052310,E,E
49709950000000,DNE,DNE
49709956052328,DNE,DNE
49709956110324,DNE,E
49709956114409,DNE,E
49710010000000,DNE,DNE
49710016052336,DNE,E
49710190000000,DNE,DNE
49710196052344,E,E
49710270000000,DNE,DNE
49710276052351,DNE,DNE
49710276052369,DNE,DNE
49710276107221,DNE,DNE
49710276110993,DNE,DNE
49710350000000,DNE,DNE
49710356052377,DNE,DNE
49710356096721,DNE,DNE
49710356111868,DNE,DNE
49738820000000,DNE,DNE
49738820123786,DNE,E
49738820127092,DNE,DNE
49738820128330,DNE,E
49738820128348,DNE,E
49738820135053,DNE,E
49738820135731,DNE,DNE
49738824930046,DNE,E
49738824930087,DNE,DNE
49738824930194,DNE,DNE
49738824930384,DNE,E
49738824935482,DNE,E
49738826051668,DNE,DNE
49738826051676,DNE,E
49738826051692,DNE,DNE
49738826060248,DNE,DNE
49738826060669,DNE,E
49738826094841,DNE,DNE
49738826097059,DNE,E
49738826099246,DNE,E
49738826100853,DNE,DNE
49738826105332,DNE,DNE
49738826109169,DNE,E
49738826112981,DNE,E
49738826118400,DNE,DNE
49745910000000,DNE,DNE
49745914990040,DNE,DNE
49753580000000,DNE,DNE
49753580114934,DNE,E
49753580117986,DNE,DNE
49753580121236,DNE,DNE
49753580132340,DNE,DNE
49753580138263,DNE,E
49753580142406,DNE,DNE
49753580163469,DNE,DNE
49753580163477,DNE,DNE
49753584930129,DNE,DNE
49753584930228,DNE,E
49753584930269,DNE,DNE
49753586052351,DNE,E
49753586052369,DNE,E
49753586107221,DNE,E
49753586110993,DNE,E
49753586116024,DNE,DNE
49753900000000,DNE,DNE
49753900118901,DNE,DNE
49753900124230,DNE,DNE
49753900163485,DNE,DNE
49753904930251,DNE,E
49753904932554,DNE,E
49753904934568,DNE,DNE
49753906051783,DNE,DNE
49753906051791,DNE,E
49753906060222,DNE,E
49753906109250,DNE,DNE
49766040000000,DNE,DNE
50105040000000,DNE,DNE
50105040101501,DNE,DNE
50105040101709,DNE,DNE
50105040117457,DNE,E
50105040129023,DNE,DNE
50105040131235,DNE,DNE
50105040146464,DNE,DNE
50105040146472,DNE,DNE
50105040146480,DNE,DNE
50105040146498,DNE,DNE
50105040146506,DNE,DNE
50105040146514,DNE,DNE
50105040146522,DNE,DNE
50105040146530,DNE,DNE
50105040146548,DNE,DNE
50105040146555,DNE,DNE
50105040146563,DNE,DNE
50105040146571,DNE,DNE
50105040146589,DNE,DNE
50105040146597,DNE,DNE
50105040146605,DNE,DNE
50105040146613,DNE,DNE
50105040146621,DNE,DNE
50105040146639,DNE,DNE
50105040146647,DNE,DNE
50105040146654,DNE,DNE
50105040146662,DNE,DNE
50105040146670,DNE,DNE
50105040146688,DNE,DNE
50105040146696,DNE,DNE
50105045030069,DNE,E
50105045030085,DNE,E
50105045030093,DNE,DNE
50105045030226,DNE,E
50105045030234,DNE,DNE
50105045030309,DNE,DNE
50105045030325,DNE,DNE
50105046053227,DNE,DNE
50105046069546,DNE,E
50105046071591,DNE,DNE
50105046071609,DNE,DNE
50710430000000,DNE,DNE
50710430107128,DNE,E
50710430107136,DNE,E
50710430108076,DNE,E
50710430109074,DNE,E
50710430109082,DNE,E
50710430109090,DNE,E
50710430110734,DNE,E
50710430112292,DNE,E
50710430117358,DNE,DNE
50710430117366,DNE,DNE
50710430117374,DNE,DNE
50710430123679,DNE,E
50710430127613,DNE,E
50710430129106,DNE,E
50710430133827,DNE,E
50710430160937,DNE,DNE
50710430160945,DNE,DNE
50710430160952,DNE,DNE
50710430160960,DNE,DNE
50710430160978,DNE,DNE
50710430160986,DNE,DNE
50710430160994,DNE,DNE
50710430161000,DNE,DNE
50710435030044,DNE,DNE
50710435030168,DNE,E
50710435030200,DNE,E
50710435030879,DNE,E
50710436052427,DNE,E
50710436052435,DNE,E
50710436052443,DNE,E
50710436052450,DNE,E
50710436052468,DNE,E
50710436052476,DNE,DNE
50710436085013,DNE,E
50710436089684,DNE,DNE
50710436105597,DNE,DNE
50710436108435,DNE,E
50710436112338,DNE,E
50710436112346,DNE,E
50710436120828,DNE,DNE
50710500000000,DNE,DNE
50710500161018,DNE,DNE
50710506052484,E,E
50710506052492,E,E
50710680000000,DNE,DNE
50710680101238,DNE,DNE
50710680108456,DNE,DNE
50710680118372,DNE,DNE
50710680121574,DNE,DNE
50710680132662,DNE,E
50710680161026,DNE,DNE
50710685030267,DNE,E
50710685031521,DNE,E
50710686052500,DNE,E
50710686071575,DNE,E
50710686116362,DNE,DNE
50710760000000,DNE,DNE
50710760101493,DNE,E
50710766052518,DNE,E
50710766052526,DNE,DNE
50710766093504,DNE,E
50710766098180,DNE,E
50710766107932,DNE,E
50710766111892,DNE,E
50710840000000,DNE,DNE
50710840120089,DNE,E
50710846052534,DNE,E
50710920000000,DNE,DNE
50710926052542,DNE,E
50710926112965,DNE,DNE
50711000000000,DNE,DNE
50711006052559,DNE,E
50711006112627,DNE,E
50711006116388,DNE,E
50711180000000,DNE,DNE
50711186052567,DNE,DNE
50711186052575,DNE,DNE
50711186052583,DNE,DNE
50711260000000,DNE,DNE
50711265032651,DNE,DNE
50711265032669,DNE,DNE
50711340000000,DNE,DNE
50711340107367,DNE,DNE
50711340161034,DNE,DNE
50711345030275,DNE,DNE
50711346052591,DNE,E
50711346113286,DNE,E
50711346118178,DNE,DNE
50711346119002,DNE,E
50711346119705,DNE,DNE
50711420000000,DNE,DNE
50711426052609,DNE,E
50711590000000,DNE,DNE
50711590112409,DNE,DNE
50711670000000,DNE,DNE
50711670137265,DNE,E
50711670138057,DNE,E
50711670161042,DNE,DNE
50711670161059,DNE,DNE
50711670161067,DNE,DNE
50711670161075,DNE,DNE
50711670161083,DNE,DNE
50711670161091,DNE,DNE
50711670161109,DNE,DNE
50711670161117,DNE,DNE
50711670161125,DNE,DNE
50711670161133,DNE,DNE
50711670161141,DNE,DNE
50711670161158,DNE,DNE
50711670161166,DNE,DNE
50711670161174,DNE,DNE
50711670161182,DNE,DNE
50711676052625,E,E
50711676052633,E,E
50711676052641,E,E
50711676052658,E,E
50711676052666,E,E
50711676052674,E,E
50711676052682,E,E
50711676052690,E,E
50711676052708,E,E
50711676052716,E,E
50711676052724,E,E
50711676052732,DNE,DNE
50711676052740,E,E
50711676052757,DNE,DNE
50711676052765,DNE,E
50711676052773,E,E
50711676052781,E,E
50711676052799,E,E
50711676052807,E,E
50711676052815,E,E
50711676052823,E,E
50711676052831,DNE,DNE
50711676052849,E,E
50711676052856,DNE,DNE
50711676052864,DNE,DNE
50711676052872,E,E
50711676093512,E,E
50711676096937,DNE,DNE
50711676097752,E,E
50711676105662,DNE,DNE
50711676105670,E,E
50711676107023,E,E
50711676110068,E,E
50711750000000,DNE,DNE
50711750110593,E,E
50711750120212,DNE,E
50711750121129,E,E
50711750122549,DNE,DNE
50711755030010,E,E
50711755030069,DNE,DNE
50711755030135,E,E
50711755031380,E,E
50711755031802,E,E
50711755034756,DNE,DNE
50711755034806,DNE,DNE
50711755034905,E,E
50711755034913,E,E
50711756105688,DNE,DNE
50711830000000,DNE,DNE
50711835030192,DNE,DNE
50711836052880,DNE,DNE
50711836052898,DNE,DNE
50711836052906,DNE,DNE
50711836100390,DNE,DNE
50711910000000,DNE,DNE
50711915030051,DNE,DNE
50711915030119,DNE,DNE
50711915030176,DNE,DNE
50711915030192,DNE,DNE
50711915031950,DNE,DNE
50711915035654,DNE,DNE
50711915036850,DNE,DNE
50712090000000,DNE,DNE
50712090112383,DNE,DNE
50712096052914,DNE,DNE
50712170000000,DNE,DNE
50712170110080,DNE,E
50712170118927,DNE,E
50712170131037,DNE,DNE
50712170133124,DNE,E
50712170142257,DNE,E
50712170161190,DNE,DNE
50712170161208,DNE,DNE
50712170161216,DNE,DNE
50712175030077,DNE,DNE
50712175030127,DNE,E
50712175030143,DNE,DNE
50712175036256,DNE,E
50712176052922,DNE,E
50712176052930,DNE,DNE
50712176052948,DNE,E
50712176052955,DNE,E
50712176052963,DNE,DNE
50712176060297,DNE,E
50712179011461,DNE,DNE
50712250000000,DNE,DNE
50712256052971,DNE,DNE
50712256052989,DNE,DNE
50712256052997,DNE,DNE
50712256053003,DNE,DNE
50712330000000,DNE,DNE
50712330121525,DNE,DNE
50712330127290,DNE,DNE
50712336052617,DNE,DNE
50712336053011,DNE,DNE
50712336114599,DNE,DNE
50712660000000,DNE,DNE
50712660120063,DNE,DNE
50712660124768,DNE,E
50712660133660,DNE,E
50712660161224,DNE,DNE
50712660161232,DNE,DNE
50712666053037,DNE,E
50712666104715,DNE,DNE
50712666106934,DNE,E
50712666113823,DNE,E
50712666116798,DNE,DNE
50712666120844,DNE,E
50712740000000,DNE,DNE
50712740121558,DNE,E
50712746053045,DNE,E
50712820000000,DNE,DNE
50712820105700,E,E
50712826053052,DNE,DNE
50712826053060,E,E
50712826053078,E,E
50712826067250,E,E
50712826098297,E,E
50712826108302,E,E
50712900000000,DNE,DNE
50712900108761,E,E
50712900113795,E,E
50712900113803,E,E
50712900118125,DNE,DNE
50712906053086,E,E
50712906053094,E,E
50712906053102,E,E
50712906053110,E,E
50712906053128,E,E
50712906071583,DNE,E
50712906095517,E,E
50712906111009,E,E
50712906111017,E,E
50712906120430,E,E
50713080000000,DNE,DNE
50713160000000,DNE,DNE
50713240000000,DNE,DNE
50713240119123,DNE,DNE
50713246053201,DNE,E
50713320000000,DNE,DNE
50713326053219,DNE,DNE
50713326085021,DNE,DNE
50736010000000,DNE,DNE
50736010101188,DNE,E
50736010124073,DNE,E
50736012431815,DNE,DNE
50736015030028,DNE,DNE
50736015030036,DNE,E
50736015030150,DNE,DNE
50736015030184,DNE,E
50736015030333,DNE,E
50736015035902,DNE,E
50736016025712,DNE,E
50736016025753,DNE,E
50736016025761,DNE,E
50736016118343,DNE,DNE
50746090000000,DNE,DNE
50746095090014,DNE,DNE
50755490000000,DNE,DNE
50755490101030,DNE,DNE
50755490114744,DNE,DNE
50755490116848,DNE,DNE
50755490163782,DNE,DNE
50755495032651,DNE,DNE
50755495032669,DNE,DNE
50755496052567,DNE,DNE
50755496052575,DNE,DNE
50755496052583,DNE,DNE
50755560000000,DNE,DNE
50755560112573,DNE,E
50755560113852,DNE,E
50755560115477,DNE,DNE
50755560118810,DNE,E
50755565036850,DNE,E
50755566052971,DNE,E
50755566052989,DNE,E
50755566052997,DNE,DNE
50755566053003,DNE,DNE
50755640000000,DNE,DNE
50755640107979,DNE,E
50755645030051,DNE,DNE
50755645030119,DNE,DNE
50755645030176,DNE,E
50755645030192,DNE,E
50755645030242,DNE,DNE
50755645031950,DNE,E
50755645035654,DNE,E
50755646052880,DNE,E
50755646052898,DNE,E
50755646052906,DNE,E
50755646100390,DNE,E
50755720000000,DNE,DNE
50755720106054,DNE,DNE
50755720117689,DNE,E
50755720117770,DNE,E
50755720118513,DNE,E
50755720125054,DNE,DNE
50755720133918,DNE,DNE
50755720163790,DNE,DNE
50755725030259,DNE,E
50755725030317,DNE,E
50755726053219,DNE,E
50755726085021,DNE,DNE
50757390000000,DNE,DNE
50757390108175,DNE,E
50757390114561,DNE,E
50757390124669,DNE,E
50757390131185,DNE,E
50757390163832,DNE,DNE
50757390163840,DNE,DNE
50757390163857,DNE,DNE
50757395030218,DNE,DNE
50757395030283,DNE,E
50757395036868,DNE,DNE
50757395036884,DNE,E
50757395037700,DNE,E
50757396053136,DNE,E
50757396053144,DNE,DNE
50757396053151,DNE,E
50757396053169,DNE,E
50757396053177,DNE,E
50757396053185,DNE,E
50757396053193,DNE,E
50757396102743,DNE,E
50757396110423,DNE,DNE
50757396115208,DNE,E
50757396118814,DNE,E
50766380000000,DNE,DNE
51105120000000,DNE,DNE
51105120114207,DNE,E
51105120138040,E,E
51105120140152,DNE,E
51105125130026,DNE,DNE
51105125130034,DNE,DNE
51105125130083,DNE,DNE
51105125130109,DNE,DNE
51105126053458,DNE,DNE
51105126067268,DNE,DNE
51105126069454,DNE,E
51105126094882,DNE,DNE
51105126121057,DNE,DNE
51105126121065,DNE,DNE
51713570000000,DNE,DNE
51713570109710,DNE,DNE
51713576053235,E,E
51713650000000,DNE,DNE
51713656053243,E,E
51713730000000,DNE,DNE
51713730141226,DNE,DNE
51713735130117,DNE,DNE
51713735132758,DNE,E
51713810000000,DNE,DNE
51713816053250,DNE,E
51713990000000,DNE,DNE
51713995130059,DNE,E
51713995130067,DNE,E
51713995130091,DNE,DNE
51713995135256,DNE,E
51713996053268,DNE,E
51713996053276,DNE,E
51713996053284,DNE,E
51714070000000,DNE,DNE
51714070109793,DNE,E
51714070161257,DNE,DNE
51714076053292,E,E
51714150000000,DNE,DNE
51714150129007,DNE,E
51714150132753,DNE,DNE
51714150132761,DNE,DNE
51714156053300,DNE,E
51714230000000,DNE,DNE
51714230111161,DNE,DNE
51714230132977,E,E
51714236053318,DNE,E
51714310000000,DNE,DNE
51714316053326,DNE,E
51714490000000,DNE,DNE
51714495130042,DNE,E
51714495137500,DNE,E
51714560000000,DNE,DNE
51714560133934,E,E
51714566053334,DNE,DNE
51714566053433,DNE,E
51714640000000,DNE,DNE
51714640100537,DNE,E
51714640107318,DNE,E
51714640107722,DNE,E
51714640109215,DNE,DNE
51714640113134,DNE,E
51714640131367,DNE,DNE
51714640161265,DNE,DNE
51714640161273,DNE,DNE
51714640161281,DNE,DNE
51714640161299,DNE,DNE
51714640161307,DNE,DNE
51714640161315,DNE,DNE
51714640161323,DNE,DNE
51714640161331,DNE,DNE
51714645130018,DNE,E
51714645130075,DNE,E
51714645130125,E,E
51714645139001,DNE,E
51714645139050,DNE,DNE
51714646053342,DNE,E
51714646053359,DNE,E
51714646053367,DNE,E
51714646053375,DNE,DNE
51714646053383,DNE,E
51714646053391,DNE,E
51714646053409,DNE,E
51714646053417,DNE,E
51714646053425,DNE,E
51714646053441,DNE,E
51714646067268,DNE,E
51714646093157,DNE,DNE
51714646108252,DNE,DNE
51714649011479,DNE,DNE
51746330000000,DNE,DNE
51746335190012,DNE,DNE
52105200000000,DNE,DNE
52105200102202,DNE,DNE
52105200114819,DNE,DNE
52105200125278,DNE,DNE
52105200146704,DNE,DNE
52105200146712,DNE,DNE
52105200146720,DNE,DNE
52105200146738,DNE,DNE
52105200146746,DNE,DNE
52105200146753,DNE,DNE
52105200146761,DNE,DNE
52105205230016,E,E
52105205230073,DNE,DNE
52105206066336,DNE,DNE
52105206069462,DNE,DNE
52105206071625,DNE,DNE
52105206071633,DNE,DNE
52105206102628,DNE,DNE
52105206103188,DNE,DNE
52105206119606,DNE,E
52105206119671,DNE,E
52714720000000,DNE,DNE
52714720134403,DNE,E
52714726053466,DNE,E
52714726053599,DNE,DNE
52714726053607,DNE,DNE
52714726053615,DNE,E
52714726066328,DNE,E
52714726114383,DNE,DNE
52714800000000,DNE,DNE
52714980000000,DNE,DNE
52714980102301,DNE,DNE
52714980114827,DNE,DNE
52714986053482,DNE,DNE
52714986053490,DNE,DNE
52714986093546,DNE,DNE
52714986112486,DNE,DNE
52714986114466,DNE,DNE
52715060000000,DNE,DNE
52715060123836,DNE,DNE
52715060137414,DNE,DNE
52715065230057,DNE,DNE
52715065231675,DNE,DNE
52715065231709,DNE,E
52715140000000,DNE,DNE
52715220000000,DNE,DNE
52715220114223,DNE,DNE
52715220132597,DNE,DNE
52715220161349,DNE,DNE
52715226053474,DNE,DNE
52715226053516,DNE,DNE
52715226111629,DNE,DNE
52715226114342,DNE,DNE
52715300000000,DNE,DNE
52715306053508,DNE,DNE
52715306053524,E,E
52715480000000,DNE,DNE
52715486053532,E,E
52715486114359,DNE,DNE
52715550000000,DNE,DNE
52715556053540,DNE,E
52715630000000,DNE,DNE
52715636053557,DNE,DNE
52715636116214,DNE,DNE
52715710000000,DNE,DNE
52715715230032,DNE,DNE
52715715235106,DNE,DNE
52715716053565,DNE,DNE
52715716053573,DNE,DNE
52715716053581,DNE,DNE
52715716114433,DNE,DNE
52715890000000,DNE,DNE
52716050000000,DNE,DNE
52716055230081,DNE,DNE
52716130000000,DNE,DNE
52716210000000,DNE,DNE
52716210114801,DNE,DNE
52716210123919,DNE,DNE
52716216053623,DNE,E
52716216053631,DNE,E
52716216053649,DNE,DNE
52716216053656,DNE,E
52716216106686,DNE,E
52716216114250,DNE,E
52716390000000,DNE,DNE
52716390118026,DNE,DNE
52716390133140,DNE,DNE
52716395230024,DNE,DNE
52716395230040,DNE,DNE
52716395230065,DNE,DNE
52716395237151,DNE,DNE
52716395237201,DNE,DNE
52716470000000,DNE,DNE
52716476053664,DNE,DNE
52716540000000,DNE,DNE
52716546053672,E,E
52743100000000,DNE,DNE
52743105295019,DNE,DNE
53105380000000,DNE,DNE
53105380107268,DNE,DNE
53105380125633,DNE,E
53105380132423,DNE,E
53105380134395,DNE,DNE
53105380146779,DNE,DNE
53105380146787,DNE,DNE
53105385330048,DNE,DNE
53105385330055,DNE,DNE
53105386069421,DNE,DNE
53105386113203,DNE,DNE
53716620000000,DNE,DNE
53716620125757,DNE,DNE
53716626053680,DNE,E
53716626053698,DNE,DNE
53716700000000,DNE,DNE
53716706053706,DNE,DNE
53716880000000,DNE,DNE
53716960000000,DNE,DNE
53716966053722,DNE,E
53717040000000,DNE,DNE
53717046053730,DNE,DNE
53717046053748,DNE,DNE
53717120000000,DNE,DNE
53717200000000,DNE,DNE
53717206053763,DNE,DNE
53717380000000,DNE,DNE
53717386053771,E,E
53717460000000,DNE,DNE
53717466053789,E,E
53717530000000,DNE,DNE
53717536053797,DNE,DNE
53717610000000,DNE,DNE
53717616053813,DNE,E
53717790000000,DNE,DNE
53717795337407,DNE,DNE
53717870000000,DNE,DNE
53738330000000,DNE,DNE
53738330100073,DNE,DNE
53738330120345,DNE,DNE
53738335330030,DNE,E
53738335330105,DNE,DNE
53738335337423,DNE,E
53738336053755,DNE,E
53738336053805,DNE,E
53750280000000,DNE,DNE
53750285330022,DNE,E
53750285330071,DNE,DNE
53750285330089,DNE,DNE
53750285337407,DNE,E
53750286053730,DNE,E
53750286053763,DNE,DNE
53765130000000,DNE,DNE
53765135330014,E,E
53765135330063,DNE,DNE
53765135330097,DNE,DNE
53765135337456,E,E
53765136053714,DNE,DNE
53765136053821,E,E
53765136116529,DNE,DNE
54105460000000,DNE,DNE
54105460119602,DNE,E
54105460124057,DNE,E
54105460125542,DNE,E
54105460135459,DNE,E
54105460146795,DNE,DNE
54105460146803,DNE,DNE
54105460146811,DNE,DNE
54105460146829,DNE,DNE
54105460146837,DNE,DNE
54105460146845,DNE,DNE
54105460146852,DNE,DNE
54105460146860,DNE,DNE
54105460146878,DNE,DNE
54105460146886,DNE,DNE
54105460146894,DNE,DNE
54105460146902,DNE,DNE
54105460146910,DNE,DNE
54105460146928,DNE,DNE
54105460146936,DNE,DNE
54105460146944,DNE,DNE
54105460146951,DNE,DNE
54105460146969,DNE,DNE
54105465430061,DNE,E
54105465430327,DNE,E
54105465430343,DNE,E
54105466054787,DNE,DNE
54105466054795,DNE,DNE
54105466054803,DNE,DNE
54105466054811,DNE,DNE
54105466069439,DNE,E
54105466095921,DNE,DNE
54105466102024,DNE,DNE
54105466102032,DNE,DNE
54105466102040,DNE,DNE
54105466102057,DNE,DNE
54105466102065,DNE,DNE
54105466102073,DNE,DNE
54105466104277,DNE,DNE
54105466119291,DNE,E
54717950000000,DNE,DNE
54717956053839,DNE,DNE
54718030000000,DNE,DNE
54718030112458,DNE,E
54718030112466,DNE,DNE
54718030161356,DNE,DNE
54718035430111,DNE,DNE
54718035430137,DNE,DNE
54718035430301,DNE,E
54718036053847,DNE,E
54718110000000,DNE,DNE
54718110111013,DNE,DNE
54718110139477,DNE,E
54718110161364,DNE,DNE
54718116053854,DNE,E
54718290000000,DNE,DNE
54718296053862,DNE,E
54718370000000,DNE,DNE
54718370109009,DNE,E
54718370110452,DNE,E
54718370122705,DNE,DNE
54718370161372,DNE,DNE
54718370164715,DNE,DNE
54718376053870,DNE,E
54718376100267,DNE,E
54718376105506,DNE,E
54718376114078,DNE,E
54718376120232,DNE,E
54718450000000,DNE,DNE
54718520000000,DNE,DNE
54718526053896,DNE,DNE
54718600000000,DNE,DNE
54718600111450,DNE,DNE
54718600123638,DNE,DNE
54718600161380,DNE,DNE
54718600161398,DNE,DNE
54718600161406,DNE,DNE
54718605430095,E,E
54718605430103,DNE,DNE
54718605430160,DNE,DNE
54718605430244,E,E
54718605430806,E,E
54718605433230,E,E
54718606053904,E,E
54718606053912,DNE,DNE
54718606053920,DNE,DNE
54718606053938,E,E
54718606053946,DNE,DNE
54718606053953,DNE,DNE
54718606094577,DNE,DNE
54718606112684,E,E
54718606118111,E,E
54718780000000,DNE,DNE
54718786053961,DNE,DNE
54718786053979,DNE,DNE
54718786053987,DNE,DNE
54718786053995,DNE,DNE
54718786054001,DNE,DNE
54718786107650,DNE,DNE
54718860000000,DNE,DNE
54718865431119,DNE,DNE
54718865431127,DNE,DNE
54718865431184,DNE,DNE
54718940000000,DNE,DNE
54718946054019,DNE,DNE
54719020000000,DNE,DNE
54719020101303,DNE,DNE
54719020161414,DNE,DNE
54719025430335,DNE,E
54719026054027,DNE,E
54719026054035,DNE,E
54719100000000,DNE,DNE
54719106054068,DNE,DNE
54719106118914,DNE,DNE
54719280000000,DNE,DNE
54719360000000,DNE,DNE
54719366054076,DNE,DNE
54719366054084,DNE,DNE
54719366100275,DNE,DNE
54719440000000,DNE,DNE
54719446054092,DNE,E
54719510000000,DNE,DNE
54719516054100,DNE,E
54719516054118,DNE,DNE
54719690000000,DNE,DNE
54719696054126,DNE,E
54719850000000,DNE,DNE
54719856054134,E,E
54719930000000,DNE,DNE
54719930123646,DNE,E
54719930123653,DNE,E
54719930123661,DNE,E
54719930124776,DNE,DNE
54719930139337,DNE,DNE
54719930149625,DNE,DNE
54719930161422,DNE,DNE
54719930161430,DNE,DNE
54719930161448,DNE,DNE
54719930161455,DNE,DNE
54719930161463,DNE,DNE
54719935430194,DNE,E
54719935430236,DNE,E
54719935430293,DNE,DNE
54719935432398,DNE,DNE
54719935432414,DNE,E
54719936054142,DNE,E
54719936054159,DNE,E
54719936060313,DNE,DNE
54719936107262,DNE,E
54720090000000,DNE,DNE
54720096054167,E,E
54720170000000,DNE,DNE
54720176054175,DNE,E
54720250000000,DNE,DNE
54720256054183,DNE,E
54720330000000,DNE,DNE
54720330161471,DNE,DNE
54720336054191,DNE,DNE
54720410000000,DNE,DNE
54720410114165,DNE,E
54720416054209,DNE,E
54720416117428,DNE,DNE
54720580000000,DNE,DNE
54720580111740,DNE,DNE
54720580113365,DNE,DNE
54720580120824,DNE,DNE
54720586054217,DNE,DNE
54720660000000,DNE,DNE
54720666054225,DNE,DNE
54720666054233,DNE,DNE
54720666054241,DNE,DNE
54720666054258,DNE,DNE
54720666054266,DNE,DNE
54720666054274,DNE,DNE
54720666054282,DNE,DNE
54720666054290,DNE,DNE
54720666054308,DNE,DNE
54720666107379,DNE,DNE
54720666114193,DNE,DNE
54720740000000,DNE,DNE
54720745430624,DNE,DNE
54720745432000,DNE,DNE
54720745432638,DNE,DNE
54720745432786,DNE,DNE
54720745434055,DNE,DNE
54720745434113,DNE,DNE
54720820000000,DNE,DNE
54720820161489,DNE,DNE
54720826054316,DNE,DNE
54720826114672,DNE,DNE
54720900000000,DNE,DNE
54720906054324,DNE,DNE
54721080000000,DNE,DNE
54721086054332,DNE,E
54721160000000,DNE,DNE
54721160134973,DNE,DNE
54721166054340,DNE,DNE
54721320000000,DNE,DNE
54721320129783,DNE,DNE
54721326054357,DNE,DNE
54721326054365,DNE,E
54721400000000,DNE,DNE
54721400123273,DNE,DNE
54721400136507,E,E
54721406054373,DNE,DNE
54721570000000,DNE,DNE
54721570114595,DNE,E
54721570161497,DNE,DNE
54721576054381,DNE,DNE
54721576116131,DNE,DNE
54721576120646,DNE,E
54721650000000,DNE,DNE
54721730000000,DNE,DNE
54721736054399,E,E
54721810000000,DNE,DNE
54721810161505,DNE,DNE
54721816054407,DNE,E
54721990000000,DNE,DNE
54721996054415,DNE,E
54721996112510,DNE,E
54722070000000,DNE,DNE
54722076054423,DNE,E
54722150000000,DNE,DNE
54722156054431,DNE,E
54722230000000,DNE,DNE
54722236054449,DNE,DNE
54722310000000,DNE,DNE
54722310100495,DNE,E
54722310113639,DNE,E
54722310114793,DNE,DNE
54722310125211,DNE,E
54722310127621,DNE,E
54722310141713,DNE,E
54722310161513,DNE,DNE
54722310161521,DNE,DNE
54722310161539,DNE,DNE
54722310161547,DNE,DNE
54722316054456,DNE,E
54722316054464,DNE,E
54722316054472,DNE,E
54722316054480,DNE,E
54722316054498,DNE,E
54722316054506,DNE,E
54722316054514,DNE,E
54722316054522,DNE,E
54722316105381,DNE,E
54722316106553,DNE,E
54722316108385,DNE,E
54722316114656,DNE,E
54722316116768,DNE,E
54722490000000,DNE,DNE
54722490107649,DNE,DNE
54722490116368,DNE,DNE
54722490130708,DNE,DNE
54722490133793,DNE,DNE
54722495430079,DNE,DNE
54722495430145,DNE,DNE
54722495430186,DNE,DNE
54722495435342,DNE,DNE
54722495435367,DNE,DNE
54722495435409,DNE,DNE
54722495435425,DNE,DNE
54722495435466,DNE,DNE
54722560000000,DNE,DNE
54722560101857,DNE,E
54722560105783,DNE,E
54722560109751,DNE,E
54722560110940,DNE,E
54722560116517,DNE,E
54722560120659,DNE,E
54722560125708,DNE,E
54722560133819,DNE,E
54722560135863,DNE,E
54722560139105,DNE,E
54722560139212,DNE,E
54722560161554,DNE,DNE
54722560161562,DNE,DNE
54722560161570,DNE,DNE
54722560161588,DNE,DNE
54722560161596,DNE,DNE
54722560161604,DNE,DNE
54722560161612,DNE,DNE
54722560161620,DNE,DNE
54722560161638,DNE,DNE
54722560161646,DNE,DNE
54722560161653,DNE,DNE
54722560161661,DNE,DNE
54722560161679,DNE,DNE
54722560161687,DNE,DNE
54722560161695,DNE,DNE
54722560161703,DNE,DNE
54722560161711,DNE,DNE
54722560161729,DNE,DNE
54722560161737,DNE,DNE
54722560161745,DNE,DNE
54722560161752,DNE,DNE
54722565430012,DNE,DNE
54722565430046,DNE,E
54722565430053,DNE,DNE
54722565430178,DNE,DNE
54722565430202,DNE,DNE
54722565430269,DNE,DNE
54722565430368,DNE,E
54722565432828,DNE,E
54722565434527,DNE,E
54722565435839,DNE,E
54722565435870,DNE,DNE
54722566054530,DNE,E
54722566054548,DNE,E
54722566054555,DNE,E
54722566054563,DNE,E
54722566054571,DNE,DNE
54722566054589,DNE,E
54722566054597,DNE,E
54722566054605,DNE,E
54722566054613,DNE,E
54722566054621,DNE,E
54722566054639,DNE,E
54722566054647,DNE,E
54722566054654,DNE,E
54722566054662,DNE,DNE
54722566054670,DNE,E
54722566054688,DNE,E
54722566054696,DNE,DNE
54722566054704,DNE,E
54722566054712,DNE,E
54722566054720,DNE,E
54722566054738,DNE,DNE
54722566054746,DNE,E
54722566092373,DNE,E
54722566092795,DNE,E
54722566104079,DNE,DNE
54722566104756,DNE,DNE
54722566106249,DNE,E
54722566107536,DNE,E
54722566110902,DNE,E
54722566112049,DNE,E
54722566116909,DNE,E
54722640000000,DNE,DNE
54722646054753,DNE,E
54722720000000,DNE,DNE
54722800000000,DNE,DNE
54722980000000,DNE,DNE
54722986054779,DNE,DNE
54741790000000,DNE,DNE
54741795495015,DNE,DNE
54753250000000,DNE,DNE
54753250106021,DNE,E
54753250140640,DNE,DNE
54753255430210,DNE,E
54753255430277,DNE,E
54753256054076,DNE,E
54753256054084,DNE,E
54753256100275,DNE,E
54755230000000,DNE,DNE
54755230102152,DNE,DNE
54755230102574,DNE,E
54755230110692,DNE,E
54755230114348,DNE,E
54755230116590,DNE,E
54755230137968,DNE,E
54755230149708,DNE,DNE
54755230163618,DNE,DNE
54755230163626,DNE,DNE
54755230163634,DNE,DNE
54755230163642,DNE,DNE
54755230163659,DNE,DNE
54755230163667,DNE,DNE
54755230163675,DNE,DNE
54755230163683,DNE,DNE
54755230163691,DNE,DNE
54755230163709,DNE,DNE
54755230163717,DNE,DNE
54755230163725,DNE,DNE
54755230163733,DNE,DNE
54755230163741,DNE,DNE
54755230163758,DNE,DNE
54755230163766,DNE,DNE
54755230163774,DNE,DNE
54755235430038,DNE,DNE
54755235430152,DNE,DNE
54755235430228,DNE,E
54755235430251,DNE,E
54755235430350,DNE,DNE
54755235430624,DNE,E
54755235432786,DNE,E
54755235434055,DNE,DNE
54755235434113,DNE,E
54755235434931,DNE,E
54755236053888,DNE,DNE
54755236054225,DNE,E
54755236054233,DNE,E
54755236054241,DNE,E
54755236054258,DNE,E
54755236054266,DNE,E
54755236054274,DNE,E
54755236054282,DNE,E
54755236054290,DNE,E
54755236054308,DNE,E
54755236107379,DNE,E
54755236114193,DNE,E
54755310000000,DNE,DNE
54755310102186,DNE,E
54755310102707,DNE,E
54755310142372,DNE,DNE
54755315431119,DNE,E
54755315431127,DNE,DNE
54755315431184,DNE,E
54755316053961,DNE,E
54755316053979,DNE,E
54755316053987,DNE,E
54755316053995,DNE,E
54755316054001,DNE,E
54755316107650,DNE,E
54767940000000,DNE,DNE
54767940164137,DNE,DNE
54767945430129,DNE,DNE
54767945430285,DNE,E
54767945436258,DNE,E
54767945436282,DNE,E
54767946054761,DNE,E
54767946094569,DNE,E
54767946108286,DNE,E
54768360000000,DNE,DNE
54768360164178,DNE,DNE
54768360164186,DNE,DNE
54768360165043,DNE,DNE
54768365430087,DNE,E
54768365430319,DNE,E
54768365431598,DNE,E
54768365431614,DNE,E
54768366054043,DNE,E
54768366054050,DNE,E
54768366110290,DNE,E
54768366118913,DNE,DNE
55105530000000,DNE,DNE
55105530101840,DNE,DNE
55105530123208,DNE,DNE
55105530123752,DNE,DNE
55105530129346,DNE,DNE
55105530134569,E,E
55105535530035,DNE,DNE
55105535530118,E,E
55105535530142,E,E
55105535530167,DNE,DNE
55105536069447,DNE,DNE
55105539011537,DNE,DNE
55322505536784,DNE,DNE
55723060000000,DNE,DNE
55723060139279,DNE,DNE
55723066054829,E,E
55723066114532,DNE,DNE
55723140000000,DNE,DNE
55723146054837,DNE,DNE
55723146054845,DNE,DNE
55723300000000,DNE,DNE
55723480000000,DNE,DNE
55723486054860,DNE,E
55723486054878,DNE,DNE
55723486099394,DNE,DNE
55723486116487,DNE,DNE
55723486116537,DNE,DNE
55723550000000,DNE,DNE
55723556054894,DNE,E
55723556107445,DNE,DNE
55723556119317,DNE,DNE
55723630000000,DNE,DNE
55723630100099,DNE,DNE
55723636054852,DNE,E
55723636054902,DNE,E
55723636114623,DNE,DNE
55723710000000,DNE,DNE
55723710141408,DNE,DNE
55723715530183,DNE,DNE
55723716054910,E,E
55723890000000,DNE,DNE
55723895530019,DNE,E
55723895530043,DNE,E
55723895530068,DNE,DNE
55723895530134,DNE,DNE
55723895536503,DNE,E
55723895540034,DNE,DNE
55723970000000,DNE,DNE
55723970113035,DNE,DNE
55723970139683,DNE,DNE
55723976054928,DNE,E
55723976114540,DNE,DNE
55724050000000,DNE,DNE
55724056054936,DNE,E
55724056114870,DNE,DNE
55724130000000,DNE,DNE
55724130100222,DNE,DNE
55724130107607,DNE,DNE
55724130112276,E,E
55724135530027,DNE,DNE
55724135530050,DNE,E
55724135530092,DNE,E
55724135530100,DNE,E
55724135530175,DNE,E
55724135530191,DNE,E
55724135536750,DNE,E
55724210000000,DNE,DNE
55724210140053,DNE,DNE
55724216054860,DNE,DNE
55724216054878,DNE,DNE
55724216054944,DNE,DNE
55724216054951,DNE,DNE
55724216109367,DNE,DNE
55724216115018,E,E
55724216116354,DNE,DNE
55751840000000,DNE,DNE
55751840112532,DNE,DNE
55751845530076,DNE,E
55751845530084,DNE,E
55751845530126,DNE,DNE
55751845530159,DNE,DNE
55751846054837,DNE,E
56105610000000,DNE,DNE
56105610109900,E,E
56105610112417,DNE,DNE
56105610121756,DNE,DNE
56105610122713,E,E
56105610127993,DNE,DNE
56105610135780,DNE,E
56105610135798,DNE,E
56105615630017,DNE,DNE
56105615630124,DNE,DNE
56105615630165,DNE,DNE
56105615630223,DNE,E
56105615630231,DNE,DNE
56105615630397,DNE,E
56105616055974,E,E
56105616069231,DNE,E
56105616094791,DNE,DNE
56105616094809,DNE,DNE
56105616098776,DNE,DNE
56105616098784,DNE,DNE
56105616098792,DNE,DNE
56105616102644,DNE,DNE
56105616104251,DNE,DNE
56105616105803,DNE,DNE
56105616106033,DNE,DNE
56320525637780,DNE,DNE
56724470000000,DNE,DNE
56724476054969,DNE,DNE
56724476054977,DNE,DNE
56724540000000,DNE,DNE
56724540109520,E,E
56724540124750,E,E
56724540128611,DNE,DNE
56724540133652,DNE,DNE
56724540161760,DNE,DNE
56724540161778,DNE,DNE
56724540161810,DNE,DNE
56724540161828,DNE,DNE
56724540161836,DNE,DNE
56724540164772,DNE,DNE
56724545630173,E,E
56724545632021,E,E
56724546054985,E,E
56724546054993,E,E
56724546055008,E,E
56724546060321,E,E
56724620000000,DNE,DNE
56724626055016,DNE,E
56724626055024,DNE,E
56724626055032,DNE,E
56724626055040,DNE,E
56724626055057,DNE,E
56724626055065,DNE,E
56724626055073,DNE,E
56724626055081,DNE,E
56724626055099,DNE,E
56724626055107,DNE,E
56724626055115,DNE,E
56724700000000,DNE,DNE
56724700120618,DNE,DNE
56724705630363,DNE,E
56724706055123,DNE,E
56724880000000,DNE,DNE
56724886055131,DNE,DNE
56724886055149,DNE,DNE
56724960000000,DNE,DNE
56724965633250,DNE,DNE
56725040000000,DNE,DNE
56725040127043,DNE,DNE
56725040127076,DNE,DNE
56725046055156,DNE,E
56725120000000,DNE,DNE
56725120118265,DNE,DNE
56725126055164,DNE,E
56725126055172,DNE,E
56725126055180,DNE,E
56725126084891,DNE,E
56725200000000,DNE,DNE
56725200117671,DNE,DNE
56725200139626,DNE,E
56725205630157,DNE,DNE
56725205630405,DNE,E
56725205631817,DNE,E
56725205634076,DNE,E
56725206055198,DNE,E
56725206055206,DNE,E
56725206055214,DNE,DNE
56725206055222,DNE,DNE
56725206055230,DNE,DNE
56725206055248,DNE,E
56725206060339,DNE,E
56725380000000,DNE,DNE
56725380100362,DNE,E
56725380119412,DNE,E
56725386055255,DNE,DNE
56725386055263,DNE,E
56725386055271,DNE,E
56725386055289,DNE,E
56725386055297,DNE,E
56725386055305,DNE,E
56725386055313,DNE,E
56725386055321,DNE,E
56725386055339,DNE,E
56725386055347,DNE,E
56725386055354,DNE,E
56725386055362,DNE,E
56725386055370,DNE,E
56725386055388,DNE,E
56725386095905,DNE,DNE
56725386099220,DNE,DNE
56725386100333,DNE,E
56725386102487,DNE,DNE
56725386107551,DNE,E
56725386110738,DNE,E
56725386111850,DNE,E
56725386114029,DNE,E
56725460000000,DNE,DNE
56725460115105,DNE,E
56725460120634,DNE,E
56725460125674,DNE,E
56725460131698,DNE,E
56725460136804,DNE,E
56725460141838,DNE,E
56725460141929,DNE,E
56725465630041,DNE,DNE
56725465630058,DNE,DNE
56725465630066,DNE,E
56725465630207,DNE,DNE
56725465630330,DNE,DNE
56725465630355,DNE,DNE
56725465630389,DNE,E
56725465631619,DNE,E
56725465631742,DNE,E
56725465632849,DNE,E
56725465634480,DNE,DNE
56725465634548,DNE,E
56725465634761,DNE,E
56725530000000,DNE,DNE
56725530101378,DNE,E
56725530110502,DNE,E
56725530111690,DNE,DNE
56725530139592,E,E
56725530161844,DNE,DNE
56725530161851,DNE,DNE
56725536055396,DNE,E
56725536055404,DNE,E
56725536055412,DNE,E
56725536055420,DNE,DNE
56725536055438,DNE,E
56725536055446,DNE,DNE
56725536055453,DNE,DNE
56725536055461,DNE,E
56725536055479,DNE,DNE
56725536055990,DNE,E
56725536067276,DNE,DNE
56725536096820,DNE,DNE
56725536096838,DNE,E
56725536102776,DNE,DNE
56725536112171,DNE,E
56725536120117,DNE,E
56725536120620,DNE,E
56725610000000,DNE,DNE
56725610112631,DNE,E
56725610113977,DNE,E
56725610118398,DNE,DNE
56725610137018,DNE,E
56725616055487,DNE,DNE
56725616055495,DNE,E
56725616055503,DNE,E
56725616055511,DNE,E
56725616055529,DNE,E
56725616098800,DNE,DNE
56725616118061,DNE,E
56725616119242,DNE,E
56725790000000,DNE,DNE
56725796055537,DNE,DNE
56725870000000,DNE,DNE
56725876055560,DNE,DNE
56725876084909,DNE,DNE
56725876115968,DNE,DNE
56725950000000,DNE,DNE
56726030000000,DNE,DNE
56726030133264,DNE,DNE
56726035630082,DNE,DNE
56726035630249,E,E
56726035630322,E,E
56726035634993,E,E
56726035635008,E,E
56726035635933,DNE,DNE
56726035636188,E,E
56726036055628,DNE,DNE
56726036055636,E,E
56726036055644,DNE,DNE
56726036055651,E,E
56726036055669,E,E
56726036055685,E,E
56726036055693,E,E
56726036055701,E,E
56726036055719,E,E
56726036055727,E,E
56726036055735,DNE,DNE
56726036055743,E,E
56726036055750,E,E
56726036055768,E,E
56726036055776,E,E
56726036055784,DNE,DNE
56726036055792,E,E
56726036055800,E,E
56726036055818,E,E
56726036055826,DNE,DNE
56726036060347,DNE,DNE
56726036060354,E,E
56726036060362,E,E
56726036067284,DNE,DNE
56726036067292,E,E
56726036069033,DNE,DNE
56726036084917,E,E
56726036084925,E,E
56726036115653,E,E
56726036998280,DNE,DNE
56726110000000,DNE,DNE
56726110100875,DNE,DNE
56726116055834,E,E
56726450000000,DNE,DNE
56726520000000,DNE,DNE
56726520113449,DNE,DNE
56726520113456,DNE,DNE
56726520161869,DNE,DNE
56726520161877,DNE,DNE
56726520161885,DNE,DNE
56726520161893,DNE,DNE
56726520161901,DNE,DNE
56726520161919,DNE,DNE
56726520164731,DNE,DNE
56726525630181,DNE,DNE
56726525630264,DNE,DNE
56726525630272,DNE,E
56726525630280,DNE,DNE
56726525630298,DNE,E
56726525630348,DNE,E
56726525630793,DNE,E
56726525633003,DNE,DNE
56726525637814,DNE,DNE
56726525637822,DNE,E
56726526056030,DNE,E
56726526056048,DNE,DNE
56726526056055,DNE,E
56726526056063,DNE,E
56726526056071,DNE,DNE
56726526056089,DNE,E
56726526056097,DNE,E
56726526056105,DNE,E
56726526056113,DNE,E
56726526056121,DNE,E
56726526056139,DNE,DNE
56726526056147,DNE,E
56726526056154,DNE,E
56726526056162,DNE,DNE
56726526056170,DNE,E
56726526056188,DNE,E
56726526056196,DNE,DNE
56726526056204,DNE,E
56726526056212,DNE,E
56726526056220,DNE,DNE
56726526056238,DNE,E
56726526060370,DNE,E
56726526060388,DNE,E
56726526062145,DNE,E
56726526062152,DNE,E
56726526097034,DNE,E
56726526115687,DNE,E
56726526116040,DNE,E
56737590000000,DNE,DNE
56737590119149,DNE,DNE
56737590119396,DNE,E
56737590123349,DNE,E
56737590162834,DNE,DNE
56737590162842,DNE,DNE
56737595630025,DNE,DNE
56737595630090,DNE,DNE
56737595630108,DNE,E
56737595630116,DNE,E
56737595630314,DNE,DNE
56737595633748,DNE,E
56737595637004,DNE,E
56737596055842,DNE,E
56737596055859,DNE,E
56737596055867,DNE,E
56737596055875,DNE,E
56737596055883,DNE,DNE
56737596055891,DNE,E
56737596055909,DNE,E
56737596055917,DNE,E
56737596055925,DNE,E
56737596055933,DNE,E
56737596055941,DNE,E
56737596055958,DNE,DNE
56737596055966,DNE,E
56737596055982,DNE,DNE
56737596056006,DNE,DNE
56737596056014,DNE,DNE
56737596056022,DNE,E
56737596067300,DNE,E
56737596067318,DNE,DNE
56737596071286,DNE,E
56737596084933,DNE,E
56737596089213,DNE,DNE
56737596093165,DNE,E
56737596093173,DNE,E
56737596093181,DNE,E
56737596096739,DNE,DNE
56737596097133,DNE,DNE
56737596115760,DNE,E
56737596118582,DNE,E
56738740000000,DNE,DNE
56738740116335,DNE,DNE
56738745630132,DNE,E
56738745630199,DNE,E
56738745630256,DNE,E
56738745630306,DNE,DNE
56738746055677,DNE,E
56738746098255,DNE,E
56738746107528,DNE,E
56738746111496,DNE,E
56739400000000,DNE,DNE
56739400121426,E,E
56739400123380,DNE,DNE
56739400162966,DNE,DNE
56739400162974,DNE,DNE
56739400162982,DNE,DNE
56739405630215,DNE,DNE
56739405630371,E,E
56739405633250,E,E
56739406055131,E,E
56739406055149,E,E
56739406102230,E,E
56739406106439,E,E
56739406106447,E,E
56739406109847,E,E
56739406112189,E,E
56739406115430,E,E
56746170000000,DNE,DNE
56746175690011,DNE,DNE
56768280000000,DNE,DNE
56768280142190,DNE,E
56768280164145,DNE,DNE
56768280164152,DNE,DNE
56768285630140,DNE,DNE
56768285635776,E,E
56768285636170,E,E
56768286055545,E,E
56768286055552,E,E
56768286055578,E,E
56768286055586,E,E
56768286055594,E,E
56768286055602,E,E
56768286055610,E,E
57105790000000,DNE,DNE
57105790113787,DNE,E
57105790124305,DNE,DNE
57105790132464,DNE,E
57105790137422,DNE,DNE
57105790146977,DNE,DNE
57105790146985,DNE,DNE
57105790146993,DNE,DNE
57105790147009,DNE,DNE
57105790147017,DNE,DNE
57105790147025,DNE,DNE
57105790147033,DNE,DNE
57105790147041,DNE,DNE
57105795730015,DNE,DNE
57105795730064,DNE,DNE
57105795730072,DNE,DNE
57105795730106,DNE,E
57105795730130,DNE,DNE
57105795730148,DNE,DNE
57105796056550,DNE,DNE
57105796056568,DNE,DNE
57105796056576,DNE,DNE
57105796056584,DNE,DNE
57105796056592,DNE,DNE
57105796077275,DNE,E
57105796096846,DNE,DNE
57105796099683,DNE,DNE
57726780000000,DNE,DNE
57726780106674,E,E
57726780106708,DNE,DNE
57726780111401,E,E
57726780118554,DNE,DNE
57726780119578,DNE,DNE
57726780161927,DNE,DNE
57726785730023,DNE,DNE
57726785730098,E,E
57726785732201,E,E
57726785732219,E,E
57726786056246,E,E
57726786056253,E,E
57726786056261,E,E
57726786056279,E,E
57726786056287,DNE,DNE
57726786056295,E,E
57726786056303,E,E
57726786060396,E,E
57726786066245,E,E
57726786110894,E,E
57726786118905,E,E
57726860000000,DNE,DNE
57726860129726,DNE,E
57726860161935,DNE,DNE
57726865730056,DNE,E
57726865732904,DNE,E
57726866056311,DNE,E
57726866112163,DNE,DNE
57726940000000,DNE,DNE
57726940106617,DNE,DNE
57726940114710,DNE,E
57726940115329,DNE,DNE
57726940116996,DNE,E
57726940120220,DNE,DNE
57726940120238,DNE,E
57726940124875,DNE,E
57726940131706,E,E
57726940135939,DNE,E
57726940140715,DNE,E
57726940149633,DNE,DNE
57726940161943,DNE,DNE
57726940161950,DNE,DNE
57726940161968,DNE,DNE
57726940161976,DNE,DNE
57726945730031,DNE,DNE
57726945730080,DNE,DNE
57726945735154,DNE,E
57726945738265,DNE,DNE
57726945738307,DNE,DNE
57726945739552,DNE,E
57726946056329,DNE,DNE
57726946056337,DNE,DNE
57726946056345,DNE,DNE
57726946056352,DNE,E
57726946056360,DNE,DNE
57726946056378,DNE,DNE
57726946056386,DNE,DNE
57726946056394,DNE,E
57726946056402,DNE,E
57726946098339,DNE,DNE
57726946114813,DNE,DNE
57726946115463,DNE,E
57726946120745,DNE,E
57726949007808,DNE,DNE
57727020000000,DNE,DNE
57727020138974,DNE,DNE
57727020139436,DNE,E
57727020161984,DNE,DNE
57727025730049,DNE,DNE
57727025730122,DNE,DNE
57727025738505,DNE,DNE
57727026056410,DNE,DNE
57727026095368,DNE,DNE
57727026099691,DNE,DNE
57727026104780,DNE,DNE
57727026120307,DNE,DNE
57727100000000,DNE,DNE
57727100101162,DNE,E
57727100121749,DNE,E
57727100138180,DNE,E
57727100138677,DNE,DNE
57727100161992,DNE,DNE
57727100162008,DNE,DNE
57727100162016,DNE,DNE
57727100162024,DNE,DNE
57727100162032,DNE,DNE
57727100162040,DNE,DNE
57727100162057,DNE,DNE
57727105730114,DNE,DNE
57727105730155,DNE,DNE
57727105738703,DNE,DNE
57727105738802,DNE,E
57727105738810,DNE,E
57727106056444,DNE,E
57727106056451,DNE,DNE
57727106056469,DNE,E
57727106056477,DNE,E
57727106056485,DNE,E
57727106056493,DNE,DNE
57727106056501,DNE,DNE
57727106056519,DNE,E
57727106056527,DNE,E
57727106056535,DNE,DNE
57727106066252,DNE,E
57727106066260,DNE,E
57727106071278,DNE,E
57727106096671,DNE,E
57727106107163,DNE,E
57727106116479,DNE,DNE
57727106116677,DNE,E
57746250000000,DNE,DNE
57746255790019,DNE,DNE
57766950000000,DNE,DNE
57766950121806,DNE,DNE
58105870000000,DNE,DNE
58105870113274,DNE,E
58105870117242,DNE,E
58105870141440,DNE,DNE
58105875830047,DNE,E
58105875830104,DNE,DNE
58105875830112,DNE,E
58105876069249,DNE,E
58105876070924,DNE,DNE
58105876070932,DNE,DNE
58105876070940,DNE,DNE
58105876096705,DNE,DNE
58105876096713,DNE,DNE
58105876099782,DNE,DNE
58105876103121,DNE,DNE
58105876103139,DNE,DNE
58727280000000,DNE,DNE
58727286056600,DNE,DNE
58727286115935,E,E
58727360000000,DNE,DNE
58727360101865,DNE,DNE
58727360106781,DNE,DNE
58727360111120,DNE,DNE
58727360118463,DNE,DNE
58727360119362,DNE,E
58727360121632,DNE,E
58727360131599,DNE,DNE
58727360142109,DNE,E
58727360162065,DNE,DNE
58727360162073,DNE,DNE
58727360162081,DNE,DNE
58727360162099,DNE,DNE
58727360162107,DNE,DNE
58727360162115,DNE,DNE
58727360162123,DNE,DNE
58727360162131,DNE,DNE
58727360162149,DNE,DNE
58727365830013,DNE,E
58727365830021,DNE,DNE
58727365830054,DNE,E
58727365830062,DNE,DNE
58727365830088,DNE,DNE
58727365830096,DNE,E
58727365830138,DNE,E
58727365835202,DNE,E
58727365838313,DNE,DNE
58727366056618,DNE,DNE
58727366056626,DNE,E
58727366056634,DNE,E
58727366056642,DNE,DNE
58727366056659,DNE,E
58727366056667,DNE,E
58727366056675,DNE,E
58727366056683,DNE,E
58727366056691,DNE,E
58727366056709,DNE,E
58727366056717,DNE,E
58727366056725,DNE,E
58727366056733,DNE,E
58727366056741,DNE,E
58727366056758,DNE,DNE
58727366056766,DNE,DNE
58727366056774,DNE,E
58727366056782,DNE,E
58727366056790,DNE,E
58727366060651,DNE,DNE
58727366099014,DNE,E
58727366102636,DNE,DNE
58727369009200,DNE,DNE
58727369011487,DNE,DNE
58727440000000,DNE,DNE
58727440107144,DNE,DNE
58727440107375,E,E
58727440112623,E,E
58727440114652,E,E
58727446056808,DNE,DNE
58727510000000,DNE,DNE
58727510162156,DNE,DNE
58727510162164,DNE,DNE
58727516056816,E,E
58727516056824,DNE,DNE
58727516056832,E,E
58727516056840,E,E
58727516118780,DNE,DNE
58727516118801,DNE,DNE
58727516118806,E,E
58727690000000,DNE,DNE
58727690123570,DNE,E
58727690133751,DNE,E
58727695830039,DNE,DNE
58727695830070,DNE,DNE
58727695830120,DNE,DNE
58727695838305,DNE,E